process_id,section_id,so_hieu,sequence,content
695fce3297fdc5f42bd4a707,694fb816aedc69db48c709cf,31/2024/QH15,1,Nhóm đất nông nghiệp bao gồm đất lâm nghiệp.
695fce3297fdc5f42bd4a708,694fb816aedc69db48c709cf,31/2024/QH15,2,Đất lâm nghiệp gồm đất rừng đặc dụng.
695fce3297fdc5f42bd4a709,694fb816aedc69db48c709cf,31/2024/QH15,3,Đất lâm nghiệp gồm đất rừng phòng hộ.
695fce3297fdc5f42bd4a70a,694fb816aedc69db48c709cf,31/2024/QH15,4,Đất lâm nghiệp gồm đất rừng sản xuất.
695fce3297fdc5f42bd4a70e,694fb816aedc69db48c709d3,31/2024/QH15,1,Nhóm đất nông nghiệp bao gồm đất nông nghiệp khác.
695fce3297fdc5f42bd4a73c,694fb816aedc69db48c709de,31/2024/QH15,1,Nhóm đất phi nông nghiệp bao gồm đất phi nông nghiệp khác.
695fce3297fdc5f42bd4a9d9,694fb816aedc69db48c70b75,31/2024/QH15,1,Nội dung quan trắc chất lượng đất bao gồm xác định chỉ tiêu.
695fce3297fdc5f42bd4a9da,694fb816aedc69db48c70b75,31/2024/QH15,2,Nội dung quan trắc chất lượng đất bao gồm tần suất quan trắc.
695fce3297fdc5f42bd4a9db,694fb816aedc69db48c70b75,31/2024/QH15,3,Nội dung quan trắc thoái hóa đất bao gồm xác định chỉ tiêu.
695fce3297fdc5f42bd4a9dc,694fb816aedc69db48c70b75,31/2024/QH15,4,Nội dung quan trắc thoái hóa đất bao gồm tần suất quan trắc.
695fce3297fdc5f42bd4a9dd,694fb816aedc69db48c70b75,31/2024/QH15,5,Nội dung quan trắc ô nhiễm đất bao gồm xác định chỉ tiêu.
695fce3297fdc5f42bd4a9de,694fb816aedc69db48c70b75,31/2024/QH15,6,Nội dung quan trắc ô nhiễm đất bao gồm tần suất quan trắc.
695fce3297fdc5f42bd4aa4a,694fb816aedc69db48c70bd8,31/2024/QH15,1,Căn cứ lập quy hoạch sử dụng đất quốc gia bao gồm điều kiện tự nhiên.
695fce3297fdc5f42bd4aa4b,694fb816aedc69db48c70bd8,31/2024/QH15,2,Căn cứ lập quy hoạch sử dụng đất quốc gia bao gồm kinh tế.
695fce3297fdc5f42bd4aa4c,694fb816aedc69db48c70bd8,31/2024/QH15,3,Căn cứ lập quy hoạch sử dụng đất quốc gia bao gồm xã hội.
695fce3397fdc5f42bd4aa5c,694fb816aedc69db48c70be2,31/2024/QH15,1,Căn cứ lập kế hoạch sử dụng đất quốc gia bao gồm khả năng đầu tư.
695fce3397fdc5f42bd4aa5d,694fb816aedc69db48c70be2,31/2024/QH15,2,Căn cứ lập kế hoạch sử dụng đất quốc gia bao gồm huy động nguồn lực.
695fce3397fdc5f42bd4aa64,694fb816aedc69db48c70be9,31/2024/QH15,1,Căn cứ lập quy hoạch sử dụng đất cấp tỉnh bao gồm quy hoạch tỉnh.
695fce3397fdc5f42bd4aac8,694fb816aedc69db48c70c15,31/2024/QH15,1,"Tiêu chí lựa chọn các công trình, dự án ưu tiên trong kế hoạch sử dụng đất hằng năm cấp huyện bao gồm bảo đảm quốc phòng."
695fce3397fdc5f42bd4aac9,694fb816aedc69db48c70c15,31/2024/QH15,2,"Tiêu chí lựa chọn các công trình, dự án ưu tiên trong kế hoạch sử dụng đất hằng năm cấp huyện bao gồm bảo đảm an ninh."
695fce3397fdc5f42bd4aaca,694fb816aedc69db48c70c16,31/2024/QH15,1,"Tiêu chí lựa chọn các công trình, dự án ưu tiên trong kế hoạch sử dụng đất hằng năm cấp huyện bao gồm hiệu quả kinh tế."
695fce3397fdc5f42bd4aacb,694fb816aedc69db48c70c16,31/2024/QH15,2,"Tiêu chí lựa chọn các công trình, dự án ưu tiên trong kế hoạch sử dụng đất hằng năm cấp huyện bao gồm hiệu quả xã hội."
695fce3397fdc5f42bd4aacc,694fb816aedc69db48c70c16,31/2024/QH15,3,"Tiêu chí lựa chọn các công trình, dự án ưu tiên trong kế hoạch sử dụng đất hằng năm cấp huyện bao gồm hiệu quả môi trường."
695fce3397fdc5f42bd4ab34,694fb816aedc69db48c70c47,31/2024/QH15,1,Nội dung thẩm định quy hoạch sử dụng đất cấp tỉnh bao gồm hiệu quả kinh tế.
695fce3397fdc5f42bd4ab35,694fb816aedc69db48c70c47,31/2024/QH15,2,Nội dung thẩm định quy hoạch sử dụng đất cấp tỉnh bao gồm hiệu quả xã hội.
695fce3397fdc5f42bd4ab36,694fb816aedc69db48c70c47,31/2024/QH15,3,Nội dung thẩm định quy hoạch sử dụng đất cấp tỉnh bao gồm hiệu quả môi trường.
695fce3397fdc5f42bd4ab37,694fb816aedc69db48c70c47,31/2024/QH15,4,Nội dung thẩm định quy hoạch sử dụng đất cấp huyện bao gồm hiệu quả kinh tế.
695fce3397fdc5f42bd4ab38,694fb816aedc69db48c70c47,31/2024/QH15,5,Nội dung thẩm định quy hoạch sử dụng đất cấp huyện bao gồm hiệu quả xã hội.
695fce3397fdc5f42bd4ab39,694fb816aedc69db48c70c47,31/2024/QH15,6,Nội dung thẩm định quy hoạch sử dụng đất cấp huyện bao gồm hiệu quả môi trường.
695fce3397fdc5f42bd4ac55,694fb816aedc69db48c70d36,31/2024/QH15,1,Việc cưỡng chế thực hiện quyết định thu hồi đất phải bảo đảm tiến hành công khai.
695fce3397fdc5f42bd4ac56,694fb816aedc69db48c70d36,31/2024/QH15,2,Việc cưỡng chế thực hiện quyết định thu hồi đất phải bảo đảm tiến hành minh bạch.
695fce3397fdc5f42bd4ac57,694fb816aedc69db48c70d36,31/2024/QH15,3,Việc cưỡng chế thực hiện quyết định thu hồi đất phải bảo đảm tiến hành dân chủ.
695fce3397fdc5f42bd4ac58,694fb816aedc69db48c70d36,31/2024/QH15,4,Việc cưỡng chế thực hiện quyết định thu hồi đất phải bảo đảm tiến hành khách quan.
695fce3397fdc5f42bd4ac59,694fb816aedc69db48c70d36,31/2024/QH15,5,Việc cưỡng chế thực hiện quyết định thu hồi đất phải bảo đảm trật tự.
695fce3397fdc5f42bd4ac5a,694fb816aedc69db48c70d36,31/2024/QH15,6,Việc cưỡng chế thực hiện quyết định thu hồi đất phải bảo đảm an toàn.
695fce3397fdc5f42bd4ac5b,694fb816aedc69db48c70d36,31/2024/QH15,7,Việc cưỡng chế thực hiện quyết định thu hồi đất phải bảo đảm đúng quy định của pháp luật.
695fce3397fdc5f42bd4ad28,694fb816aedc69db48c70dd0,31/2024/QH15,1,Hỗ trợ khi nhà nước thu hồi đất bao gồm hỗ trợ ổn định đời sống.
695fce3397fdc5f42bd4ad29,694fb816aedc69db48c70dd1,31/2024/QH15,1,Hỗ trợ khi nhà nước thu hồi đất bao gồm hỗ trợ ổn định sản xuất.
695fce3397fdc5f42bd4ad2a,694fb816aedc69db48c70dd1,31/2024/QH15,2,Hỗ trợ khi nhà nước thu hồi đất bao gồm hỗ trợ ổn định kinh doanh.
695fce3397fdc5f42bd4ad2b,694fb816aedc69db48c70dd2,31/2024/QH15,1,Hỗ trợ khi Nhà nước thu hồi đất bao gồm hỗ trợ di dời vật nuôi.
695fce3397fdc5f42bd4ad2c,694fb816aedc69db48c70dd3,31/2024/QH15,1,Hỗ trợ khi nhà nước thu hồi đất bao gồm hỗ trợ đào tạo.
695fce3397fdc5f42bd4ad2d,694fb816aedc69db48c70dd3,31/2024/QH15,2,Hỗ trợ khi nhà nước thu hồi đất bao gồm hỗ trợ chuyển đổi nghề.
695fce3397fdc5f42bd4ad2e,694fb816aedc69db48c70dd3,31/2024/QH15,3,Hỗ trợ khi nhà nước thu hồi đất bao gồm hỗ trợ tìm kiếm việc làm.
695fce3497fdc5f42bd4ae87,694fb816aedc69db48c70ec5,31/2024/QH15,1,Hồ sơ địa chính được lập dưới dạng số.
695fce3497fdc5f42bd4ae88,694fb816aedc69db48c70ec5,31/2024/QH15,2,Hồ sơ địa chính bao gồm bản đồ địa chính.
695fce3497fdc5f42bd4ae89,694fb816aedc69db48c70ec6,31/2024/QH15,1,Hồ sơ địa chính được lập dưới dạng số.
695fce3497fdc5f42bd4ae8a,694fb816aedc69db48c70ec6,31/2024/QH15,2,Hồ sơ địa chính bao gồm sổ mục kê đất đai.
695fce3497fdc5f42bd4ae8b,694fb816aedc69db48c70ec7,31/2024/QH15,1,Hồ sơ địa chính được lập dưới dạng số.
695fce3497fdc5f42bd4ae8c,694fb816aedc69db48c70ec7,31/2024/QH15,2,Hồ sơ địa chính bao gồm sổ địa chính.
695fce3497fdc5f42bd4aeaa,694fb816aedc69db48c70ee1,31/2024/QH15,1,"Đăng ký lần đầu đối với đất đai, tài sản gắn liền với đất được thực hiện trong trường hợp thửa đất đang sử dụng mà chưa đăng ký."
695fce3497fdc5f42bd4af41,694fb816aedc69db48c70f11,31/2024/QH15,1,"Hộ gia đình, cá nhân đang sử dụng đất ổn định mà có một trong các loại giấy tờ được lập trước ngày 15 tháng 10 năm 1993 thì được cấp giấy chứng nhận quyền sử dụng đất, quyền sở hữu tài sản gắn liền với đất. Hộ gia đình, cá nhân không phải nộp tiền sử dụng đất nếu có một trong các loại giấy tờ về quyền sử dụng đất do cơ quan có thẩm quyền thuộc chế độ cũ cấp cho người sử dụng đất. Các loại giấy tờ đó gồm bằng khoán điền thổ. Các loại giấy tờ đó gồm văn tự đoạn mãi bất động sản có chứng nhận của cơ quan thuộc chế độ cũ. Các loại giấy tờ đó gồm văn tự mua bán nhà ở có chứng nhận của cơ quan thuộc chế độ cũ. Các loại giấy tờ đó gồm văn tự tặng cho nhà ở có chứng nhận của cơ quan thuộc chế độ cũ. Các loại giấy tờ đó gồm văn tự đổi nhà ở có chứng nhận của cơ quan thuộc chế độ cũ. Các loại giấy tờ đó gồm văn tự thừa kế nhà ở mà gắn liền với đất ở có chứng nhận của cơ quan thuộc chế độ cũ. Các loại giấy tờ đó gồm bản di chúc được cơ quan thuộc chế độ cũ chứng nhận. Các loại giấy tờ đó gồm giấy thỏa thuận tương phân di sản về nhà ở được cơ quan thuộc chế độ cũ chứng nhận. Các loại giấy tờ đó gồm giấy phép cho xây cất nhà ở do cơ quan thuộc chế độ cũ cấp. Các loại giấy tờ đó gồm giấy phép hợp thức hóa kiến trúc do cơ quan thuộc chế độ cũ cấp. Các loại giấy tờ đó gồm bản án của tòa án thuộc chế độ cũ đã có hiệu lực thi hành."
695fce3597fdc5f42bd4b0f5,694fb816aedc69db48c71001,31/2024/QH15,1,Việc miễn tiền sử dụng đất được thực hiện trong trường hợp sử dụng đất để thực hiện chính sách nhà ở. Việc giảm tiền sử dụng đất được thực hiện trong trường hợp sử dụng đất để thực hiện chính sách nhà ở. Việc miễn tiền thuê đất được thực hiện trong trường hợp sử dụng đất để thực hiện chính sách nhà ở. Việc miễn tiền sử dụng đất được thực hiện trong trường hợp sử dụng đất ở đối với người có công với cách mạng. Việc miễn tiền sử dụng đất được thực hiện trong trường hợp sử dụng đất ở đối với thương binh hoặc bệnh binh không có khả năng lao động. Việc miễn tiền sử dụng đất được thực hiện trong trường hợp sử dụng đất ở đối với hộ gia đình liệt sĩ không còn lao động chính. Việc miễn tiền sử dụng đất được thực hiện trong trường hợp sử dụng đất ở đối với người nghèo. Việc miễn tiền sử dụng đất được thực hiện trong trường hợp sử dụng đất để thực hiện dự án đầu tư xây dựng nhà ở xã hội. Việc miễn tiền sử dụng đất được thực hiện trong trường hợp sử dụng đất để thực hiện dự án đầu tư xây dựng nhà lưu trú công nhân trong khu công nghiệp. Việc miễn tiền sử dụng đất được thực hiện trong trường hợp sử dụng đất để thực hiện dự án đầu tư xây dựng nhà ở cho lực lượng vũ trang nhân dân. Việc miễn tiền sử dụng đất được thực hiện trong trường hợp sử dụng đất để cải tạo nhà chung cư theo quy định của pháp luật về nhà ở. Việc miễn tiền sử dụng đất được thực hiện trong trường hợp sử dụng đất để xây dựng lại nhà chung cư theo quy định của pháp luật về nhà ở. Việc miễn tiền sử dụng đất được thực hiện trong trường hợp sử dụng đất ở cho người phải di dời khi nhà nước thu hồi đất do có nguy cơ đe dọa tính mạng con người. Việc miễn tiền sử dụng đất được thực hiện trong trường hợp sử dụng đất ở cho các đối tượng quy định tại điểm a khoản 3 điều 124 của luật này đang công tác tại xã biên giới. Việc miễn tiền sử dụng đất được thực hiện trong trường hợp sử dụng đất ở cho các đối tượng quy định tại điểm b khoản 3 điều 124 của luật này đang công tác tại xã biên giới. Việc miễn tiền sử dụng đất được thực hiện trong trường hợp sử dụng đất ở cho các đối tượng quy định tại điểm a khoản 3 điều 124 của luật này đang công tác tại hải đảo. Việc miễn tiền sử dụng đất được thực hiện trong trường hợp sử dụng đất ở cho các đối tượng quy định tại điểm b khoản 3 điều 124 của luật này đang công tác tại hải đảo. Việc miễn tiền sử dụng đất được thực hiện trong trường hợp sử dụng đất ở cho các đối tượng quy định tại điểm a khoản 3 điều 124 của luật này đang công tác tại huyện đảo không có đơn vị hành chính cấp xã. Việc miễn tiền sử dụng đất được thực hiện trong trường hợp sử dụng đất ở cho các đối tượng quy định tại điểm b khoản 3 điều 124 của luật này đang công tác tại huyện đảo không có đơn vị hành chính cấp xã. Việc miễn tiền sử dụng đất được thực hiện trong trường hợp sử dụng đất ở thuộc vùng có điều kiện kinh tế - xã hội khó khăn. Việc miễn tiền sử dụng đất được thực hiện trong trường hợp sử dụng đất ở thuộc vùng có điều kiện kinh tế - xã hội đặc biệt khó khăn.
695fce3597fdc5f42bd4b117,694fb816aedc69db48c71013,31/2024/QH15,1,Việc định giá đất phải bảo đảm trung thực.
695fce3597fdc5f42bd4b118,694fb816aedc69db48c71013,31/2024/QH15,2,Việc định giá đất phải bảo đảm khách quan.
695fce3597fdc5f42bd4b119,694fb816aedc69db48c71013,31/2024/QH15,3,Việc định giá đất phải bảo đảm công khai.
695fce3597fdc5f42bd4b11a,694fb816aedc69db48c71013,31/2024/QH15,4,Việc định giá đất phải bảo đảm minh bạch.
695fce3597fdc5f42bd4b121,694fb816aedc69db48c71017,31/2024/QH15,1,Căn cứ định giá đất bao gồm mục đích sử dụng đất.
695fce3597fdc5f42bd4b122,694fb816aedc69db48c71017,31/2024/QH15,2,Mục đích sử dụng đất được đưa ra định giá.
695fce3597fdc5f42bd4b1b5,694fb816aedc69db48c7106e,31/2024/QH15,1,Hệ thống thông tin quốc gia về đất đai bao gồm hạ tầng kỹ thuật công nghệ thông tin.
695fce3597fdc5f42bd4b1b9,694fb816aedc69db48c71078,31/2024/QH15,1,Cơ sở dữ liệu quốc gia về đất đai bao gồm cơ sở dữ liệu địa chính.
695fce3697fdc5f42bd4b2cb,694fb816aedc69db48c71148,31/2024/QH15,1,Việc sử dụng đất có mặt nước ven biển phải bảo vệ hệ sinh thái.
695fce3697fdc5f42bd4b2cc,694fb816aedc69db48c71148,31/2024/QH15,2,Việc sử dụng đất có mặt nước ven biển phải bảo vệ môi trường.
695fce3697fdc5f42bd4b2cd,694fb816aedc69db48c71148,31/2024/QH15,3,Việc sử dụng đất có mặt nước ven biển phải bảo vệ cảnh quan.
695fce3697fdc5f42bd4b2f5,694fb816aedc69db48c71158,31/2024/QH15,1,"Hoạt động lấn biển mà có phần diện tích thuộc khu bảo tồn biển thì chỉ được thực hiện khi được quốc hội, thủ tướng chính phủ chấp thuận, quyết định chủ trương đầu tư."
695fce3697fdc5f42bd4b2f6,694fb816aedc69db48c71158,31/2024/QH15,2,"Hoạt động lấn biển mà có phần diện tích thuộc khu bảo vệ nguồn lợi thủy sản thì chỉ được thực hiện khi được quốc hội, thủ tướng chính phủ chấp thuận, quyết định chủ trương đầu tư."
695fce3697fdc5f42bd4b2f7,694fb816aedc69db48c71158,31/2024/QH15,3,"Hoạt động lấn biển mà có phần diện tích thuộc cảng cá thì chỉ được thực hiện khi được quốc hội, thủ tướng chính phủ chấp thuận, quyết định chủ trương đầu tư."
695fce3697fdc5f42bd4b2f8,694fb816aedc69db48c71158,31/2024/QH15,4,"Hoạt động lấn biển mà có phần diện tích thuộc khu neo đậu tránh trú bão cho tàu cá theo quy định của pháp luật về thủy sản thì chỉ được thực hiện khi được quốc hội, thủ tướng chính phủ chấp thuận, quyết định chủ trương đầu tư."
695fce3697fdc5f42bd4b2fa,694fb816aedc69db48c7115a,31/2024/QH15,1,Hoạt động lấn biển mà có phần diện tích thuộc cửa sông thì chỉ được thực hiện khi được quốc hội chấp thuận quyết định chủ trương đầu tư.
695fce3697fdc5f42bd4b2fb,694fb816aedc69db48c7115a,31/2024/QH15,2,Hoạt động lấn biển mà có phần diện tích thuộc cửa sông thì chỉ được thực hiện khi thủ tướng chính phủ chấp thuận quyết định chủ trương đầu tư.
695fce3697fdc5f42bd4b2fc,694fb816aedc69db48c7115a,31/2024/QH15,3,Hoạt động lấn biển mà có phần diện tích thuộc các khu vực đã được quy hoạch sử dụng vào mục đích quốc phòng thì chỉ được thực hiện khi được quốc hội chấp thuận quyết định chủ trương đầu tư.
695fce3697fdc5f42bd4b2fd,694fb816aedc69db48c7115a,31/2024/QH15,4,Hoạt động lấn biển mà có phần diện tích thuộc các khu vực đã được quy hoạch sử dụng vào mục đích quốc phòng thì chỉ được thực hiện khi thủ tướng chính phủ chấp thuận quyết định chủ trương đầu tư.
695fce3697fdc5f42bd4b2fe,694fb816aedc69db48c7115a,31/2024/QH15,5,Hoạt động lấn biển mà có phần diện tích thuộc các khu vực đã được quy hoạch sử dụng vào mục đích an ninh thì chỉ được thực hiện khi được quốc hội chấp thuận quyết định chủ trương đầu tư.
695fce3697fdc5f42bd4b2ff,694fb816aedc69db48c7115a,31/2024/QH15,6,Hoạt động lấn biển mà có phần diện tích thuộc các khu vực đã được quy hoạch sử dụng vào mục đích an ninh thì chỉ được thực hiện khi thủ tướng chính phủ chấp thuận quyết định chủ trương đầu tư.
695fce3697fdc5f42bd4b322,694fb816aedc69db48c71170,31/2024/QH15,1,Việc tập trung đất nông nghiệp phải bảo đảm công khai.
695fce3697fdc5f42bd4b323,694fb816aedc69db48c71170,31/2024/QH15,2,Việc tập trung đất nông nghiệp phải bảo đảm minh bạch.
695fce3697fdc5f42bd4b324,694fb816aedc69db48c71170,31/2024/QH15,3,Việc tập trung đất nông nghiệp phải bảo đảm tự nguyện.
695fce3697fdc5f42bd4b325,694fb816aedc69db48c71170,31/2024/QH15,4,Việc tập trung đất nông nghiệp phải bảo đảm dân chủ.
695fce3697fdc5f42bd4b326,694fb816aedc69db48c71170,31/2024/QH15,5,Việc tập trung đất nông nghiệp phải bảo đảm công bằng.
695fce3697fdc5f42bd4b3e9,694fb816aedc69db48c7123a,31/2024/QH15,1,Việc sử dụng đất xây dựng công trình ngầm phải bảo đảm phù hợp với quy hoạch xây dựng.
695fce3697fdc5f42bd4b3ea,694fb816aedc69db48c7123a,31/2024/QH15,2,Việc sử dụng đất xây dựng công trình ngầm phải bảo đảm phù hợp với quy hoạch đô thị.
695fce3797fdc5f42bd4b43b,694fb816aedc69db48c71255,31/2024/QH15,1,Các loại đất sau đây được sử dụng kết hợp đa mục đích.
695fce3797fdc5f42bd4b43c,694fb816aedc69db48c71255,31/2024/QH15,2,Đất sử dụng vào mục đích công cộng được kết hợp với mục đích thương mại.
695fce3797fdc5f42bd4b43d,694fb816aedc69db48c71255,31/2024/QH15,3,Đất sử dụng vào mục đích công cộng được kết hợp với mục đích dịch vụ.
695fce3797fdc5f42bd4b447,694fb816aedc69db48c71259,31/2024/QH15,1,Các loại đất sau đây được sử dụng kết hợp đa mục đích.
695fce3797fdc5f42bd4b448,694fb816aedc69db48c71259,31/2024/QH15,2,Đất tôn giáo được sử dụng kết hợp với mục đích thương mại.
695fce3797fdc5f42bd4b449,694fb816aedc69db48c71259,31/2024/QH15,3,Đất tín ngưỡng được sử dụng kết hợp với mục đích thương mại.
695fce3797fdc5f42bd4b44a,694fb816aedc69db48c71259,31/2024/QH15,4,Đất tôn giáo được sử dụng kết hợp với mục đích dịch vụ.
695fce3797fdc5f42bd4b44b,694fb816aedc69db48c71259,31/2024/QH15,5,Đất tín ngưỡng được sử dụng kết hợp với mục đích dịch vụ.
695fce3797fdc5f42bd4b45e,694fb816aedc69db48c7125e,31/2024/QH15,1,Việc sử dụng đất kết hợp đa mục đích phải không ảnh hưởng đến quốc phòng.
695fce3797fdc5f42bd4b45f,694fb816aedc69db48c7125e,31/2024/QH15,2,Việc sử dụng đất kết hợp đa mục đích phải không ảnh hưởng đến an ninh.
695fce3797fdc5f42bd4b4cc,694fb816aedc69db48c71287,31/2024/QH15,1,"Trường hợp tách thửa đất thì ngoài các nguyên tắc, điều kiện quy định tại khoản 1 điều này thì phải bảo đảm các điều kiện sau đây."
695fce3797fdc5f42bd4b4cd,694fb816aedc69db48c71287,31/2024/QH15,2,"Trường hợp phân chia quyền sử dụng đất theo bản án, quyết định của tòa án mà việc phân chia không bảo đảm các điều kiện, diện tích, kích thước tách thửa theo quy định thì không thực hiện tách thửa."
695fce3797fdc5f42bd4b4ce,694fb816aedc69db48c71289,31/2024/QH15,1,"Trường hợp hợp thửa đất thì ngoài các nguyên tắc, điều kiện quy định tại khoản 1 điều này còn phải bảo đảm các điều kiện sau đây. Việc hợp các thửa đất phải bảo đảm có cùng mục đích sử dụng đất. Việc hợp các thửa đất phải bảo đảm có cùng thời hạn sử dụng đất. Việc hợp các thửa đất phải bảo đảm có cùng hình thức trả tiền thuê đất. Trừ trường hợp hợp toàn bộ hoặc một phần thửa đất có đất ở và đất khác trong cùng thửa đất với nhau. Trừ trường hợp hợp thửa đất có đất ở và đất khác trong cùng thửa đất với thửa đất ở."
695fce3897fdc5f42bd4b5c0,694fb816aedc69db48c71339,31/2024/QH15,1,"Người có hành vi vi phạm pháp luật trong quản lý đất đai khi thi hành công vụ bị xử lý tùy theo tính chất và mức độ vi phạm. Người có hành vi vi phạm pháp luật trong quản lý đất đai khi thi hành công vụ bị xử lý kỷ luật hoặc bị truy cứu trách nhiệm hình sự theo quy định của pháp luật. Người có hành vi vi phạm pháp luật trong quản lý đất đai khi thi hành công vụ vi phạm các hành vi lợi dụng hoặc lạm dụng chức vụ và quyền hạn làm trái với quy định của pháp luật trong công tác quy hoạch và kế hoạch sử dụng đất. Người có hành vi vi phạm pháp luật trong quản lý đất đai khi thi hành công vụ vi phạm trong giao đất, cho thuê đất, chuyển mục đích sử dụng đất, thu hồi đất. Người có hành vi vi phạm pháp luật trong quản lý đất đai khi thi hành công vụ vi phạm trong trưng dụng đất, bồi thường, hỗ trợ và tái định cư. Người có hành vi vi phạm pháp luật trong quản lý đất đai khi thi hành công vụ vi phạm trong xác định nghĩa vụ tài chính về đất đai. Người có hành vi vi phạm pháp luật trong quản lý đất đai khi thi hành công vụ vi phạm trong quản lý hồ sơ địa chính, đăng ký và cấp giấy chứng nhận quyền sử dụng đất. Người có hành vi vi phạm pháp luật trong quản lý đất đai khi thi hành công vụ vi phạm trong cấp giấy chứng nhận quyền sở hữu nhà ở và quyền sử dụng đất ở. Người có hành vi vi phạm pháp luật trong quản lý đất đai khi thi hành công vụ vi phạm trong cấp giấy chứng nhận quyền sở hữu nhà ở. Người có hành vi vi phạm pháp luật trong quản lý đất đai khi thi hành công vụ vi phạm trong cấp giấy chứng nhận quyền sở hữu công trình xây dựng. Người có hành vi vi phạm pháp luật trong quản lý đất đai khi thi hành công vụ vi phạm trong cấp giấy chứng nhận quyền sử dụng đất, quyền sở hữu nhà ở và tài sản gắn liền với đất. Người có hành vi vi phạm pháp luật trong quản lý đất đai khi thi hành công vụ vi phạm trong cấp giấy chứng nhận quyền sử dụng đất, quyền sở hữu tài sản gắn liền với đất. Người có hành vi vi phạm pháp luật trong quản lý đất đai khi thi hành công vụ vi phạm trong ra quyết định hành chính trong quản lý đất đai."
695fce3897fdc5f42bd4b6a6,694fb816aedc69db48c71484,91/2015/QH13,1,Người được giám hộ là người mất năng lực hành vi dân sự.
695fce3897fdc5f42bd4b6c8,694fb816aedc69db48c714d0,91/2015/QH13,1,Việc giám hộ chấm dứt trong trường hợp người được giám hộ chết.
695fce3997fdc5f42bd4b729,694fb816aedc69db48c71592,91/2015/QH13,1,Bất động sản bao gồm đất đai.
695fce3997fdc5f42bd4b730,694fb816aedc69db48c7159a,91/2015/QH13,1,Tài sản hình thành trong tương lai bao gồm tài sản chưa hình thành.
695fce3997fdc5f42bd4b762,694fb816aedc69db48c7160a,91/2015/QH13,1,Đại diện theo ủy quyền chấm dứt trong trường hợp thời hạn ủy quyền đã hết.
695fce3997fdc5f42bd4b763,694fb816aedc69db48c7160b,91/2015/QH13,1,Đại diện theo ủy quyền chấm dứt trong trường hợp công việc được ủy quyền đã hoàn thành.
695fce3997fdc5f42bd4b792,694fb816aedc69db48c7163a,91/2015/QH13,1,Trường hợp các bên có thỏa thuận về thời hạn là một năm thì thời hạn đó được tính như quy định.
695fce3997fdc5f42bd4b793,694fb816aedc69db48c7163a,91/2015/QH13,2,Trường hợp các bên có thỏa thuận về thời hạn là nửa năm thì thời hạn đó được tính như quy định.
695fce3997fdc5f42bd4b794,694fb816aedc69db48c7163a,91/2015/QH13,3,Trường hợp các bên có thỏa thuận về thời hạn là một tháng thì thời hạn đó được tính như ba mươi ngày.
695fce3997fdc5f42bd4b795,694fb816aedc69db48c7163a,91/2015/QH13,4,Trường hợp các bên có thỏa thuận về thời hạn là nửa tháng thì thời hạn đó được tính như quy định.
695fce3997fdc5f42bd4b796,694fb816aedc69db48c7163a,91/2015/QH13,5,Trường hợp các bên có thỏa thuận về thời hạn là một tuần thì thời hạn đó được tính như quy định.
695fce3997fdc5f42bd4b797,694fb816aedc69db48c7163a,91/2015/QH13,6,Trường hợp các bên có thỏa thuận về thời hạn là một ngày thì thời hạn đó được tính như quy định.
695fce3997fdc5f42bd4b798,694fb816aedc69db48c7163a,91/2015/QH13,7,Trường hợp các bên có thỏa thuận về thời hạn là một giờ thì thời hạn đó được tính như quy định.
695fce3997fdc5f42bd4b799,694fb816aedc69db48c7163a,91/2015/QH13,8,Trường hợp các bên có thỏa thuận về thời hạn là một phút thì thời hạn đó được tính như quy định.
695fce3997fdc5f42bd4b79a,694fb816aedc69db48c7163a,91/2015/QH13,9,Khoảng thời gian diễn ra không liền nhau thì thời hạn đó được tính như quy định.
695fce3997fdc5f42bd4b79b,694fb816aedc69db48c7163b,91/2015/QH13,1,Trường hợp các bên có thỏa thuận về thời hạn là một năm thì thời hạn đó được tính như quy định.
695fce3997fdc5f42bd4b79c,694fb816aedc69db48c7163b,91/2015/QH13,2,Trường hợp các bên có thỏa thuận về thời hạn là nửa năm thì thời hạn đó được tính như quy định.
695fce3997fdc5f42bd4b79d,694fb816aedc69db48c7163b,91/2015/QH13,3,Trường hợp các bên có thỏa thuận về thời hạn là một tháng thì thời hạn đó được tính như quy định.
695fce3997fdc5f42bd4b79e,694fb816aedc69db48c7163b,91/2015/QH13,4,Trường hợp các bên có thỏa thuận về thời hạn là nửa tháng thì thời hạn đó được tính là mười lăm ngày.
695fce3997fdc5f42bd4b79f,694fb816aedc69db48c7163b,91/2015/QH13,5,Trường hợp các bên có thỏa thuận về thời hạn là một tuần thì thời hạn đó được tính như quy định.
695fce3997fdc5f42bd4b7a0,694fb816aedc69db48c7163b,91/2015/QH13,6,Trường hợp các bên có thỏa thuận về thời hạn là một ngày thì thời hạn đó được tính như quy định.
695fce3997fdc5f42bd4b7a1,694fb816aedc69db48c7163b,91/2015/QH13,7,Trường hợp các bên có thỏa thuận về thời hạn là một giờ thì thời hạn đó được tính như quy định.
695fce3997fdc5f42bd4b7a2,694fb816aedc69db48c7163b,91/2015/QH13,8,Trường hợp các bên có thỏa thuận về thời hạn là một phút thì thời hạn đó được tính như quy định.
695fce3997fdc5f42bd4b7a7,694fb816aedc69db48c7163d,91/2015/QH13,1,"Trường hợp các bên có thỏa thuận về thời hạn là một năm, nửa năm, một tháng, nửa tháng, một tuần, một ngày, một giờ, một phút thì thời hạn đó được tính như sau."
695fce3997fdc5f42bd4b7a8,694fb816aedc69db48c7163d,91/2015/QH13,2,Nếu khoảng thời gian diễn ra không liền nhau thì thời hạn đó được tính như sau.
695fce3997fdc5f42bd4b7a9,694fb816aedc69db48c7163d,91/2015/QH13,3,Một ngày được tính là hai mươi tư giờ.
695fce3997fdc5f42bd4b7af,694fb816aedc69db48c71642,91/2015/QH13,1,Trường hợp các bên thỏa thuận về thời điểm đầu tháng thì thời điểm đó được quy định như sau.
695fce3997fdc5f42bd4b7b0,694fb816aedc69db48c71642,91/2015/QH13,2,Trường hợp các bên thỏa thuận về thời điểm giữa tháng thì thời điểm đó được quy định như sau.
695fce3997fdc5f42bd4b7b1,694fb816aedc69db48c71642,91/2015/QH13,3,Trường hợp các bên thỏa thuận về thời điểm cuối tháng thì thời điểm đó được quy định như sau.
695fce3997fdc5f42bd4b7b2,694fb816aedc69db48c71642,91/2015/QH13,4,Thời điểm giữa tháng là ngày thứ mười lăm của tháng.
695fce3997fdc5f42bd4b7b3,694fb816aedc69db48c71643,91/2015/QH13,1,Trường hợp các bên thỏa thuận về thời điểm đầu tháng thì thời điểm đó được quy định như sau.
695fce3997fdc5f42bd4b7b4,694fb816aedc69db48c71643,91/2015/QH13,2,Trường hợp các bên thỏa thuận về thời điểm giữa tháng thì thời điểm đó được quy định như sau.
695fce3997fdc5f42bd4b7b5,694fb816aedc69db48c71643,91/2015/QH13,3,Trường hợp các bên thỏa thuận về thời điểm cuối tháng thì thời điểm đó được quy định như sau.
695fce3997fdc5f42bd4b7b6,694fb816aedc69db48c71643,91/2015/QH13,4,Cuối tháng là ngày cuối cùng của tháng.
695fce3997fdc5f42bd4b7b7,694fb816aedc69db48c71645,91/2015/QH13,1,Trường hợp các bên thỏa thuận về thời điểm đầu năm thì thời điểm đầu năm là ngày đầu tiên của tháng một.
695fce3997fdc5f42bd4b7b8,694fb816aedc69db48c71646,91/2015/QH13,1,"Trường hợp các bên thỏa thuận về thời điểm đầu năm, thời điểm đó được quy định như sau."
695fce3997fdc5f42bd4b7b9,694fb816aedc69db48c71646,91/2015/QH13,2,"Trường hợp các bên thỏa thuận về thời điểm giữa năm, thời điểm đó được quy định như sau."
695fce3997fdc5f42bd4b7ba,694fb816aedc69db48c71646,91/2015/QH13,3,Thời điểm giữa năm là ngày cuối cùng của tháng sáu.
695fce3997fdc5f42bd4b7d7,694fb816aedc69db48c71680,91/2015/QH13,1,Quyền khác đối với tài sản bao gồm quyền bề mặt.
695fce3997fdc5f42bd4b815,694fb816aedc69db48c71841,91/2015/QH13,1,Khi một tài sản được dùng để bảo đảm thực hiện nhiều nghĩa vụ thì thứ tự ưu tiên thanh toán giữa các bên cùng nhận bảo đảm được xác định.
695fce3997fdc5f42bd4b816,694fb816aedc69db48c71841,91/2015/QH13,2,Trường hợp có biện pháp bảo đảm phát sinh hiệu lực đối kháng với người thứ ba thì nghĩa vụ có biện pháp bảo đảm phát sinh hiệu lực đối kháng với người thứ ba được thanh toán trước.
695fce3997fdc5f42bd4b817,694fb816aedc69db48c71841,91/2015/QH13,3,Trường hợp có biện pháp bảo đảm không phát sinh hiệu lực đối kháng với người thứ ba thì nghĩa vụ có biện pháp bảo đảm không phát sinh hiệu lực đối kháng với người thứ ba được thanh toán sau.
695fce3997fdc5f42bd4b82f,694fb816aedc69db48c71947,91/2015/QH13,1,Thời điểm đề nghị giao kết hợp đồng có hiệu lực được xác định.
695fce3997fdc5f42bd4b830,694fb816aedc69db48c71947,91/2015/QH13,2,Thời điểm đó do bên đề nghị ấn định.
695fce3a97fdc5f42bd4b934,694fb816aedc69db48c71ce5,91/2015/QH13,1,Thừa kế theo pháp luật được áp dụng trong trường hợp di chúc không hợp pháp.
695fce3a97fdc5f42bd4b9d0,694fb817aedc69db48c71dee,59/2020/QH14,1,Doanh nghiệp phải lưu giữ sổ kế toán.
695fce3a97fdc5f42bd4b9d1,694fb817aedc69db48c71dee,59/2020/QH14,2,Doanh nghiệp phải lưu giữ chứng từ kế toán.
695fce3a97fdc5f42bd4b9d2,694fb817aedc69db48c71dee,59/2020/QH14,3,Doanh nghiệp phải lưu giữ báo cáo tài chính hằng năm.
695fce3d97fdc5f42bd4bca9,694fb817aedc69db48c71fcc,59/2020/QH14,1,"Hợp đồng, giao dịch giữa công ty với thành viên phải được hội đồng thành viên chấp thuận."
695fce3d97fdc5f42bd4bcaa,694fb817aedc69db48c71fcc,59/2020/QH14,2,"Hợp đồng, giao dịch giữa công ty với người đại diện theo ủy quyền của thành viên phải được hội đồng thành viên chấp thuận."
695fce3d97fdc5f42bd4bcab,694fb817aedc69db48c71fcc,59/2020/QH14,3,"Hợp đồng, giao dịch giữa công ty với giám đốc hoặc tổng giám đốc phải được hội đồng thành viên chấp thuận."
695fce3d97fdc5f42bd4bcac,694fb817aedc69db48c71fcc,59/2020/QH14,4,"Hợp đồng, giao dịch giữa công ty với người đại diện theo pháp luật của công ty phải được hội đồng thành viên chấp thuận."
695fce3d97fdc5f42bd4bcad,694fb817aedc69db48c71fcd,59/2020/QH14,1,"Hợp đồng, giao dịch giữa công ty với người có liên quan của người quy định tại điểm a khoản này phải được hội đồng thành viên chấp thuận."
695fce3d97fdc5f42bd4bcae,694fb817aedc69db48c71fce,59/2020/QH14,1,"Hợp đồng, giao dịch giữa công ty với người quản lý công ty mẹ phải được hội đồng thành viên chấp thuận."
695fce3d97fdc5f42bd4bcaf,694fb817aedc69db48c71fce,59/2020/QH14,2,"Hợp đồng, giao dịch giữa công ty với người có thẩm quyền bổ nhiệm người quản lý công ty mẹ phải được hội đồng thành viên chấp thuận."
695fce3d97fdc5f42bd4bcb0,694fb817aedc69db48c71fcf,59/2020/QH14,1,"Hợp đồng, giao dịch giữa công ty với người có liên quan của người quy định tại điểm c khoản này phải được hội đồng thành viên chấp thuận."
695fce3f97fdc5f42bd4bf3b,694fb817aedc69db48c72182,29/2023/QH15,1,Dự án bất động sản chuyển nhượng phải có các điều kiện.
695fce3f97fdc5f42bd4bf3c,694fb817aedc69db48c72182,29/2023/QH15,2,Dự án bất động sản còn trong thời hạn thực hiện.
695fce3f97fdc5f42bd4bf5f,694fb817aedc69db48c72195,29/2023/QH15,1,Thủ tục chuyển nhượng toàn bộ hoặc một phần dự án bất động sản thuộc thẩm quyền quyết định cho phép chuyển nhượng của ủy ban nhân dân cấp tỉnh quy định tại khoản 2 điều 41 của luật này như sau.
695fce3f97fdc5f42bd4bf60,694fb817aedc69db48c72195,29/2023/QH15,2,"Sau khi có quyết định cho phép chuyển nhượng của ủy ban nhân dân cấp tỉnh, bên chuyển nhượng dự án phải ký kết hợp đồng chuyển nhượng."
695fce3f97fdc5f42bd4bf61,694fb817aedc69db48c72195,29/2023/QH15,3,"Sau khi có quyết định cho phép chuyển nhượng của ủy ban nhân dân cấp tỉnh, bên nhận chuyển nhượng dự án phải ký kết hợp đồng chuyển nhượng."
695fce3f97fdc5f42bd4bf62,694fb817aedc69db48c72195,29/2023/QH15,4,Bên chuyển nhượng dự án phải bàn giao dự án.
695fce3f97fdc5f42bd4bf63,694fb817aedc69db48c72195,29/2023/QH15,5,Bên nhận chuyển nhượng dự án phải bàn giao dự án.
695fce4097fdc5f42bd4bfda,694fb817aedc69db48c721cb,29/2023/QH15,1,Hợp đồng mua bán nhà ở phải có nội dung bảo hành.
695fce4097fdc5f42bd4bfdb,694fb817aedc69db48c721cb,29/2023/QH15,2,Hợp đồng thuê nhà ở phải có nội dung bảo hành.
695fce4097fdc5f42bd4bfdc,694fb817aedc69db48c721cb,29/2023/QH15,3,Hợp đồng thuê mua nhà ở phải có nội dung bảo hành.
695fce4097fdc5f42bd4bfdd,694fb817aedc69db48c721cb,29/2023/QH15,4,Hợp đồng mua bán công trình xây dựng phải có nội dung bảo hành.
695fce4097fdc5f42bd4bfde,694fb817aedc69db48c721cb,29/2023/QH15,5,Hợp đồng thuê công trình xây dựng phải có nội dung bảo hành.
695fce4097fdc5f42bd4bfdf,694fb817aedc69db48c721cb,29/2023/QH15,6,Hợp đồng thuê mua công trình xây dựng phải có nội dung bảo hành.
695fce4097fdc5f42bd4bff8,694fb817aedc69db48c721d1,29/2023/QH15,1,Hợp đồng mua bán nhà ở phải có thời điểm có hiệu lực của hợp đồng.
695fce4097fdc5f42bd4bff9,694fb817aedc69db48c721d1,29/2023/QH15,2,Hợp đồng thuê nhà ở phải có thời điểm có hiệu lực của hợp đồng.
695fce4097fdc5f42bd4bffa,694fb817aedc69db48c721d1,29/2023/QH15,3,Hợp đồng thuê mua nhà ở phải có thời điểm có hiệu lực của hợp đồng.
695fce4097fdc5f42bd4bffb,694fb817aedc69db48c721d1,29/2023/QH15,4,Hợp đồng mua bán công trình xây dựng phải có thời điểm có hiệu lực của hợp đồng.
695fce4097fdc5f42bd4bffc,694fb817aedc69db48c721d1,29/2023/QH15,5,Hợp đồng thuê công trình xây dựng phải có thời điểm có hiệu lực của hợp đồng.
695fce4097fdc5f42bd4bffd,694fb817aedc69db48c721d1,29/2023/QH15,6,Hợp đồng thuê mua công trình xây dựng phải có thời điểm có hiệu lực của hợp đồng.
695fce4097fdc5f42bd4c00f,694fb817aedc69db48c721d6,29/2023/QH15,1,Hợp đồng chuyển nhượng quyền sử dụng đất đã có hạ tầng kỹ thuật trong dự án bất động sản phải có phương thức thanh toán.
695fce4097fdc5f42bd4c010,694fb817aedc69db48c721d6,29/2023/QH15,2,Hợp đồng chuyển nhượng quyền sử dụng đất đã có hạ tầng kỹ thuật trong dự án bất động sản phải có thời hạn thanh toán.
695fce4097fdc5f42bd4c011,694fb817aedc69db48c721d6,29/2023/QH15,3,Hợp đồng cho thuê quyền sử dụng đất đã có hạ tầng kỹ thuật trong dự án bất động sản phải có phương thức thanh toán.
695fce4097fdc5f42bd4c012,694fb817aedc69db48c721d6,29/2023/QH15,4,Hợp đồng cho thuê quyền sử dụng đất đã có hạ tầng kỹ thuật trong dự án bất động sản phải có thời hạn thanh toán.
695fce4097fdc5f42bd4c01d,694fb817aedc69db48c721db,29/2023/QH15,1,Hợp đồng chuyển nhượng quyền sử dụng đất đã có hạ tầng kỹ thuật trong dự án bất động sản phải có các nội dung chính.
695fce4097fdc5f42bd4c01e,694fb817aedc69db48c721db,29/2023/QH15,2,Hợp đồng cho thuê quyền sử dụng đất đã có hạ tầng kỹ thuật trong dự án bất động sản phải có các nội dung chính.
695fce4097fdc5f42bd4c01f,694fb817aedc69db48c721db,29/2023/QH15,3,"Các nội dung chính của hợp đồng chuyển nhượng, cho thuê quyền sử dụng đất đã có hạ tầng kỹ thuật trong dự án bất động sản bao gồm phạt vi phạm hợp đồng."
695fce4097fdc5f42bd4c027,694fb817aedc69db48c721df,29/2023/QH15,1,Hợp đồng chuyển nhượng quyền sử dụng đất đã có hạ tầng kỹ thuật trong dự án bất động sản phải có thời điểm có hiệu lực của hợp đồng.
695fce4097fdc5f42bd4c028,694fb817aedc69db48c721df,29/2023/QH15,2,Hợp đồng cho thuê quyền sử dụng đất đã có hạ tầng kỹ thuật trong dự án bất động sản phải có thời điểm có hiệu lực của hợp đồng.
695fce4097fdc5f42bd4c030,694fb817aedc69db48c721e5,29/2023/QH15,1,Hợp đồng chuyển nhượng toàn bộ dự án bất động sản phải có phương thức thanh toán.
695fce4097fdc5f42bd4c031,694fb817aedc69db48c721e5,29/2023/QH15,2,Hợp đồng chuyển nhượng toàn bộ dự án bất động sản phải có thời hạn thanh toán.
695fce4097fdc5f42bd4c032,694fb817aedc69db48c721e5,29/2023/QH15,3,Hợp đồng chuyển nhượng một phần dự án bất động sản phải có phương thức thanh toán.
695fce4097fdc5f42bd4c033,694fb817aedc69db48c721e5,29/2023/QH15,4,Hợp đồng chuyển nhượng một phần dự án bất động sản phải có thời hạn thanh toán.
695fce4097fdc5f42bd4c040,694fb817aedc69db48c721ed,29/2023/QH15,1,Hợp đồng chuyển nhượng toàn bộ hoặc một phần dự án bất động sản phải có thời điểm có hiệu lực của hợp đồng.
695fce4097fdc5f42bd4c045,694fb817aedc69db48c721f1,29/2023/QH15,1,Hợp đồng kinh doanh dịch vụ bất động sản phải có yêu cầu dịch vụ.
695fce4097fdc5f42bd4c046,694fb817aedc69db48c721f1,29/2023/QH15,2,Hợp đồng kinh doanh dịch vụ bất động sản phải có kết quả dịch vụ.
695fce4097fdc5f42bd4c050,694fb817aedc69db48c721f7,29/2023/QH15,1,Hợp đồng kinh doanh dịch vụ bất động sản phải có thời điểm có hiệu lực của hợp đồng.
695fce4097fdc5f42bd4c0bf,694fb817aedc69db48c7227f,29/2023/QH15,1,Nguyên tắc kinh doanh dịch vụ tư vấn và dịch vụ quản lý bất động sản được quy định như sau.
695fce4097fdc5f42bd4c0c0,694fb817aedc69db48c7227f,29/2023/QH15,2,Bất động sản được quản lý phải là bất động sản hợp pháp.
695fce4097fdc5f42bd4c0c3,694fb817aedc69db48c72282,29/2023/QH15,1,Phạm vi kinh doanh dịch vụ tư vấn bất động sản bao gồm tư vấn về tài chính bất động sản.
695fce4097fdc5f42bd4c0c4,694fb817aedc69db48c72283,29/2023/QH15,1,Phạm vi kinh doanh dịch vụ tư vấn bất động sản bao gồm tư vấn về giá bất động sản.
695fce4097fdc5f42bd4c0cc,694fb817aedc69db48c72288,29/2023/QH15,1,Phạm vi kinh doanh dịch vụ quản lý bất động sản bao gồm tổ chức thực hiện việc bảo trì bất động sản.
695fce4097fdc5f42bd4c0cd,694fb817aedc69db48c72288,29/2023/QH15,2,Phạm vi kinh doanh dịch vụ quản lý bất động sản bao gồm tổ chức thực hiện việc sửa chữa bất động sản.
695fce4197fdc5f42bd4c0f0,694fb817aedc69db48c722a7,29/2023/QH15,1,Hệ thống thông tin về nhà ở và thị trường bất động sản gồm hạ tầng kỹ thuật công nghệ thông tin.
695fce4497fdc5f42bd4c456,694fb817aedc69db48c72410,21/2017/QH14,1,Lập quy hoạch là tổ chức lập quy hoạch.
695fce4597fdc5f42bd4c52c,694fb817aedc69db48c72487,21/2017/QH14,1,Quy hoạch tổng thể quốc gia bao gồm dự báo xu thế phát triển.
695fce4597fdc5f42bd4c52d,694fb817aedc69db48c72487,21/2017/QH14,2,Quy hoạch tổng thể quốc gia bao gồm các kịch bản phát triển.
695fce4597fdc5f42bd4c52f,694fb817aedc69db48c72489,21/2017/QH14,1,Quy hoạch tổng thể quốc gia bao gồm định hướng phát triển không gian biển.
695fce4597fdc5f42bd4c539,694fb817aedc69db48c72490,21/2017/QH14,1,Quy hoạch tổng thể quốc gia bao gồm định hướng sử dụng tài nguyên.
695fce4597fdc5f42bd4c53a,694fb817aedc69db48c72490,21/2017/QH14,2,Quy hoạch tổng thể quốc gia bao gồm bảo vệ môi trường.
695fce4597fdc5f42bd4c53b,694fb817aedc69db48c72490,21/2017/QH14,3,Quy hoạch tổng thể quốc gia bao gồm phòng chống thiên tai.
695fce4597fdc5f42bd4c53c,694fb817aedc69db48c72490,21/2017/QH14,4,Quy hoạch tổng thể quốc gia bao gồm ứng phó với biến đổi khí hậu.
695fce4697fdc5f42bd4c5e0,694fb817aedc69db48c724d7,21/2017/QH14,1,Quy hoạch vùng bao gồm danh mục dự án.
695fce4697fdc5f42bd4c5e1,694fb817aedc69db48c724d7,21/2017/QH14,2,Quy hoạch vùng bao gồm thứ tự ưu tiên thực hiện.
695fce4697fdc5f42bd4c5ef,694fb817aedc69db48c724e0,21/2017/QH14,1,"Quy hoạch tỉnh bao gồm phương án quy hoạch hệ thống đô thị. Phương án quy hoạch hệ thống đô thị bao gồm đô thị cấp quốc gia. Đô thị cấp quốc gia đã được xác định trong quy hoạch vùng trên địa bàn. Phương án quy hoạch hệ thống đô thị bao gồm đô thị cấp vùng. Đô thị cấp vùng đã được xác định trong quy hoạch vùng trên địa bàn. Quy hoạch tỉnh bao gồm phương án phát triển đô thị tỉnh lỵ và các thành phố trên địa bàn. Quy hoạch tỉnh bao gồm phương án phát triển thị xã và thị trấn trên địa bàn. Quy hoạch tỉnh bao gồm phương án phát triển hệ thống khu kinh tế. Quy hoạch tỉnh bao gồm phương án phát triển khu công nghiệp. Quy hoạch tỉnh bao gồm phương án phát triển khu chế xuất. Quy hoạch tỉnh bao gồm phương án phát triển khu công nghệ cao. Quy hoạch tỉnh bao gồm phương án phát triển khu du lịch. Quy hoạch tỉnh bao gồm phương án phát triển khu nghiên cứu và đào tạo. Quy hoạch tỉnh bao gồm phương án phát triển khu thể dục thể thao. Quy hoạch tỉnh bao gồm phương án phát triển khu bảo tồn. Quy hoạch tỉnh bao gồm phương án phát triển khu vực cần được bảo quản, tu bổ và phục hồi di tích lịch sử - văn hóa. Quy hoạch tỉnh bao gồm phương án phát triển danh lam thắng cảnh. Quy hoạch tỉnh bao gồm phương án phát triển đối tượng đã được kiểm kê di tích. Các đối tượng đã được kiểm kê di tích đã được xác định trong quy hoạch cấp quốc gia. Các đối tượng đã được kiểm kê di tích đã được xác định trong quy hoạch vùng trên địa bàn. Quy hoạch tỉnh bao gồm phương án phát triển các cụm công nghiệp. Quy hoạch tỉnh bao gồm phương án tổ chức lãnh thổ khu vực nông thôn. Quy hoạch tỉnh bao gồm phương án phát triển các vùng sản xuất nông nghiệp tập trung. Quy hoạch tỉnh bao gồm phương án phân bố hệ thống điểm dân cư. Quy hoạch tỉnh bao gồm phương án xác định khu quân sự và an ninh. Quy hoạch tỉnh bao gồm phương án phát triển những khu vực khó khăn. Quy hoạch tỉnh bao gồm phương án phát triển những khu vực đặc biệt khó khăn. Quy hoạch tỉnh bao gồm phương án phát triển những khu vực có vai trò động lực."
695fce4697fdc5f42bd4c611,694fb817aedc69db48c724fb,21/2017/QH14,1,Hồ sơ trình thẩm định quy hoạch gồm các tài liệu chủ yếu.
695fce4697fdc5f42bd4c612,694fb817aedc69db48c724fb,21/2017/QH14,2,Các tài liệu chủ yếu đó gồm báo cáo quy hoạch.
695fce4797fdc5f42bd4c647,694fb817aedc69db48c72549,21/2017/QH14,1,Hồ sơ quy hoạch được lưu trữ bao gồm tài liệu khác.
695fce4797fdc5f42bd4c648,694fb817aedc69db48c72549,21/2017/QH14,2,Tài liệu khác được lưu trữ nếu có.
695fce4797fdc5f42bd4c64f,694fb817aedc69db48c72568,21/2017/QH14,1,Trách nhiệm đánh giá thực hiện quy hoạch được quy định như sau.
695fce4797fdc5f42bd4c650,694fb817aedc69db48c72568,21/2017/QH14,2,Bộ Kế hoạch và Đầu tư đánh giá thực hiện quy hoạch tổng thể quốc gia.
695fce4797fdc5f42bd4c651,694fb817aedc69db48c72568,21/2017/QH14,3,Bộ Kế hoạch và Đầu tư đánh giá thực hiện quy hoạch vùng.
695fce4797fdc5f42bd4c658,694fb817aedc69db48c7256b,21/2017/QH14,1,Trách nhiệm đánh giá thực hiện quy hoạch được quy định như sau.
695fce4797fdc5f42bd4c659,694fb817aedc69db48c7256b,21/2017/QH14,2,Ủy ban nhân dân cấp tỉnh đánh giá thực hiện quy hoạch tỉnh.
695fce4897fdc5f42bd4c71a,694fb818aedc69db48c72611,61/2020/QH14,1,Cấm các hoạt động đầu tư kinh doanh mua người.
695fce4897fdc5f42bd4c71b,694fb818aedc69db48c72611,61/2020/QH14,2,Cấm các hoạt động đầu tư kinh doanh bán người.
695fce4897fdc5f42bd4c71c,694fb818aedc69db48c72611,61/2020/QH14,3,Cấm các hoạt động đầu tư kinh doanh mua mô người.
695fce4897fdc5f42bd4c71d,694fb818aedc69db48c72611,61/2020/QH14,4,Cấm các hoạt động đầu tư kinh doanh bán mô người.
695fce4897fdc5f42bd4c71e,694fb818aedc69db48c72611,61/2020/QH14,5,Cấm các hoạt động đầu tư kinh doanh mua xác người.
695fce4897fdc5f42bd4c71f,694fb818aedc69db48c72611,61/2020/QH14,6,Cấm các hoạt động đầu tư kinh doanh bán xác người.
695fce4897fdc5f42bd4c720,694fb818aedc69db48c72611,61/2020/QH14,7,Cấm các hoạt động đầu tư kinh doanh mua bộ phận cơ thể người.
695fce4897fdc5f42bd4c721,694fb818aedc69db48c72611,61/2020/QH14,8,Cấm các hoạt động đầu tư kinh doanh bán bộ phận cơ thể người.
695fce4897fdc5f42bd4c722,694fb818aedc69db48c72611,61/2020/QH14,9,Cấm các hoạt động đầu tư kinh doanh mua bào thai người.
695fce4897fdc5f42bd4c723,694fb818aedc69db48c72611,61/2020/QH14,10,Cấm các hoạt động đầu tư kinh doanh bán bào thai người.
695fce4897fdc5f42bd4c736,694fb818aedc69db48c72623,61/2020/QH14,1,Điều kiện đầu tư kinh doanh được áp dụng theo hình thức giấy phép.
695fce4897fdc5f42bd4c738,694fb818aedc69db48c72625,61/2020/QH14,1,Điều kiện đầu tư kinh doanh được áp dụng theo hình thức chứng chỉ.
695fce4897fdc5f42bd4c766,694fb818aedc69db48c7265a,61/2020/QH14,1,Tranh chấp giữa các nhà đầu tư trong đó có ít nhất một bên là nhà đầu tư nước ngoài được giải quyết thông qua trọng tài nước ngoài.
695fce4897fdc5f42bd4c767,694fb818aedc69db48c7265a,61/2020/QH14,2,"Tranh chấp giữa các nhà đầu tư trong đó có ít nhất một bên là tổ chức kinh tế quy định tại các điểm a, b và c khoản 1 điều 23 của luật này được giải quyết thông qua trọng tài nước ngoài."
695fce4897fdc5f42bd4c768,694fb818aedc69db48c7265b,61/2020/QH14,1,"Tranh chấp giữa các nhà đầu tư trong đó có ít nhất một bên là nhà đầu tư nước ngoài hoặc tổ chức kinh tế quy định tại các điểm a, b và c khoản 1 điều 23 của luật này được giải quyết thông qua trọng tài quốc tế."
695fce4897fdc5f42bd4c7a0,694fb818aedc69db48c7267a,61/2020/QH14,1,"Ngành, nghề ưu đãi đầu tư bao gồm sản xuất sản phẩm điện tử."
695fce4897fdc5f42bd4c7a1,694fb818aedc69db48c7267a,61/2020/QH14,2,"Ngành, nghề ưu đãi đầu tư bao gồm sản xuất sản phẩm cơ khí trọng điểm."
695fce4897fdc5f42bd4c7a2,694fb818aedc69db48c7267a,61/2020/QH14,3,"Ngành, nghề ưu đãi đầu tư bao gồm sản xuất máy nông nghiệp."
695fce4897fdc5f42bd4c7a3,694fb818aedc69db48c7267a,61/2020/QH14,4,"Ngành, nghề ưu đãi đầu tư bao gồm sản xuất ô tô."
695fce4897fdc5f42bd4c7a4,694fb818aedc69db48c7267a,61/2020/QH14,5,"Ngành, nghề ưu đãi đầu tư bao gồm sản xuất phụ tùng ô tô."
695fce4897fdc5f42bd4c7a5,694fb818aedc69db48c7267a,61/2020/QH14,6,"Ngành, nghề ưu đãi đầu tư bao gồm đóng tàu."
695fce4897fdc5f42bd4c7a7,694fb818aedc69db48c7267c,61/2020/QH14,1,"Ngành, nghề ưu đãi đầu tư bao gồm sản xuất sản phẩm công nghệ thông tin."
695fce4897fdc5f42bd4c7a8,694fb818aedc69db48c7267c,61/2020/QH14,2,"Ngành, nghề ưu đãi đầu tư bao gồm sản xuất phần mềm."
695fce4897fdc5f42bd4c7a9,694fb818aedc69db48c7267c,61/2020/QH14,3,"Ngành, nghề ưu đãi đầu tư bao gồm sản xuất nội dung số."
695fce4897fdc5f42bd4c7b4,694fb818aedc69db48c7267e,61/2020/QH14,1,"Ngành, nghề ưu đãi đầu tư bao gồm thu gom chất thải."
695fce4897fdc5f42bd4c7b5,694fb818aedc69db48c7267e,61/2020/QH14,2,"Ngành, nghề ưu đãi đầu tư bao gồm xử lý chất thải."
695fce4897fdc5f42bd4c7b6,694fb818aedc69db48c7267e,61/2020/QH14,3,"Ngành, nghề ưu đãi đầu tư bao gồm tái chế chất thải."
695fce4897fdc5f42bd4c7b7,694fb818aedc69db48c7267e,61/2020/QH14,4,"Ngành, nghề ưu đãi đầu tư bao gồm tái sử dụng chất thải."
695fce4897fdc5f42bd4c7bb,694fb818aedc69db48c72680,61/2020/QH14,1,"Ngành, nghề ưu đãi đầu tư bao gồm giáo dục mầm non."
695fce4897fdc5f42bd4c7bc,694fb818aedc69db48c72680,61/2020/QH14,2,"Ngành, nghề ưu đãi đầu tư bao gồm giáo dục phổ thông."
695fce4897fdc5f42bd4c7bd,694fb818aedc69db48c72680,61/2020/QH14,3,"Ngành, nghề ưu đãi đầu tư bao gồm giáo dục nghề nghiệp."
695fce4897fdc5f42bd4c7be,694fb818aedc69db48c72680,61/2020/QH14,4,"Ngành, nghề ưu đãi đầu tư bao gồm giáo dục đại học."
695fce4997fdc5f42bd4c7d1,694fb818aedc69db48c72688,61/2020/QH14,1,Địa bàn ưu đãi đầu tư bao gồm khu công nghiệp.
695fce4997fdc5f42bd4c7d2,694fb818aedc69db48c72688,61/2020/QH14,2,Địa bàn ưu đãi đầu tư bao gồm khu chế xuất.
695fce4997fdc5f42bd4c7d3,694fb818aedc69db48c72688,61/2020/QH14,3,Địa bàn ưu đãi đầu tư bao gồm khu công nghệ cao.
695fce4997fdc5f42bd4c7d4,694fb818aedc69db48c72688,61/2020/QH14,4,Địa bàn ưu đãi đầu tư bao gồm khu kinh tế.
695fce4997fdc5f42bd4c7d9,694fb818aedc69db48c7268e,61/2020/QH14,1,Các hình thức hỗ trợ đầu tư bao gồm hỗ trợ đào tạo.
695fce4997fdc5f42bd4c7da,694fb818aedc69db48c7268e,61/2020/QH14,2,Các hình thức hỗ trợ đầu tư bao gồm phát triển nguồn nhân lực.
695fce4997fdc5f42bd4c7db,694fb818aedc69db48c7268f,61/2020/QH14,1,Các hình thức hỗ trợ đầu tư bao gồm hỗ trợ tín dụng.
695fce4997fdc5f42bd4c7de,694fb818aedc69db48c72691,61/2020/QH14,1,Các hình thức hỗ trợ đầu tư bao gồm hỗ trợ khoa học.
695fce4997fdc5f42bd4c7df,694fb818aedc69db48c72691,61/2020/QH14,2,Các hình thức hỗ trợ đầu tư bao gồm hỗ trợ kỹ thuật.
695fce4997fdc5f42bd4c7e0,694fb818aedc69db48c72691,61/2020/QH14,3,Các hình thức hỗ trợ đầu tư bao gồm chuyển giao công nghệ.
695fce4997fdc5f42bd4c7e1,694fb818aedc69db48c72692,61/2020/QH14,1,Các hình thức hỗ trợ đầu tư bao gồm hỗ trợ phát triển thị trường.
695fce4997fdc5f42bd4c7e2,694fb818aedc69db48c72692,61/2020/QH14,2,Các hình thức hỗ trợ đầu tư bao gồm cung cấp thông tin.
695fce4997fdc5f42bd4c7e3,694fb818aedc69db48c72693,61/2020/QH14,1,Các hình thức hỗ trợ đầu tư bao gồm hỗ trợ nghiên cứu.
695fce4997fdc5f42bd4c7e4,694fb818aedc69db48c72693,61/2020/QH14,2,Các hình thức hỗ trợ đầu tư bao gồm hỗ trợ phát triển.
695fce4b97fdc5f42bd4c99a,694fb818aedc69db48c727db,61/2020/QH14,1,Hồ sơ thông báo chấm dứt hoạt động văn phòng điều hành bao gồm danh sách chủ nợ.
695fce4b97fdc5f42bd4c99b,694fb818aedc69db48c727db,61/2020/QH14,2,Hồ sơ thông báo chấm dứt hoạt động văn phòng điều hành bao gồm số nợ đã thanh toán.
695fce4b97fdc5f42bd4c9b8,694fb818aedc69db48c727fa,61/2020/QH14,1,"Ngành, nghề đầu tư ra nước ngoài có điều kiện bao gồm kinh doanh bất động sản."
695fce4d97fdc5f42bd4caef,694fb818aedc69db48c728ae,61/2020/QH14,1,"Hoạt động giám sát, đánh giá đầu tư bao gồm giám sát tổng thể đầu tư."
695fce4d97fdc5f42bd4caf0,694fb818aedc69db48c728ae,61/2020/QH14,2,"Hoạt động giám sát, đánh giá đầu tư bao gồm đánh giá tổng thể đầu tư."
695fce4e97fdc5f42bd4cbeb,694fb818aedc69db48c7295b,58/2024/QH15,1,Ngành sử dụng vốn đầu tư công bao gồm quốc phòng.
695fce4e97fdc5f42bd4cbec,694fb818aedc69db48c7295b,58/2024/QH15,2,Lĩnh vực sử dụng vốn đầu tư công bao gồm quốc phòng.
695fce4e97fdc5f42bd4cbef,694fb818aedc69db48c7295d,58/2024/QH15,1,Ngành sử dụng vốn đầu tư công bao gồm giáo dục.
695fce4e97fdc5f42bd4cbf0,694fb818aedc69db48c7295d,58/2024/QH15,2,Lĩnh vực sử dụng vốn đầu tư công bao gồm đào tạo.
695fce4e97fdc5f42bd4cbf1,694fb818aedc69db48c7295d,58/2024/QH15,3,Lĩnh vực sử dụng vốn đầu tư công bao gồm giáo dục nghề nghiệp.
695fce4e97fdc5f42bd4cbf2,694fb818aedc69db48c7295e,58/2024/QH15,1,Ngành sử dụng vốn đầu tư công bao gồm khoa học.
695fce4e97fdc5f42bd4cbf3,694fb818aedc69db48c7295e,58/2024/QH15,2,Lĩnh vực sử dụng vốn đầu tư công bao gồm công nghệ.
695fce4e97fdc5f42bd4cbf6,694fb818aedc69db48c72960,58/2024/QH15,1,"Ngành, lĩnh vực sử dụng vốn đầu tư công bao gồm ngành văn hóa."
695fce4e97fdc5f42bd4cbf7,694fb818aedc69db48c72960,58/2024/QH15,2,"Ngành, lĩnh vực sử dụng vốn đầu tư công bao gồm ngành thông tin."
695fce4e97fdc5f42bd4cbf8,694fb818aedc69db48c72961,58/2024/QH15,1,Ngành sử dụng vốn đầu tư công bao gồm phát thanh.
695fce4e97fdc5f42bd4cbf9,694fb818aedc69db48c72961,58/2024/QH15,2,Lĩnh vực sử dụng vốn đầu tư công bao gồm truyền hình.
695fce4e97fdc5f42bd4cbfa,694fb818aedc69db48c72961,58/2024/QH15,3,Lĩnh vực sử dụng vốn đầu tư công bao gồm thông tấn.
695fce4e97fdc5f42bd4cbfd,694fb818aedc69db48c72963,58/2024/QH15,1,"Ngành, lĩnh vực sử dụng vốn đầu tư công bao gồm bảo vệ môi trường."
695fce4e97fdc5f42bd4cbfe,694fb818aedc69db48c72964,58/2024/QH15,1,Ngành sử dụng vốn đầu tư công bao gồm các hoạt động kinh tế.
695fce4e97fdc5f42bd4cbff,694fb818aedc69db48c72964,58/2024/QH15,2,Lĩnh vực sử dụng vốn đầu tư công bao gồm các hoạt động kinh tế.
695fce4e97fdc5f42bd4cc08,694fb818aedc69db48c72966,58/2024/QH15,1,"Ngành, lĩnh vực sử dụng vốn đầu tư công bao gồm bảo đảm xã hội."
695fce4f97fdc5f42bd4cc9f,694fb818aedc69db48c729f5,58/2024/QH15,1,Các nhiệm vụ không phải là quyết định chủ trương đầu tư bao gồm nhiệm vụ quy hoạch.
695fce4f97fdc5f42bd4cca0,694fb818aedc69db48c729f5,58/2024/QH15,2,Các dự án không phải là quyết định chủ trương đầu tư bao gồm nhiệm vụ quy hoạch.
695fce5297fdc5f42bd4ce51,694fb818aedc69db48c72b3a,58/2024/QH15,1,Thứ tự ưu tiên bố trí vốn đầu tư công được quy định.
695fce5297fdc5f42bd4ce52,694fb818aedc69db48c72b3a,58/2024/QH15,2,Dự án chuyển tiếp thực hiện theo tiến độ được phê duyệt.
695fce5297fdc5f42bd4ce68,694fb818aedc69db48c72b53,58/2024/QH15,1,Thời gian bố trí vốn thực hiện dự án nhóm A không quá 06 năm.
695fce5297fdc5f42bd4ce69,694fb818aedc69db48c72b54,58/2024/QH15,1,Thời gian bố trí vốn thực hiện dự án được quy định như sau.
695fce5297fdc5f42bd4ce6a,694fb818aedc69db48c72b54,58/2024/QH15,2,Thời gian bố trí vốn thực hiện dự án nhóm B không quá 04 năm.
695fce5297fdc5f42bd4ce6b,694fb818aedc69db48c72b55,58/2024/QH15,1,Thời gian bố trí vốn thực hiện dự án được quy định như sau.
695fce5297fdc5f42bd4ce6c,694fb818aedc69db48c72b55,58/2024/QH15,2,Thời gian bố trí vốn thực hiện dự án nhóm C không quá 03 năm.
695fce5297fdc5f42bd4cebc,694fb818aedc69db48c72b98,58/2024/QH15,1,"Trình tự, thủ tục lập đề xuất chương trình, dự án đầu tư công sử dụng vốn ODA, vốn vay ưu đãi nước ngoài được quy định. Thủ tục phê duyệt đề xuất chương trình, dự án đầu tư công sử dụng vốn ODA, vốn vay ưu đãi nước ngoài được quy định. Các bộ, cơ quan trung ương và địa phương tổ chức lập đề xuất chương trình đầu tư công. Các bộ, cơ quan trung ương và địa phương tổ chức lập đề xuất dự án đầu tư công. Các bộ, cơ quan trung ương và địa phương gửi đề xuất chương trình đầu tư công cho Bộ Kế hoạch và Đầu tư. Các bộ, cơ quan trung ương và địa phương gửi đề xuất dự án đầu tư công cho Bộ Kế hoạch và Đầu tư. Các bộ, cơ quan trung ương và địa phương gửi đề xuất chương trình đầu tư công cho Bộ Tài chính. Các bộ, cơ quan trung ương và địa phương gửi đề xuất dự án đầu tư công cho Bộ Tài chính. Doanh nghiệp nhà nước được Thủ tướng Chính phủ giao nhiệm vụ thực hiện dự án đầu tư công. Doanh nghiệp thuộc doanh nghiệp nhà nước được Thủ tướng Chính phủ giao nhiệm vụ thực hiện dự án đầu tư công. Doanh nghiệp nhà nước lập đề xuất chương trình đầu tư công sử dụng vốn ODA, vốn vay ưu đãi nước ngoài. Doanh nghiệp nhà nước lập đề xuất dự án đầu tư công sử dụng vốn ODA, vốn vay ưu đãi nước ngoài. Doanh nghiệp thuộc doanh nghiệp nhà nước lập đề xuất chương trình đầu tư công sử dụng vốn ODA, vốn vay ưu đãi nước ngoài. Doanh nghiệp thuộc doanh nghiệp nhà nước lập đề xuất dự án đầu tư công sử dụng vốn ODA, vốn vay ưu đãi nước ngoài. Việc lập đề xuất chương trình đầu tư công sử dụng vốn ODA, vốn vay ưu đãi nước ngoài thực hiện theo quy định của Chính phủ. Việc lập đề xuất dự án đầu tư công sử dụng vốn ODA, vốn vay ưu đãi nước ngoài thực hiện theo quy định của Chính phủ."
695fce5597fdc5f42bd4d003,694fb818aedc69db48c72c45,58/2024/QH15,1,Nội dung đánh giá tác động của chương trình bao gồm tác động môi trường.
695fce5597fdc5f42bd4d004,694fb818aedc69db48c72c45,58/2024/QH15,2,Nội dung đánh giá tác động của dự án bao gồm tác động sinh thái.
695fce5597fdc5f42bd4d014,694fb818aedc69db48c72c4d,58/2024/QH15,1,Nội dung đánh giá đột xuất bao gồm đề xuất các giải pháp cần thiết.
695fce5b97fdc5f42bd4d369,694fb818aedc69db48c72e05,90/2025/QH15,1,Ủy ban nhân dân cấp tỉnh sửa đổi một số khoản của điều 4 như sau.
695fce5b97fdc5f42bd4d36a,694fb818aedc69db48c72e05,90/2025/QH15,2,Ủy ban nhân dân cấp tỉnh bổ sung một số khoản của điều 4 như sau.
695fce5e97fdc5f42bd4d52f,694fb818aedc69db48c72eb8,40/2019/QH14,1,Nội dung hợp tác quốc tế về kiến trúc bao gồm thừa nhận lẫn nhau về hành nghề kiến trúc.
695fce5f97fdc5f42bd4d5b0,694fb818aedc69db48c72ef5,40/2019/QH14,1,Quy chế quản lý kiến trúc bao gồm sơ đồ.
695fce5f97fdc5f42bd4d5b1,694fb818aedc69db48c72ef5,40/2019/QH14,2,Quy chế quản lý kiến trúc bao gồm bản vẽ.
695fce5f97fdc5f42bd4d5b2,694fb818aedc69db48c72ef5,40/2019/QH14,3,Quy chế quản lý kiến trúc bao gồm hình ảnh minh họa.
695fce5f97fdc5f42bd4d5c6,694fb818aedc69db48c72eff,40/2019/QH14,1,Điều kiện điều chỉnh quy chế quản lý kiến trúc được quy định là phục vụ lợi ích quốc gia.
695fce5f97fdc5f42bd4d5c7,694fb818aedc69db48c72eff,40/2019/QH14,2,Điều kiện điều chỉnh quy chế quản lý kiến trúc được quy định là phục vụ lợi ích cộng đồng.
695fce5f97fdc5f42bd4d5ce,694fb818aedc69db48c72f0d,40/2019/QH14,1,Công trình công cộng có quy mô cấp đặc biệt phải thi tuyển phương án kiến trúc.
695fce5f97fdc5f42bd4d5cf,694fb818aedc69db48c72f0d,40/2019/QH14,2,Công trình công cộng có quy mô cấp I phải thi tuyển phương án kiến trúc.
695fce5f97fdc5f42bd4d5d9,694fb818aedc69db48c72f1b,40/2019/QH14,1,Dịch vụ kiến trúc bao gồm thiết kế kiến trúc công trình.
695fce5f97fdc5f42bd4d5da,694fb818aedc69db48c72f1c,40/2019/QH14,1,Dịch vụ kiến trúc bao gồm thiết kế kiến trúc trong đồ án quy hoạch đô thị.
695fce5f97fdc5f42bd4d5db,694fb818aedc69db48c72f1c,40/2019/QH14,2,Dịch vụ kiến trúc bao gồm thiết kế kiến trúc trong quy hoạch nông thôn.
695fce5f97fdc5f42bd4d5dc,694fb818aedc69db48c72f1c,40/2019/QH14,3,Dịch vụ kiến trúc bao gồm thiết kế kiến trúc trong thiết kế đô thị.
695fce5f97fdc5f42bd4d5dd,694fb818aedc69db48c72f1d,40/2019/QH14,1,Dịch vụ kiến trúc bao gồm thiết kế kiến trúc cảnh quan.
695fce5f97fdc5f42bd4d5de,694fb818aedc69db48c72f1e,40/2019/QH14,1,Dịch vụ kiến trúc bao gồm thiết kế nội thất.
695fce5f97fdc5f42bd4d5e0,694fb818aedc69db48c72f20,40/2019/QH14,1,Dịch vụ kiến trúc bao gồm đánh giá kiến trúc công trình.
695fce5f97fdc5f42bd4d5e1,694fb818aedc69db48c72f21,40/2019/QH14,1,Dịch vụ kiến trúc bao gồm thẩm tra thiết kế kiến trúc.
695fce5f97fdc5f42bd4d603,694fb818aedc69db48c72f51,40/2019/QH14,1,Điều kiện gia hạn chứng chỉ hành nghề kiến trúc được quy định như sau.
695fce5f97fdc5f42bd4d604,694fb818aedc69db48c72f51,40/2019/QH14,2,Chứng chỉ hành nghề kiến trúc hết thời hạn sử dụng.
695fce5f97fdc5f42bd4d635,694fb818aedc69db48c72f81,40/2019/QH14,1,Điều kiện hoạt động của tổ chức hành nghề kiến trúc được quy định như sau.
695fce5f97fdc5f42bd4d636,694fb818aedc69db48c72f81,40/2019/QH14,2,Điều kiện hoạt động của tổ chức hành nghề kiến trúc là được thành lập theo quy định của pháp luật.
695fce6197fdc5f42bd4d6df,694fb818aedc69db48c73004,52/2014/QH13,1,Bộ luật cấm các hành vi kết hôn giả tạo.
695fce6197fdc5f42bd4d6e0,694fb818aedc69db48c73004,52/2014/QH13,2,Bộ luật cấm các hành vi ly hôn giả tạo.
695fce6197fdc5f42bd4d725,694fb818aedc69db48c73089,52/2014/QH13,1,Mục đích nhằm trốn tránh thực hiện nghĩa vụ nuôi dưỡng.
695fce6197fdc5f42bd4d726,694fb818aedc69db48c73089,52/2014/QH13,2,Mục đích nhằm trốn tránh thực hiện nghĩa vụ cấp dưỡng.
695fce6397fdc5f42bd4d7ff,694fb819aedc69db48c73241,27/2023/QH15,1,"Chủ sở hữu nhà ở là tổ chức, cá nhân trong nước và người Việt Nam định cư ở nước ngoài. Chủ sở hữu nhà ở có quyền bán nhà ở theo quy định của luật này, pháp luật về đất đai và quy định khác của pháp luật có liên quan. Chủ sở hữu nhà ở có quyền cho thuê mua nhà ở. Chủ sở hữu nhà ở có quyền tặng cho nhà ở. Chủ sở hữu nhà ở có quyền đổi nhà ở. Chủ sở hữu nhà ở có quyền để thừa kế nhà ở. Chủ sở hữu nhà ở có quyền thế chấp nhà ở. Chủ sở hữu nhà ở có quyền góp vốn bằng nhà ở. Chủ sở hữu nhà ở có quyền chuyển nhượng hợp đồng mua bán nhà ở theo quy định của pháp luật. Chủ sở hữu nhà ở có quyền cho thuê nhà ở. Chủ sở hữu nhà ở có quyền cho mượn nhà ở. Chủ sở hữu nhà ở có quyền cho ở nhờ nhà ở. Chủ sở hữu nhà ở có quyền ủy quyền quản lý nhà ở. Chủ sở hữu nhà ở có các quyền khác theo quy định của pháp luật. Trường hợp tặng cho nhà ở cho đối tượng không thuộc trường hợp được sở hữu nhà ở tại Việt Nam thì đối tượng này chỉ được hưởng giá trị của nhà ở đó. Trường hợp để thừa kế nhà ở cho đối tượng không thuộc trường hợp được sở hữu nhà ở tại Việt Nam thì đối tượng này chỉ được hưởng giá trị của nhà ở đó. Trường hợp luật đất đai có quy định khác về quyền của chủ sở hữu nhà ở gắn với quyền sử dụng đất ở là người Việt Nam định cư ở nước ngoài thì thực hiện theo quy định đó."
695fce6597fdc5f42bd4d91c,694fb819aedc69db48c732e3,27/2023/QH15,1,Kế hoạch phát triển nhà ở cấp tỉnh điều chỉnh phải thể hiện rõ mục đích điều chỉnh.
695fce6597fdc5f42bd4d91d,694fb819aedc69db48c732e3,27/2023/QH15,2,Kế hoạch phát triển nhà ở cấp tỉnh điều chỉnh phải thể hiện rõ yêu cầu điều chỉnh.
695fce6797fdc5f42bd4da39,694fb819aedc69db48c733b4,27/2023/QH15,1,Đối với dự án đầu tư xây dựng nhà ở phục vụ tái định cư không thuộc nguồn vốn quy định tại khoản 2 điều này thì thẩm quyền quyết định chủ đầu tư dự án đầu tư xây dựng nhà ở được quy định như sau.
695fce6797fdc5f42bd4da3a,694fb819aedc69db48c733b4,27/2023/QH15,2,Trường hợp pháp luật quy định phải tổ chức đấu thầu lựa chọn nhà đầu tư làm chủ đầu tư dự án đầu tư xây dựng nhà ở thì cơ quan có thẩm quyền thực hiện theo quy định đó.
695fce6997fdc5f42bd4dae1,694fb819aedc69db48c7344c,27/2023/QH15,1,Hồ sơ đề nghị chấp thuận chủ trương đầu tư bao gồm tài liệu liên quan khác.
695fce6997fdc5f42bd4dae2,694fb819aedc69db48c7344c,27/2023/QH15,2,"Hồ sơ đề nghị chấp thuận nhà đầu tư làm chủ đầu tư dự án đầu tư cải tạo, xây dựng lại nhà chung cư bao gồm tài liệu liên quan khác."
695fce6997fdc5f42bd4dae5,694fb819aedc69db48c73450,27/2023/QH15,1,Hồ sơ đề nghị chấp thuận chủ trương đầu tư do cơ quan quản lý nhà ở cấp tỉnh đề xuất bao gồm tài liệu liên quan khác.
695fce6997fdc5f42bd4dae6,694fb819aedc69db48c73450,27/2023/QH15,2,Tài liệu liên quan khác được đề cập đến nếu có.
695fce6a97fdc5f42bd4db87,694fb819aedc69db48c734e8,27/2023/QH15,1,Loại nhà và tiêu chuẩn diện tích nhà ở xã hội được quy định như sau.
695fce6a97fdc5f42bd4db88,694fb819aedc69db48c734e8,27/2023/QH15,2,Trường hợp cá nhân xây dựng nhà ở xã hội được quy định tại khoản 6.
695fce6c97fdc5f42bd4dc6c,694fb819aedc69db48c735b8,27/2023/QH15,1,Các hình thức huy động vốn để phát triển nhà ở bao gồm nguồn vốn hợp pháp khác.
695fce6c97fdc5f42bd4dc7d,694fb819aedc69db48c735c3,27/2023/QH15,1,Vốn để phát triển nhà ở công vụ bao gồm nguồn vốn hợp pháp khác.
695fce6c97fdc5f42bd4dc91,694fb819aedc69db48c735cd,27/2023/QH15,1,Vốn để thực hiện chính sách nhà ở xã hội bao gồm nguồn vốn hợp pháp khác.
695fce6c97fdc5f42bd4dca1,694fb819aedc69db48c735d5,27/2023/QH15,1,Vốn để phát triển nhà ở phục vụ tái định cư bao gồm nguồn vốn hợp pháp khác.
695fce6c97fdc5f42bd4dca2,694fb819aedc69db48c735d5,27/2023/QH15,2,Vốn để cải tạo nhà chung cư bao gồm nguồn vốn hợp pháp khác.
695fce6c97fdc5f42bd4dca3,694fb819aedc69db48c735d5,27/2023/QH15,3,Vốn để xây dựng lại nhà chung cư bao gồm nguồn vốn hợp pháp khác.
695fce6c97fdc5f42bd4dcab,694fb819aedc69db48c735db,27/2023/QH15,1,Vốn để phát triển nhà ở của cá nhân bao gồm nguồn vốn hợp pháp khác.
695fce6d97fdc5f42bd4dd21,694fb819aedc69db48c73631,27/2023/QH15,1,"Đối tượng được thuê, thuê mua, mua nhà ở thuộc tài sản công được quy định như sau."
695fce6d97fdc5f42bd4dd22,694fb819aedc69db48c73631,27/2023/QH15,2,Đối tượng quy định tại khoản 1 điều 45 của luật này chỉ được thuê nhà ở công vụ.
695fce6e97fdc5f42bd4dd28,694fb819aedc69db48c73634,27/2023/QH15,1,"Đối tượng được thuê, thuê mua, mua nhà ở thuộc tài sản công được quy định như sau."
695fce6e97fdc5f42bd4dd29,694fb819aedc69db48c73634,27/2023/QH15,2,Đối tượng đang thực tế sử dụng nhà ở quy định tại điểm d khoản 1 điều 13 của luật này được giải quyết cho thuê nhà ở đó.
695fce6e97fdc5f42bd4dd2a,694fb819aedc69db48c73634,27/2023/QH15,3,Đối tượng đang thực tế sử dụng nhà ở quy định tại điểm d khoản 1 điều 13 của luật này được giải quyết cho mua nhà ở đó.
695fce6e97fdc5f42bd4dd2b,694fb819aedc69db48c73635,27/2023/QH15,1,"Đối tượng được thuê, thuê mua, mua nhà ở thuộc tài sản công được quy định như sau."
695fce6e97fdc5f42bd4dd2c,694fb819aedc69db48c73635,27/2023/QH15,2,Đối tượng quy định tại khoản 11 Điều 76 của luật này được xem xét giải quyết cho thuê nhà ở xã hội.
695fce6e97fdc5f42bd4dd67,694fb819aedc69db48c73645,27/2023/QH15,1,Việc thu hồi nhà ở thuộc tài sản công được thực hiện khi thuộc trường hợp bên thuê trả lại nhà ở đang thuê.
695fce6e97fdc5f42bd4dd68,694fb819aedc69db48c73645,27/2023/QH15,2,Việc thu hồi nhà ở thuộc tài sản công được thực hiện khi thuộc trường hợp bên thuê mua trả lại nhà ở đang thuê mua.
695fce6f97fdc5f42bd4ddd9,694fb819aedc69db48c736b2,27/2023/QH15,1,"Việc xác định quyền sở hữu, quyền sử dụng đối với chỗ để xe được quy định như sau."
695fce6f97fdc5f42bd4ddda,694fb819aedc69db48c736b2,27/2023/QH15,2,"Đối với chỗ để xe đạp, xe động cơ hai bánh, xe động cơ ba bánh, xe cho người khuyết tật cho các chủ sở hữu, người sử dụng nhà chung cư thuộc quyền sở hữu chung của các chủ sở hữu nhà chung cư."
695fce6f97fdc5f42bd4dddb,694fb819aedc69db48c736b2,27/2023/QH15,3,"Đối với chỗ để xe đạp, xe động cơ hai bánh, xe động cơ ba bánh, xe cho người khuyết tật cho các chủ sở hữu, người sử dụng nhà chung cư thuộc quyền sử dụng chung của các chủ sở hữu nhà chung cư."
695fce7197fdc5f42bd4deae,694fb819aedc69db48c73738,27/2023/QH15,1,Nhà ở trong giao dịch mua bán không bắt buộc phải có giấy chứng nhận.
695fce7197fdc5f42bd4deaf,694fb819aedc69db48c73738,27/2023/QH15,2,Nhà ở trong giao dịch thuê mua không bắt buộc phải có giấy chứng nhận.
695fce7197fdc5f42bd4deb0,694fb819aedc69db48c73738,27/2023/QH15,3,Nhà ở trong giao dịch thế chấp nhà ở hình thành trong tương lai không bắt buộc phải có giấy chứng nhận.
695fce7197fdc5f42bd4deb1,694fb819aedc69db48c73738,27/2023/QH15,4,Nhà ở trong giao dịch bán nhà ở trong trường hợp giải thể không bắt buộc phải có giấy chứng nhận.
695fce7197fdc5f42bd4deb2,694fb819aedc69db48c73738,27/2023/QH15,5,Nhà ở trong giao dịch bán nhà ở trong trường hợp phá sản không bắt buộc phải có giấy chứng nhận.
695fce7197fdc5f42bd4deb3,694fb819aedc69db48c73739,27/2023/QH15,1,"Nhà ở trong giao dịch về nhà ở tổ chức tặng cho nhà tình nghĩa, nhà tình thương, nhà đại đoàn kết không bắt buộc phải có giấy chứng nhận."
695fce7197fdc5f42bd4ded6,694fb819aedc69db48c73779,27/2023/QH15,1,Trường hợp thuê nhà ở không thuộc tài sản công thì việc chấm dứt hợp đồng thuê nhà ở được thực hiện khi các bên thỏa thuận chấm dứt hợp đồng.
695fce7197fdc5f42bd4ded7,694fb819aedc69db48c7377a,27/2023/QH15,1,Trường hợp thuê nhà ở không thuộc tài sản công được hiểu rõ.
695fce7197fdc5f42bd4ded8,694fb819aedc69db48c7377a,27/2023/QH15,2,Việc chấm dứt hợp đồng thuê nhà ở được thực hiện khi nhà ở cho thuê không còn.
695fce7497fdc5f42bd4e02a,694fb819aedc69db48c738e2,258/2025/NĐ-CP,1,"Việc quản lý tài sản kết cấu hạ tầng công viên, cây xanh đã tính thành phần vốn nhà nước tại doanh nghiệp không thực hiện theo quy định."
695fce7497fdc5f42bd4e02b,694fb819aedc69db48c738e2,258/2025/NĐ-CP,2,"Việc sử dụng tài sản kết cấu hạ tầng công viên, cây xanh đã tính thành phần vốn nhà nước tại doanh nghiệp không thực hiện theo quy định."
695fce7497fdc5f42bd4e02c,694fb819aedc69db48c738e2,258/2025/NĐ-CP,3,"Việc khai thác tài sản kết cấu hạ tầng công viên, cây xanh theo nguyên tắc quản lý, sử dụng tài sản kết cấu hạ tầng công viên, cây xanh đã tính thành phần vốn nhà nước tại doanh nghiệp không thực hiện theo quy định."
695fce7597fdc5f42bd4e087,694fb819aedc69db48c7392f,258/2025/NĐ-CP,1,Nội quy công viên bao gồm những nội dung chủ yếu.
695fce7597fdc5f42bd4e088,694fb819aedc69db48c7392f,258/2025/NĐ-CP,2,Nội quy công viên bao gồm yêu cầu cần thiết khác.
695fce7697fdc5f42bd4e0e5,694fb819aedc69db48c73982,258/2025/NĐ-CP,1,Hợp đồng thực hiện dịch vụ về quản lý công viên có thể có các nội dung chủ yếu.
695fce7697fdc5f42bd4e0e6,694fb819aedc69db48c73982,258/2025/NĐ-CP,2,Hợp đồng thực hiện dịch vụ về quản lý công viên có thể có một số nội dung khác.
695fce7697fdc5f42bd4e0e7,694fb819aedc69db48c73982,258/2025/NĐ-CP,3,Một số nội dung khác không được trái quy định của pháp luật.
695fce7697fdc5f42bd4e116,694fb819aedc69db48c739b4,258/2025/NĐ-CP,1,Các trường hợp chặt hạ cây xanh được miễn giấy phép.
695fce7697fdc5f42bd4e117,694fb819aedc69db48c739b4,258/2025/NĐ-CP,2,Các trường hợp dịch chuyển cây xanh được miễn giấy phép.
695fce7697fdc5f42bd4e118,694fb819aedc69db48c739b4,258/2025/NĐ-CP,3,Cây xanh có nguy cơ đổ gãy trong trường hợp khẩn cấp do thiên tai được miễn giấy phép.
695fce7897fdc5f42bd4e199,694fb819aedc69db48c73ad9,230/2025/NĐ-CP,1,"Việc miễn, giảm tiền thuê đất đối với các tổ chức được quy định tại bộ luật số 230/2025/NĐ-CP. Các tổ chức này bao gồm doanh nghiệp, đơn vị sự nghiệp công lập, hợp tác xã, liên hiệp hợp tác xã hoạt động trong lĩnh vực nông, lâm, thủy sản. Nhà nước cho thuê đất trả tiền thuê đất hằng năm để các tổ chức sử dụng đất vào mục đích sản xuất nông, lâm nghiệp, nuôi trồng thủy sản. Các tổ chức này có sử dụng lao động là người dân tộc thiểu số cư trú hợp pháp trên địa bàn các tỉnh, thành phố trực thuộc trung ương và các địa bàn có địa giới hành chính thuộc đối tượng được hưởng chính sách hỗ trợ theo quyết định của Thủ tướng Chính phủ. Việc miễn, giảm tiền thuê đất được thực hiện theo các quy định sau đây. Hằng năm, nếu tỷ lệ phần trăm sử dụng lao động là người dân tộc thiểu số không thay đổi hoặc có thay đổi nhưng không làm ảnh hưởng đến mức miễn, giảm tiền thuê đất đã được cơ quan, người có thẩm quyền quyết định, thì tổ chức, đơn vị sử dụng lao động chỉ gửi báo cáo về tình hình sử dụng lao động là người dân tộc thiểu số trong năm kế hoạch cho cơ quan thuế biết để theo dõi. Nếu tỷ lệ phần trăm sử dụng lao động là người dân tộc thiểu số có thay đổi làm ảnh hưởng đến mức miễn, giảm tiền thuê đất đã được cơ quan, người có thẩm quyền quyết định, thì tổ chức, đơn vị sử dụng lao động phải thực hiện quy định tại điểm g khoản này. Tổ chức, đơn vị sử dụng lao động thực hiện quy định để cơ quan thuế quyết định điều chỉnh việc miễn, giảm tiền thuê đất theo quy định."
695fce7897fdc5f42bd4e1c0,694fb819aedc69db48c73ae6,230/2025/NĐ-CP,1,"Cơ quan nhà nước có thẩm quyền thực hiện kiểm tra dự án sau khi dự án hoàn thành và đưa vào hoạt động. Cơ quan nhà nước có thẩm quyền xác định cơ sở thực hiện xã hội hóa không đáp ứng quy định về loại hình hoặc tiêu chí hoặc quy mô hoặc tiêu chuẩn xã hội hóa theo quy định tại quyết định số 1466/QĐ-TTg của Thủ tướng Chính phủ theo các nội dung đã cam kết. Cơ sở thực hiện xã hội hóa phải nộp tiền thuê đất đã được miễn, giảm theo chính sách và giá đất tại thời điểm có văn bản miễn, giảm tiền thuê đất của cơ quan nhà nước có thẩm quyền. Cơ sở thực hiện xã hội hóa phải nộp tiền chậm nộp tiền thuê đất của thời gian đã được miễn, giảm tính trên số tiền thuê đất được miễn, giảm theo quy định của pháp luật về quản lý thuế. Cơ quan nhà nước có thẩm quyền thực hiện kiểm tra dự án xây dựng sau khi dự án xây dựng hoàn thành và đưa vào hoạt động. Cơ quan nhà nước có thẩm quyền xác định cơ sở thực hiện xã hội hóa không đáp ứng danh mục các loại hình, tiêu chí, quy mô, tiêu chuẩn theo quy định tại quyết định số 1466/QĐ-TTg của Thủ tướng Chính phủ do danh mục này được sửa đổi, bổ sung, thay thế. Cơ quan nhà nước có thẩm quyền xác định trong quá trình hoạt động cấp có thẩm quyền thay đổi địa giới hành chính hoặc nâng cấp địa giới hành chính từ không phải đô thị thành đô thị tại địa bàn thực hiện dự án. Cơ sở thực hiện xã hội hóa vẫn hoạt động đúng, đủ điều kiện và tiêu chí tại thời điểm được cấp có thẩm quyền phê duyệt ưu đãi tiền thuê đất. Cơ sở thực hiện xã hội hóa được hưởng mức ưu đãi đã được phê duyệt."
695fce7897fdc5f42bd4e1c5,694fb819aedc69db48c73ae8,230/2025/NĐ-CP,1,"Việc kiểm tra, xác định theo quy định tại điểm b, điểm c khoản này được thực hiện sau khi dự án hoàn thành đưa vào hoạt động. Việc kiểm tra, xác định được thực hiện trong khoảng thời gian quy định tại danh mục các loại hình, tiêu chí, quy mô, tiêu chuẩn của từng lĩnh vực xã hội hóa theo quy định tại quyết định số 1466/QĐ-TTg của Thủ tướng Chính phủ. Việc kiểm tra, xác định được thực hiện hoặc sau 30 ngày kể từ ngày dự án hoàn thành đưa vào hoạt động. Cơ sở thực hiện xã hội hóa phải gửi văn bản đến cơ quan thuế đối với trường hợp giảm tiền thuê đất để thông báo dự án đã hoàn thành đưa vào hoạt động. Cơ sở thực hiện xã hội hóa phải gửi văn bản đến cơ quan có chức năng quản lý nhà nước về đất đai đối với trường hợp miễn tiền thuê đất để thông báo dự án đã hoàn thành đưa vào hoạt động. Văn bản gửi kèm theo các hồ sơ, tài liệu có liên quan để kiểm tra xác định việc đáp ứng quy định về loại hình, tiêu chí, quy mô, tiêu chuẩn xã hội hóa theo quyết định số 1466/QĐ-TTg của Thủ tướng Chính phủ. Văn bản gửi kèm theo các hồ sơ, tài liệu có liên quan để thống kê, tổng hợp các trường hợp được miễn tiền thuê đất theo quy định. Chậm nhất 30 ngày kể từ ngày nhận được văn bản của cơ sở thực hiện xã hội hóa, cơ quan thuế thực hiện kiểm tra đối với trường hợp giảm tiền thuê đất. Chậm nhất 30 ngày kể từ ngày nhận được văn bản của cơ sở thực hiện xã hội hóa, cơ quan có chức năng quản lý nhà nước về đất đai thực hiện kiểm tra đối với trường hợp miễn tiền thuê đất. Cơ quan thuế phối hợp với các cơ quan có liên quan thực hiện theo quy định tại điểm c khoản này. Cơ quan có chức năng quản lý nhà nước về đất đai phối hợp với các cơ quan có liên quan thực hiện theo quy định tại điểm c khoản này. Trường hợp dự án của cơ sở thực hiện xã hội hóa không đáp ứng về loại hình hoặc tiêu chí hoặc quy mô hoặc tiêu chuẩn xã hội hóa theo quyết định số 1466/QĐ-TTg của Thủ tướng Chính phủ, các cơ quan trên có trách nhiệm báo cáo Ủy ban nhân dân cấp tỉnh xử lý theo quy định tại điểm b khoản này. Trường hợp dự án của cơ sở thực hiện xã hội hóa đáp ứng danh mục các loại hình, tiêu chí, quy mô, tiêu chuẩn về xã hội hóa, cơ quan thuế xác nhận và thông báo bằng văn bản cho cơ sở thực hiện xã hội hóa trong trường hợp giảm tiền thuê đất. Trường hợp dự án của cơ sở thực hiện xã hội hóa đáp ứng danh mục các loại hình, tiêu chí, quy mô, tiêu chuẩn về xã hội hóa, cơ quan có chức năng quản lý nhà nước về đất đai xác nhận và thông báo bằng văn bản cho cơ sở thực hiện xã hội hóa trong trường hợp miễn tiền thuê đất. Cơ quan thuế lưu bổ sung hồ sơ miễn, giảm. Cơ quan có chức năng quản lý nhà nước về đất đai lưu bổ sung hồ sơ miễn, giảm."
695fce7e97fdc5f42bd4e455,694fb819aedc69db48c73bee,192/2025/NĐ-CP,1,"Việc thống nhất về vị trí khu đất để đầu tư xây dựng nhà ở cho lực lượng vũ trang nhân dân được thực hiện như sau. Nội dung văn bản thống nhất của Ủy ban nhân dân cấp tỉnh bao gồm vị trí khu đất. Nội dung văn bản thống nhất của Ủy ban nhân dân cấp tỉnh bao gồm thông tin về quy hoạch đô thị và nông thôn. Nội dung văn bản thống nhất của Ủy ban nhân dân cấp tỉnh bao gồm hiện trạng sử dụng đất. Nội dung văn bản thống nhất của Ủy ban nhân dân cấp tỉnh bao gồm thông tin khác (nếu có). Trường hợp vị trí khu đất chưa có hoặc chưa phù hợp với quy hoạch đô thị và nông thôn, chưa có chương trình, kế hoạch phát triển nhà ở thì Ủy ban nhân dân cấp tỉnh có trách nhiệm tổ chức hoặc chỉ đạo lập chương trình phát triển nhà ở. Ủy ban nhân dân cấp tỉnh có trách nhiệm thẩm định chương trình phát triển nhà ở. Ủy ban nhân dân cấp tỉnh có trách nhiệm phê duyệt chương trình phát triển nhà ở. Ủy ban nhân dân cấp tỉnh có trách nhiệm cập nhật chương trình phát triển nhà ở. Ủy ban nhân dân cấp tỉnh có trách nhiệm điều chỉnh chương trình phát triển nhà ở. Ủy ban nhân dân cấp tỉnh có trách nhiệm lập quy hoạch đô thị và nông thôn. Ủy ban nhân dân cấp tỉnh có trách nhiệm thẩm định quy hoạch đô thị và nông thôn. Ủy ban nhân dân cấp tỉnh có trách nhiệm phê duyệt quy hoạch đô thị và nông thôn. Ủy ban nhân dân cấp tỉnh có trách nhiệm cập nhật quy hoạch đô thị và nông thôn. Ủy ban nhân dân cấp tỉnh có trách nhiệm điều chỉnh quy hoạch đô thị và nông thôn. Quy hoạch đô thị và nông thôn làm cơ sở cho việc lập báo cáo nghiên cứu khả thi đầu tư xây dựng. Quy hoạch đô thị và nông thôn làm cơ sở cho việc thẩm định báo cáo nghiên cứu khả thi đầu tư xây dựng. Quy hoạch đô thị và nông thôn làm cơ sở cho việc phê duyệt báo cáo nghiên cứu khả thi đầu tư xây dựng. Quy hoạch đô thị và nông thôn làm cơ sở cho việc lập báo cáo kinh tế - kỹ thuật đầu tư xây dựng. Quy hoạch đô thị và nông thôn làm cơ sở cho việc thẩm định báo cáo kinh tế - kỹ thuật đầu tư xây dựng. Quy hoạch đô thị và nông thôn làm cơ sở cho việc phê duyệt báo cáo kinh tế - kỹ thuật đầu tư xây dựng. Quy hoạch đô thị và nông thôn làm cơ sở cho việc triển khai các bước tiếp theo của dự án."
695fce7f97fdc5f42bd4e4f6,694fb819aedc69db48c73c58,75/2025/NĐ-CP,1,Nghị định này áp dụng đối với cơ quan nhà nước.
695fce8697fdc5f42bd4e7b8,694fb819aedc69db48c73dfb,151/2025/NĐ-CP,1,Tiêu chí xác định công trình trong kế hoạch sử dụng đất cấp xã bao gồm hiệu quả kinh tế.
695fce8697fdc5f42bd4e7b9,694fb819aedc69db48c73dfb,151/2025/NĐ-CP,2,Tiêu chí xác định dự án trong kế hoạch sử dụng đất cấp xã bao gồm hiệu quả xã hội.
695fce8697fdc5f42bd4e7ba,694fb819aedc69db48c73dfb,151/2025/NĐ-CP,3,Tiêu chí xác định công trình và dự án trong kế hoạch sử dụng đất cấp xã bao gồm hiệu quả môi trường.
695fce8a97fdc5f42bd4e917,694fb81aaedc69db48c73ed0,144/2025/NĐ-CP,1,"Trình tự, thủ tục chuyển đổi công năng nhà ở thuộc tài sản công quy định tại khoản 1 điều này được thực hiện như sau."
695fce8a97fdc5f42bd4e918,694fb81aaedc69db48c73ed0,144/2025/NĐ-CP,2,Thời gian thực hiện thủ tục quy định tại khoản này không quá 30 ngày.
695fce8b97fdc5f42bd4e9b7,694fb81aaedc69db48c73fbc,131/2025/NĐ-CP,1,"Kế hoạch giao rừng, cho thuê rừng, chuyển mục đích sử dụng rừng chỉ được điều chỉnh khi có việc điều chỉnh kế hoạch giao rừng, cho thuê rừng, chuyển mục đích sử dụng rừng sang mục đích khác. Việc điều chỉnh kế hoạch giao rừng, cho thuê rừng, chuyển mục đích sử dụng rừng sang mục đích khác chỉ được thực hiện do điều chỉnh quy hoạch, kế hoạch cấp trên trực tiếp làm thay đổi cơ cấu loại rừng của cấp xã. Các loại rừng bao gồm rừng đặc dụng, rừng phòng hộ, rừng sản xuất. Việc điều chỉnh kế hoạch giao rừng, cho thuê rừng, chuyển mục đích sử dụng rừng sang mục đích khác chỉ được thực hiện do việc thành lập, sáp nhập, chia, tách, điều chỉnh địa giới đơn vị hành chính của địa phương. Việc điều chỉnh kế hoạch giao rừng, cho thuê rừng, chuyển mục đích sử dụng rừng sang mục đích khác chỉ được thực hiện do tác động của thiên tai, ứng phó sự cố về môi trường làm thay đổi mục đích sử dụng rừng. Việc điều chỉnh kế hoạch giao rừng, cho thuê rừng, chuyển mục đích sử dụng rừng sang mục đích khác chỉ được thực hiện khi có biến động về nguồn lực thực hiện kế hoạch. Việc điều chỉnh kế hoạch giao rừng, cho thuê rừng, chuyển mục đích sử dụng rừng sang mục đích khác chỉ được thực hiện do hình thành dự án trọng điểm phục vụ lợi ích quốc gia, lợi ích công cộng làm thay đổi định hướng sử dụng rừng. Việc điều chỉnh kế hoạch giao rừng, cho thuê rừng, chuyển mục đích sử dụng rừng sang mục đích khác phải theo quy định tại điểm a khoản 5 điều 35 nghị định số 156/2018/NĐ-CP ngày 16 tháng 11 năm 2018 của Chính phủ. Nghị định số 156/2018/NĐ-CP quy định chi tiết thi hành một số điều của Luật Lâm nghiệp. Nghị định số 156/2018/NĐ-CP đã được sửa đổi, bổ sung một số điều tại nghị định số 91/2024/NĐ-CP ngày 18 tháng 7 năm 2024 của Chính phủ."
695fce8c97fdc5f42bd4e9ec,694fb81aaedc69db48c740d0,03/2025/NĐ-CP,1,"Nhà, đất do đối tượng quy định tại điểm b khoản 2 điều 2 nghị định này quản lý."
695fce8c97fdc5f42bd4e9ed,694fb81aaedc69db48c740d0,03/2025/NĐ-CP,2,"Nhà, đất do đối tượng quy định tại điểm b khoản 2 điều 2 nghị định này sử dụng."
695fce8e97fdc5f42bd4ea96,694fb81aaedc69db48c740ee,03/2025/NĐ-CP,1,Việc xác định đối tượng được thực hiện theo quy định.
695fce8e97fdc5f42bd4ea97,694fb81aaedc69db48c740ee,03/2025/NĐ-CP,2,"Việc xác định nhà, đất để sắp xếp lại, xử lý nhà, đất được thực hiện theo quy định."
695fce8e97fdc5f42bd4ea98,694fb81aaedc69db48c740ee,03/2025/NĐ-CP,3,"Trường hợp một cơ sở nhà, đất do nhiều đối tượng quy định tại khoản 1 quản lý."
695fce8f97fdc5f42bd4eb29,694fb81aaedc69db48c74124,03/2025/NĐ-CP,1,"Cơ quan có thẩm quyền lập phương án sắp xếp lại, xử lý nhà, đất định tại điểm b khoản 3 điều 4 nghị định này đồng thời là cơ quan chủ trì kiểm tra hiện trạng nhà, đất. Ủy ban nhân dân cấp tỉnh giao cho sở Tài chính lập phương án sắp xếp lại, xử lý đối với nhà, đất do cơ quan, tổ chức, đơn vị thuộc phạm vi quản lý của địa phương quản lý, sử dụng. Nhà, đất do cơ quan, tổ chức, đơn vị thuộc phạm vi quản lý của địa phương quản lý, sử dụng bao gồm cả nhà, đất trên địa bàn địa phương khác. Ủy ban nhân dân cấp tỉnh căn cứ tình hình thực tế của địa phương giao sở Tài chính chủ trì kiểm tra hiện trạng. Ủy ban nhân dân cấp tỉnh giao cho các sở, ban, ngành cấp tỉnh, ủy ban nhân dân cấp huyện chủ trì kiểm tra hiện trạng quản lý, sử dụng nhà, đất của các cơ quan, tổ chức, đơn vị thuộc phạm vi quản lý. Việc giao cơ quan chủ trì kiểm tra hiện trạng được thực hiện bằng văn bản. Văn bản giao cơ quan chủ trì kiểm tra hiện trạng được gửi đến các cơ quan, tổ chức, đơn vị liên quan để biết. Văn bản giao cơ quan chủ trì kiểm tra hiện trạng được gửi để phối hợp. Văn bản giao cơ quan chủ trì kiểm tra hiện trạng được gửi để thực hiện. Việc tổ chức kiểm tra hiện trạng nhà, đất được thực hiện như sau. Cơ quan chủ trì kiểm tra hiện trạng đồng thời là cơ quan có thẩm quyền lập phương án sắp xếp lại, xử lý nhà, đất. Việc kiểm tra hiện trạng nhà, đất được thực hiện sau khi cơ quan có thẩm quyền lập phương án nhận được báo cáo tổng hợp đề xuất phương án sắp xếp lại, xử lý nhà, đất trong trường hợp có cơ quan tổng hợp. Việc kiểm tra hiện trạng nhà, đất được thực hiện sau khi cơ quan có thẩm quyền lập phương án nhận được báo cáo kê khai và đề xuất phương án sắp xếp lại, xử lý nhà, đất trong trường hợp không có cơ quan tổng hợp."
695fce9197fdc5f42bd4ebdd,694fb81aaedc69db48c7416e,03/2025/NĐ-CP,1,"Xử lý trường hợp quy định tại điểm a khoản 1 điều này đối với nhà, đất đã được giao, bố trí làm nhà ở không đúng thẩm quyền kể từ ngày 19 tháng 01 năm 2007 thực hiện như sau. Trường hợp đủ điều kiện cấp giấy chứng nhận quyền sử dụng đất, quyền sở hữu tài sản gắn liền với đất theo quy định của pháp luật về đất đai thực hiện bán nhà cho người đang sử dụng. Việc xác định tiền nhà thực hiện theo quy định tại điểm a khoản 2 điều 71 nghị định số 95/2024/NĐ-CP ngày 24 tháng 7 năm 2024 của Chính phủ. Người đang sử dụng nhà, đất có trách nhiệm nộp tiền sử dụng đất theo quy định của pháp luật về đất đai. Người đang sử dụng nhà, đất có trách nhiệm nộp các khoản phải nộp khác (nếu có) theo quy định của pháp luật có liên quan. Việc cấp giấy chứng nhận quyền sử dụng đất, quyền sở hữu tài sản gắn liền với đất cho người đang sử dụng nhà, đất thực hiện theo quy định của pháp luật về đất đai. Trường hợp không đủ điều kiện cấp giấy chứng nhận quyền sử dụng đất, quyền sở hữu tài sản gắn liền với đất theo quy định của pháp luật về đất đai thì cơ quan chuyên môn về tài nguyên và môi trường địa phương căn cứ quy định tại điều 83 luật đất đai năm 2024 để trình ủy ban nhân dân cùng cấp quyết định thu hồi đất của người đang sử dụng theo quy định của pháp luật về đất đai. Việc bồi thường, hỗ trợ, tái định cư trong trường hợp này (nếu có) thực hiện theo quy định của pháp luật đất đai về bồi thường, hỗ trợ, tái định cư khi nhà nước thu hồi đất."
695fce9197fdc5f42bd4ebef,694fb81aaedc69db48c74175,03/2025/NĐ-CP,1,"Xử lý đối với trường hợp quy định tại điểm b khoản 1 điều này thực hiện theo quy định của pháp luật về đất đai và pháp luật khác có liên quan khi thực hiện giao đất, cho thuê đất. Cơ quan được giao trách nhiệm tham mưu tương ứng quy định tại khoản 8 điều này căn cứ tình hình thực tế và thực trạng của tài sản gắn liền với đất để báo cáo cơ quan, người có thẩm quyền giao đất, cho thuê đất xem xét, quyết định việc bán tài sản gắn liền với đất cho tổ chức, cá nhân được giao đất, cho thuê đất hoặc phá dỡ, huỷ bỏ tài sản gắn liền với đất trước khi tổ chức giao đất, cho thuê đất, đấu thầu dự án sử dụng đất, đấu giá quyền sử dụng đất. Cơ quan được giao trách nhiệm tham mưu tương ứng quy định tại khoản 8 điều này quyết định giá bán tài sản trên đất bảo đảm phù hợp với giá trị thực tế còn lại của tài sản trong trường hợp bán tài sản gắn liền với đất cho tổ chức, cá nhân được giao đất, cho thuê đất. Cơ quan được giao trách nhiệm tham mưu quy định tại khoản 8 điều này thành lập hội đồng thẩm định giá theo quy định của pháp luật về giá hoặc thuê doanh nghiệp thẩm định giá để thẩm định giá làm cơ sở quyết định giá bán. Người được giao đất, cho thuê đất có trách nhiệm trả tiền mua tài sản gắn liền với đất. Cơ quan được giao trách nhiệm tham mưu tương ứng quy định tại khoản 8 điều này thực hiện phá dỡ, huỷ bỏ tài sản gắn liền với đất trước khi tổ chức giao đất, cho thuê đất trong trường hợp phá dỡ, huỷ bỏ tài sản gắn liền với đất. Việc xử lý vật tư, vật liệu thu hồi từ phá dỡ, huỷ bỏ thực hiện theo quy định tương ứng tại Nghị định số 151/2017/NĐ-CP. Người được giao đất, cho thuê đất có trách nhiệm hoàn trả giá trị còn lại của tài sản gắn liền với đất được theo dõi trên sổ kế toán tại thời điểm thực hiện phá dỡ, huỷ bỏ. Việc người được giao đất, cho thuê đất có trách nhiệm hoàn trả giá trị còn lại của tài sản gắn liền với đất phải được xác định cụ thể trong phương án đấu giá quyền sử dụng đất. Việc người được giao đất, cho thuê đất phải hoàn trả giá trị còn lại của tài sản gắn liền với đất được thông báo cho tổ chức, cá nhân có nhu cầu giao đất, cho thuê đất biết. Việc hoàn trả giá trị còn lại của tài sản gắn liền với đất được thực hiện tương tự như nộp tiền bán tài sản gắn liền với đất trong trường hợp bán tài sản gắn liền với đất cho tổ chức, cá nhân được giao đất, cho thuê đất. Giá trị tài sản gắn liền với đất được phân bổ cho từng lô theo tỷ lệ diện tích của từng lô trên tổng diện tích của tất cả các lô trong trường hợp theo quy hoạch của địa phương mà phải chia thành nhiều lô để giao đất, cho thuê đất, đấu giá quyền sử dụng đất."
695fce9197fdc5f42bd4ebf8,694fb81aaedc69db48c74184,03/2025/NĐ-CP,1,"Trường hợp sử dụng toàn bộ cơ sở nhà, đất để cho mượn, cho thuê, hợp tác, kinh doanh, liên doanh, liên kết không đúng quy định thì xử lý theo quy định."
695fce9197fdc5f42bd4ebf9,694fb81aaedc69db48c74184,03/2025/NĐ-CP,2,"Trường hợp sử dụng một phần cơ sở nhà, đất để cho mượn, cho thuê, hợp tác, kinh doanh, liên doanh, liên kết không đúng quy định thì xử lý theo quy định."
695fce9197fdc5f42bd4ebfa,694fb81aaedc69db48c74184,03/2025/NĐ-CP,3,"Trường hợp sử dụng toàn bộ cơ sở nhà, đất không đúng quy định thì xử lý thu hồi."
695fce9197fdc5f42bd4ebfb,694fb81aaedc69db48c74184,03/2025/NĐ-CP,4,"Trường hợp sử dụng cơ sở nhà, đất theo các hình thức khác không đúng quy định của pháp luật về đất đai, pháp luật về quản lý, sử dụng tài sản công, pháp luật khác có liên quan thì xử lý theo quy định."
695fce9197fdc5f42bd4ebfc,694fb81aaedc69db48c74185,03/2025/NĐ-CP,1,"Trường hợp sử dụng toàn bộ cơ sở nhà, đất để cho mượn, cho thuê, hợp tác, kinh doanh, liên doanh, liên kết không đúng quy định thì xử lý như sau."
695fce9197fdc5f42bd4ebfd,694fb81aaedc69db48c74185,03/2025/NĐ-CP,2,"Trường hợp sử dụng một phần cơ sở nhà, đất để cho mượn, cho thuê, hợp tác, kinh doanh, liên doanh, liên kết không đúng quy định thì xử lý như sau."
695fce9297fdc5f42bd4ebfe,694fb81aaedc69db48c74185,03/2025/NĐ-CP,3,"Trường hợp sử dụng toàn bộ cơ sở nhà, đất theo các hình thức sử dụng khác không đúng quy định của pháp luật về đất đai, pháp luật về quản lý, sử dụng tài sản công, pháp luật khác có liên quan thì xử lý như sau."
695fce9297fdc5f42bd4ebff,694fb81aaedc69db48c74185,03/2025/NĐ-CP,4,"Trường hợp sử dụng một phần cơ sở nhà, đất theo các hình thức sử dụng khác không đúng quy định của pháp luật về đất đai, pháp luật về quản lý, sử dụng tài sản công, pháp luật khác có liên quan thì xử lý như sau."
695fce9297fdc5f42bd4ec00,694fb81aaedc69db48c74185,03/2025/NĐ-CP,5,"Trường hợp sử dụng một phần cơ sở nhà, đất không đúng quy định mà có thể tách phần diện tích sử dụng không đúng quy định thành khuôn viên độc lập thì xử lý thu hồi."
695fce9297fdc5f42bd4ec01,694fb81aaedc69db48c74185,03/2025/NĐ-CP,6,"Trường hợp sử dụng một phần cơ sở nhà, đất không đúng quy định mà có thể tách phần diện tích sử dụng không đúng quy định thành khuôn viên độc lập có lối đi riêng thì xử lý thu hồi."
695fce9597fdc5f42bd4ed24,694fb81aaedc69db48c74214,178/2025/NĐ-CP,1,Thời gian lập nhiệm vụ quy hoạch chung đô thị thuộc thẩm quyền phê duyệt của Thủ tướng Chính phủ không quá 03 tháng.
695fce9597fdc5f42bd4ed25,694fb81aaedc69db48c74214,178/2025/NĐ-CP,2,Thời gian lập quy hoạch chung đô thị thuộc thẩm quyền phê duyệt của Thủ tướng Chính phủ không quá 15 tháng.
695fce9597fdc5f42bd4ed26,694fb81aaedc69db48c74215,178/2025/NĐ-CP,1,Thời gian lập nhiệm vụ quy hoạch đối với quy hoạch chung đô thị không thuộc trường hợp quy định tại điểm a khoản 1 điều này không quá 02 tháng.
695fce9597fdc5f42bd4ed27,694fb81aaedc69db48c74215,178/2025/NĐ-CP,2,Thời gian lập nhiệm vụ quy hoạch đối với quy hoạch chung khu kinh tế không quá 02 tháng.
695fce9597fdc5f42bd4ed28,694fb81aaedc69db48c74215,178/2025/NĐ-CP,3,Thời gian lập nhiệm vụ quy hoạch đối với quy hoạch chung khu du lịch quốc gia không quá 02 tháng.
695fce9597fdc5f42bd4ed29,694fb81aaedc69db48c74215,178/2025/NĐ-CP,4,Thời gian lập quy hoạch không quá 12 tháng.
695fce9597fdc5f42bd4ed2a,694fb81aaedc69db48c74216,178/2025/NĐ-CP,1,Thời gian lập nhiệm vụ quy hoạch đối với quy hoạch chung xã không quá 01 tháng.
695fce9597fdc5f42bd4ed2b,694fb81aaedc69db48c74216,178/2025/NĐ-CP,2,Thời gian lập nhiệm vụ quy hoạch đối với quy hoạch chung đặc khu không định hướng phát triển đô thị không quá 01 tháng.
695fce9597fdc5f42bd4ed2c,694fb81aaedc69db48c74216,178/2025/NĐ-CP,3,Thời gian lập quy hoạch không quá 09 tháng.
695fce9697fdc5f42bd4ed84,694fb81aaedc69db48c7427f,178/2025/NĐ-CP,1,"Đối với trường hợp được xác định thực hiện thi tuyển ý tưởng quy hoạch đô thị và nông thôn theo quy định tại khoản 3 điều 19 luật quy hoạch đô thị và nông thôn, cơ quan tổ chức lập quy hoạch căn cứ nhiệm vụ quy hoạch được phê duyệt."
695fce9697fdc5f42bd4ed85,694fb81aaedc69db48c7427f,178/2025/NĐ-CP,2,Cơ quan tổ chức lập quy hoạch thực hiện quyết định kết quả thi tuyển.
695fce9697fdc5f42bd4ed86,694fb81aaedc69db48c7427f,178/2025/NĐ-CP,3,Cơ quan tổ chức lập quy hoạch thực hiện công bố kết quả thi tuyển.
695fce9d97fdc5f42bd4efd7,694fb81aaedc69db48c74414,123/2024/NĐ-CP,1,Thời điểm để tính thời hiệu xử phạt vi phạm hành chính được quy định như sau.
695fce9d97fdc5f42bd4efd8,694fb81aaedc69db48c74414,123/2024/NĐ-CP,2,Thời điểm để tính thời hiệu xử phạt vi phạm hành chính đối với các hành vi vi phạm hành chính theo quy định tại khoản 3 điều này là thời điểm chấm dứt hành vi vi phạm.
695fce9d97fdc5f42bd4efe3,694fb81aaedc69db48c7441d,123/2024/NĐ-CP,1,Hình thức xử phạt hành chính bao gồm hình thức cảnh cáo.
695fce9d97fdc5f42bd4efe4,694fb81aaedc69db48c7441e,123/2024/NĐ-CP,1,Hình thức xử phạt hành chính bao gồm phạt tiền.
695fce9e97fdc5f42bd4f021,694fb81aaedc69db48c7443e,123/2024/NĐ-CP,1,"Việc xác định số lợi bất hợp pháp đối với từng hành vi vi phạm cụ thể phải căn cứ vào diện tích vi phạm và thời gian vi phạm. Hành vi lấn đất hoặc chiếm đất được quy định tại điều 13 nghị định này. Số lợi bất hợp pháp được xác định bằng giá trị quyền sử dụng đất của diện tích đất lấn hoặc chiếm. Số lợi bất hợp pháp được tính theo công thức sau đây. Số lợi bất hợp pháp có được do thực hiện hành vi vi phạm diện tích đất vi phạm nhân với giá đất theo bảng giá đất nhân với tổng thời gian sử dụng đất đối với loại đất đang sử dụng sau khi lấn, chiếm là 70 năm trừ số năm vi phạm diện tích đất. Giá đất được xác định tại thời điểm lập biên bản vi phạm hành chính. Loại đất vi phạm là loại đất sau khi lấn đất hoặc chiếm đất. Loại đất được xác định theo hiện trạng của loại đất đang sử dụng tại thời điểm lập biên bản vi phạm hành chính. Số năm vi phạm được xác định từ thời điểm lấn đất hoặc chiếm đất đến thời điểm lập biên bản vi phạm hành chính. Trường hợp diện tích đất vi phạm sau khi lấn hoặc chiếm mà chưa có giá đất trong bảng giá đất thì lấy giá đất tại thửa đất cùng loại đất sau lấn hoặc chiếm ở vị trí gần nhất với diện tích đất vi phạm để xác định số lợi bất hợp pháp. Trường hợp lấn đất hoặc chiếm đất chưa sử dụng nhưng chưa sử dụng vào các mục đích có trong bảng giá đất thì cơ quan, người có thẩm quyền xác định số lợi bất hợp pháp trên cơ sở thực tế vụ việc, chứng cứ, các chứng từ, tài liệu (nếu có)."
695fce9e97fdc5f42bd4f02d,694fb81aaedc69db48c74445,123/2024/NĐ-CP,1,Diện tích đất vi phạm trong các trường hợp quy định tại Nghị định này được xác định như sau.
695fce9e97fdc5f42bd4f02e,694fb81aaedc69db48c74445,123/2024/NĐ-CP,2,Trường hợp vi phạm toàn bộ diện tích thửa đất mà đã có bản đồ địa chính thì diện tích vi phạm được xác định theo bản đồ địa chính.
695fce9e97fdc5f42bd4f02f,694fb81aaedc69db48c74445,123/2024/NĐ-CP,3,"Trường hợp diện tích vi phạm không có bản đồ địa chính nhưng có bản đồ khác đã, đang sử dụng trong quản lý đất đai tại địa phương thì diện tích vi phạm được xác định theo bản đồ đó."
695fce9e97fdc5f42bd4f04e,694fb81aaedc69db48c7445f,123/2024/NĐ-CP,1,Biện pháp khắc phục hậu quả là buộc nộp lại số lợi bất hợp pháp.
695fce9e97fdc5f42bd4f04f,694fb81aaedc69db48c7445f,123/2024/NĐ-CP,2,Số lợi bất hợp pháp có được do thực hiện hành vi vi phạm.
695fce9f97fdc5f42bd4f0a1,694fb81aaedc69db48c74488,123/2024/NĐ-CP,1,Biện pháp khắc phục hậu quả là buộc nộp lại số lợi bất hợp pháp.
695fce9f97fdc5f42bd4f0a2,694fb81aaedc69db48c74488,123/2024/NĐ-CP,2,Số lợi bất hợp pháp có được do thực hiện hành vi vi phạm.
695fce9f97fdc5f42bd4f0a6,694fb81aaedc69db48c7448f,123/2024/NĐ-CP,1,Biện pháp khắc phục hậu quả là buộc nộp lại số lợi bất hợp pháp.
695fce9f97fdc5f42bd4f0a7,694fb81aaedc69db48c7448f,123/2024/NĐ-CP,2,Số lợi bất hợp pháp có được do thực hiện hành vi vi phạm.
695fcea097fdc5f42bd4f0c7,694fb81aaedc69db48c744ad,123/2024/NĐ-CP,1,Biện pháp khắc phục hậu quả là buộc nộp lại số lợi bất hợp pháp.
695fcea097fdc5f42bd4f0c8,694fb81aaedc69db48c744ad,123/2024/NĐ-CP,2,Số lợi bất hợp pháp có được do thực hiện hành vi vi phạm.
695fcea897fdc5f42bd4f36f,694fb81aaedc69db48c74618,115/2024/NĐ-CP,1,Nội dung chi áp dụng đối với trường hợp cơ quan có thẩm quyền trực tiếp thực hiện.
695fcea897fdc5f42bd4f370,694fb81aaedc69db48c74618,115/2024/NĐ-CP,2,Nội dung chi áp dụng đối với trường hợp bên mời quan tâm trực tiếp thực hiện.
695fcea897fdc5f42bd4f371,694fb81aaedc69db48c74618,115/2024/NĐ-CP,3,Nội dung chi áp dụng đối với trường hợp bên mời thầu trực tiếp thực hiện.
695fcea997fdc5f42bd4f372,694fb81aaedc69db48c74618,115/2024/NĐ-CP,4,Nội dung chi áp dụng đối với trường hợp tổ thẩm định trực tiếp thực hiện.
695fcea997fdc5f42bd4f373,694fb81aaedc69db48c74618,115/2024/NĐ-CP,5,Nội dung chi bao gồm chi vật tư văn phòng.
695fcea997fdc5f42bd4f374,694fb81aaedc69db48c74618,115/2024/NĐ-CP,6,Nội dung chi bao gồm chi dịch thuật.
695fcea997fdc5f42bd4f375,694fb81aaedc69db48c74618,115/2024/NĐ-CP,7,Nội dung chi bao gồm chi tuyên truyền.
695fcea997fdc5f42bd4f376,694fb81aaedc69db48c74618,115/2024/NĐ-CP,8,Nội dung chi bao gồm chi liên lạc.
695fceaa97fdc5f42bd4f3cb,694fb81aaedc69db48c74639,115/2024/NĐ-CP,1,"Đối với dự án áp dụng hình thức đấu thầu rộng rãi quy định tại khoản 1 điều 35 của luật đấu thầu, phải chuẩn bị đấu thầu lựa chọn nhà đầu tư."
695fceaa97fdc5f42bd4f3cc,694fb81aaedc69db48c74639,115/2024/NĐ-CP,2,"Đối với dự án áp dụng hình thức đấu thầu hạn chế theo phương thức một giai đoạn một túi hồ sơ quy định tại khoản 1 điều 35 của luật đấu thầu, phải chuẩn bị đấu thầu lựa chọn nhà đầu tư."
695fceaa97fdc5f42bd4f3cd,694fb81aaedc69db48c7463a,115/2024/NĐ-CP,1,"Đối với dự án áp dụng hình thức đấu thầu rộng rãi, tổ chức đấu thầu lựa chọn nhà đầu tư."
695fceaa97fdc5f42bd4f3ce,694fb81aaedc69db48c7463a,115/2024/NĐ-CP,2,"Đối với dự án áp dụng hình thức đấu thầu hạn chế theo phương thức một giai đoạn một túi hồ sơ quy định tại khoản 1 điều 35 của luật đấu thầu, tổ chức đấu thầu lựa chọn nhà đầu tư."
695fceab97fdc5f42bd4f3cf,694fb81aaedc69db48c7463b,115/2024/NĐ-CP,1,"Đối với dự án áp dụng hình thức đấu thầu rộng rãi, chủ đầu tư đánh giá hồ sơ dự thầu."
695fceab97fdc5f42bd4f3d0,694fb81aaedc69db48c7463b,115/2024/NĐ-CP,2,"Đối với dự án áp dụng hình thức đấu thầu hạn chế theo phương thức một giai đoạn một túi hồ sơ quy định tại khoản 1 điều 35 của Luật Đấu thầu, chủ đầu tư đánh giá hồ sơ dự thầu."
695fceab97fdc5f42bd4f3d9,694fb81aaedc69db48c7463d,115/2024/NĐ-CP,1,"Đối với dự án áp dụng hình thức đấu thầu rộng rãi, đấu thầu hạn chế theo phương thức một giai đoạn một túi hồ sơ, cơ quan có thẩm quyền phải đàm phán hợp đồng."
695fceab97fdc5f42bd4f3da,694fb81aaedc69db48c7463d,115/2024/NĐ-CP,2,Cơ quan có thẩm quyền phải hoàn thiện hợp đồng.
695fceab97fdc5f42bd4f3db,694fb81aaedc69db48c7463d,115/2024/NĐ-CP,3,Cơ quan có thẩm quyền phải ký kết hợp đồng.
695fceab97fdc5f42bd4f3ec,694fb81aaedc69db48c74648,115/2024/NĐ-CP,1,"Đối với dự án có yêu cầu đặc thù phát triển kinh tế, xã hội của ngành, vùng, địa phương nhưng chưa xác định được cụ thể tiêu chuẩn về kỹ thuật, xã hội, môi trường, áp dụng hình thức đấu thầu rộng rãi theo phương thức hai giai đoạn một túi hồ sơ. Hình thức này quy định tại khoản 3 điều 35 của luật đấu thầu. Giai đoạn một là chuẩn bị đấu thầu lựa chọn nhà đầu tư."
695fceab97fdc5f42bd4f3ed,694fb81aaedc69db48c74649,115/2024/NĐ-CP,1,"Đối với dự án có yêu cầu đặc thù phát triển kinh tế, xã hội của ngành, vùng, địa phương nhưng chưa xác định được cụ thể tiêu chuẩn về kỹ thuật, xã hội, môi trường, áp dụng hình thức đấu thầu rộng rãi theo phương thức hai giai đoạn một túi hồ sơ quy định tại khoản 3 điều 35 của luật đấu thầu. Chủ đầu tư tổ chức đấu thầu lựa chọn nhà đầu tư giai đoạn một."
695fceab97fdc5f42bd4f3ee,694fb81aaedc69db48c7464a,115/2024/NĐ-CP,1,"Đối với dự án có yêu cầu đặc thù phát triển kinh tế, xã hội của ngành, vùng, địa phương nhưng chưa xác định được cụ thể tiêu chuẩn về kỹ thuật, xã hội, môi trường, áp dụng hình thức đấu thầu rộng rãi theo phương thức hai giai đoạn một túi hồ sơ. Hình thức đấu thầu rộng rãi theo phương thức hai giai đoạn một túi hồ sơ quy định tại khoản 3 điều 35 của luật đấu thầu. Hình thức này bao gồm chuẩn bị, tổ chức đấu thầu lựa chọn nhà đầu tư giai đoạn hai."
695fceab97fdc5f42bd4f3f3,694fb81aaedc69db48c7464c,115/2024/NĐ-CP,1,"Đối với dự án có yêu cầu đặc thù phát triển kinh tế, xã hội của ngành, vùng, địa phương nhưng chưa xác định được cụ thể tiêu chuẩn về kỹ thuật, xã hội, môi trường, phải áp dụng hình thức đấu thầu rộng rãi theo phương thức hai giai đoạn một túi hồ sơ quy định tại khoản 3 điều 35 của Luật đấu thầu. Chủ đầu tư phải trình kết quả lựa chọn nhà đầu tư. Cơ quan có thẩm quyền phải thẩm định kết quả lựa chọn nhà đầu tư. Cơ quan có thẩm quyền phải phê duyệt kết quả lựa chọn nhà đầu tư. Chủ đầu tư phải công khai kết quả lựa chọn nhà đầu tư."
695fceab97fdc5f42bd4f3f4,694fb81aaedc69db48c7464d,115/2024/NĐ-CP,1,"Đối với dự án có yêu cầu đặc thù phát triển kinh tế, xã hội của ngành, vùng, địa phương nhưng chưa xác định được cụ thể tiêu chuẩn về kỹ thuật, xã hội, môi trường, phải áp dụng hình thức đấu thầu rộng rãi theo phương thức hai giai đoạn một túi hồ sơ quy định tại khoản 3 điều 35 của luật đấu thầu. Cơ quan nhà nước có thẩm quyền phải đàm phán, hoàn thiện và ký kết hợp đồng."
695fceab97fdc5f42bd4f3f6,694fb81aaedc69db48c74650,115/2024/NĐ-CP,1,"Đối với dự án phải xác định số lượng nhà đầu tư quan tâm quy định tại khoản 2 điều 46 của luật đấu thầu và các điểm e, g, h, i và k khoản 2 điều 4 của nghị định này, cơ quan có thẩm quyền mời quan tâm."
695fceaf97fdc5f42bd4f4ad,694fb81aaedc69db48c746bb,115/2024/NĐ-CP,1,Hồ sơ dự thầu của nhà đầu tư được đánh giá là hợp lệ.
695fceaf97fdc5f42bd4f4ae,694fb81aaedc69db48c746bb,115/2024/NĐ-CP,2,Hồ sơ dự thầu của nhà đầu tư được đánh giá là hợp lệ khi hồ sơ dự thầu đó có bảo đảm dự thầu hợp lệ.
695fceb197fdc5f42bd4f554,694fb81aaedc69db48c7471b,115/2024/NĐ-CP,1,Nội dung đàm phán và hoàn thiện hợp đồng bao gồm các nội dung cần thiết khác.
695fceb397fdc5f42bd4f5af,694fb81aaedc69db48c74763,115/2024/NĐ-CP,1,Nội dung hồ sơ mời quan tâm bao gồm chỉ dẫn nhà đầu tư.
695fceb797fdc5f42bd4f6b6,694fb81aaedc69db48c747e0,115/2024/NĐ-CP,1,Việc nộp giá trị m vào ngân sách nhà nước được thực hiện như sau.
695fceb797fdc5f42bd4f6b7,694fb81aaedc69db48c747e0,115/2024/NĐ-CP,2,Hình thức nộp giá trị được quy định tại điểm a khoản này phải được quy định cụ thể tại hợp đồng.
695fceb797fdc5f42bd4f6b8,694fb81aaedc69db48c747e0,115/2024/NĐ-CP,3,Tiến độ nộp giá trị được quy định tại điểm a khoản này phải được quy định cụ thể tại hợp đồng.
695fceb797fdc5f42bd4f6b9,694fb81aaedc69db48c747e0,115/2024/NĐ-CP,4,Thời hạn nộp giá trị được quy định tại điểm a khoản này phải được quy định cụ thể tại hợp đồng.
695fceb797fdc5f42bd4f6e4,694fb81aaedc69db48c747f5,115/2024/NĐ-CP,1,"Việc nộp vào ngân sách nhà nước các giá trị quy định tại điểm a, điểm b khoản 1 và điểm a, điểm b khoản 3 điều này được thực hiện như sau."
695fceb797fdc5f42bd4f6e5,694fb81aaedc69db48c747f5,115/2024/NĐ-CP,2,Hình thức nộp giá trị quy định tại điểm a khoản này phải được quy định cụ thể tại hợp đồng.
695fceb797fdc5f42bd4f6e6,694fb81aaedc69db48c747f5,115/2024/NĐ-CP,3,Tiến độ nộp giá trị quy định tại điểm a khoản này phải được quy định cụ thể tại hợp đồng.
695fceb797fdc5f42bd4f6e7,694fb81aaedc69db48c747f5,115/2024/NĐ-CP,4,Thời hạn nộp giá trị quy định tại điểm a khoản này phải được quy định cụ thể tại hợp đồng.
695fceb897fdc5f42bd4f708,694fb81aaedc69db48c74811,115/2024/NĐ-CP,1,"Việc chuyển nhượng cổ phần, phần vốn góp của các thành viên, cổ đông trong tổ chức kinh tế do nhà đầu tư trúng thầu thành lập trước khi dự án được khai thác, vận hành phải được người có thẩm quyền chấp thuận."
695fceb897fdc5f42bd4f726,694fb81aaedc69db48c74828,115/2024/NĐ-CP,1,Nội dung thẩm định gồm các nội dung liên quan khác.
695fceb897fdc5f42bd4f747,694fb81aaedc69db48c7483a,115/2024/NĐ-CP,1,Nội dung thẩm định bao gồm các nội dung liên quan khác.
695fceb997fdc5f42bd4f758,694fb81aaedc69db48c74841,115/2024/NĐ-CP,1,Nội dung báo cáo thẩm định bao gồm các ý kiến khác.
695fceb997fdc5f42bd4f759,694fb81aaedc69db48c74841,115/2024/NĐ-CP,2,Các ý kiến khác này chỉ được nêu khi có.
695fceb997fdc5f42bd4f766,694fb81aaedc69db48c74857,115/2024/NĐ-CP,1,"Tại thời điểm đóng thầu không có nhà đầu tư nào nộp hồ sơ đăng ký thực hiện dự án. Tại thời điểm đóng thầu không có nhà đầu tư nào nộp hồ sơ dự thầu. Bên mời quan tâm báo cáo người có thẩm quyền xem xét, giải quyết theo một trong hai cách sau đây. Bên mời thầu báo cáo người có thẩm quyền xem xét, giải quyết theo một trong hai cách sau đây. Người có thẩm quyền cho phép gia hạn thời điểm đóng thầu tối đa 30 ngày."
695fceba97fdc5f42bd4f797,694fb81aaedc69db48c74877,115/2024/NĐ-CP,1,Nội dung kiểm tra hoạt động đấu thầu lựa chọn nhà đầu tư bao gồm các nội dung cần thiết khác.
695fceba97fdc5f42bd4f79d,694fb81aaedc69db48c74880,115/2024/NĐ-CP,1,Nội dung giám sát lựa chọn nhà đầu tư là lập hồ sơ mời thầu.
695fceba97fdc5f42bd4f79e,694fb81aaedc69db48c74880,115/2024/NĐ-CP,2,Nội dung giám sát lựa chọn nhà đầu tư là thẩm định hồ sơ mời thầu.
695fceba97fdc5f42bd4f79f,694fb81aaedc69db48c74880,115/2024/NĐ-CP,3,Nội dung giám sát lựa chọn nhà đầu tư là phê duyệt hồ sơ mời thầu.
695fceba97fdc5f42bd4f7a0,694fb81aaedc69db48c74881,115/2024/NĐ-CP,1,Nội dung giám sát lựa chọn nhà đầu tư là đánh giá hồ sơ dự thầu.
695fceba97fdc5f42bd4f7a2,694fb81aaedc69db48c74883,115/2024/NĐ-CP,1,Nội dung giám sát lựa chọn nhà đầu tư bao gồm kết quả đàm phán.
695fceba97fdc5f42bd4f7a3,694fb81aaedc69db48c74883,115/2024/NĐ-CP,2,Nội dung giám sát lựa chọn nhà đầu tư bao gồm hoàn thiện hợp đồng.
695fceba97fdc5f42bd4f7a4,694fb81aaedc69db48c74883,115/2024/NĐ-CP,3,Nội dung giám sát lựa chọn nhà đầu tư bao gồm ký kết hợp đồng.
695fcec197fdc5f42bd4f9ce,694fb81aaedc69db48c74932,115/2024/NĐ-CP,1,"Kể từ ngày nghị định này có hiệu lực thi hành, các nghị định sau đây hết hiệu lực thi hành."
695fcec197fdc5f42bd4f9cf,694fb81aaedc69db48c74932,115/2024/NĐ-CP,2,Nghị định số 25/2020/NĐ-CP ngày 28 tháng 02 năm 2020 của Chính phủ quy định chi tiết và hướng dẫn thi hành một số điều của Luật Đấu thầu về lựa chọn nhà đầu tư hết hiệu lực thi hành.
695fcec197fdc5f42bd4f9f4,694fb81aaedc69db48c74943,115/2024/NĐ-CP,1,"Bộ luật số 115/2024/NĐ-CP quy định chuyển tiếp đối với dự án đầu tư có sử dụng đất thuộc phạm vi đối với dự án đã phê duyệt kết quả đánh giá sơ bộ năng lực, kinh nghiệm trước ngày nghị định này có hiệu lực thi hành và có từ hai nhà đầu tư trở lên đáp ứng yêu cầu sơ bộ về năng lực, kinh nghiệm. Bộ luật số 115/2024/NĐ-CP quy định dự án đầu tư đó thực hiện chuyển tiếp như sau. Trường hợp dự án chưa phát hành hồ sơ mời thầu thì dự án thực hiện lựa chọn nhà đầu tư theo quy định của luật đấu thầu số 22/2023/QH15 và nghị định này. Trường hợp dự án đã phát hành hồ sơ mời thầu nhưng đến ngày 01 tháng 8 năm 2024 chưa có nhà đầu tư nộp hồ sơ dự thầu thì dự án hủy thông báo mời thầu và dừng việc lựa chọn nhà đầu tư. Trường hợp dự án đã phát hành hồ sơ mời thầu và có nhà đầu tư nộp hồ sơ dự thầu trước ngày 01 tháng 8 năm 2024 nhưng đến thời điểm nghị định này có hiệu lực thi hành chưa phê duyệt kết quả lựa chọn nhà đầu tư thì dự án tiếp tục đánh giá hồ sơ dự thầu theo hồ sơ mời thầu đã phát hành. Trường hợp dự án phê duyệt kết quả lựa chọn nhà đầu tư trước ngày 01 tháng 01 năm 2025 thì cơ quan có thẩm quyền tổ chức đàm phán, ký kết và quản lý thực hiện hợp đồng. Cơ quan có thẩm quyền thực hiện việc đó căn cứ kết quả lựa chọn nhà đầu tư, hồ sơ dự thầu, hồ sơ đề xuất, hồ sơ mời thầu và hồ sơ yêu cầu đã phát hành theo quy định của luật đấu thầu số 43/2013/QH13 và các văn bản quy định chi tiết, hướng dẫn thi hành luật này. Trường hợp đến ngày 01 tháng 01 năm 2025 mà chưa có kết quả lựa chọn nhà đầu tư thì dự án dừng việc lựa chọn nhà đầu tư."
695fcec297fdc5f42bd4fa22,694fb81baedc69db48c749b7,108/2024/NĐ-CP,1,"Nhà, đất không thuộc phạm vi điều chỉnh của nghị định này gồm nhà và đất được nhà nước giao để sử dụng làm cơ sở hoạt động sự nghiệp của đơn vị sự nghiệp công lập theo quy định của pháp luật về quản lý, sử dụng tài sản công. Việc quản lý và sử dụng nhà, đất này bao gồm việc sử dụng vào mục đích kinh doanh, cho thuê, liên doanh, liên kết. Việc sắp xếp lại và xử lý đối với nhà, đất này thực hiện theo quy định tại luật quản lý, sử dụng tài sản công. Việc sắp xếp lại và xử lý đối với nhà, đất này cũng thực hiện theo nghị định số 151/2017/NĐ-CP ngày 26 tháng 12 năm 2017 của Chính phủ quy định chi tiết một số điều của luật quản lý, sử dụng tài sản công. Việc sắp xếp lại và xử lý đối với nhà, đất này còn thực hiện theo nghị định số 167/2017/NĐ-CP ngày 31 tháng 12 năm 2017 của Chính phủ quy định về sắp xếp lại, xử lý tài sản công. Việc sắp xếp lại và xử lý đối với nhà, đất này cũng phải thực hiện theo các văn bản dẫn thi hành pháp luật. Cụ thể, khi thu hồi hoặc chuyển giao về địa phương quản lý đối với nhà, đất của đơn vị sự nghiệp công lập quy định tại điểm này, việc xử lý được thực hiện theo quy định. Sau đó, khi nhà, đất được giao hoặc điều chuyển cho tổ chức có chức năng quản lý, kinh doanh nhà địa phương để quản lý và khai thác, tổ chức đó chịu trách nhiệm quản lý và khai thác. Sau khi tổ chức có chức năng quản lý, kinh doanh nhà địa phương tiếp nhận, việc quản lý, sử dụng và khai thác nhà, đất được thực hiện theo quy định tại nghị định này."
695fcec497fdc5f42bd4faa5,694fb81baedc69db48c749f8,108/2024/NĐ-CP,1,"Căn cứ lập kế hoạch quản lý, khai thác nhà, đất gồm căn cứ khác."
695fcec497fdc5f42bd4faa6,694fb81baedc69db48c749f8,108/2024/NĐ-CP,2,Căn cứ khác được áp dụng nếu có.
695fcec497fdc5f42bd4fac4,694fb81baedc69db48c74a11,108/2024/NĐ-CP,1,"Bảng giá cho thuê nhà do ủy ban nhân dân cấp tỉnh ban hành được ổn định trong thời hạn 05 năm. Người đang thuê nhà trong thời hạn bảng giá ổn định được ổn định giá thuê nhà. Người đang thuê nhà không phải điều chỉnh bảng giá cho thuê nhà trong thời hạn bảng giá ổn định. Khi hết thời hạn ổn định của bảng giá cho thuê nhà thì giá thuê nhà được điều chỉnh theo bảng giá mới. Giá thuê nhà được điều chỉnh theo bảng giá mới kể từ thời điểm bảng giá mới được ban hành. Trường hợp cho thuê mới hoặc được gia hạn trong thời hạn ổn định bảng giá cho thuê nhà thì giá thuê nhà được điều chỉnh nếu giá đất do ủy ban nhân dân cấp tỉnh ban hành theo quy định của pháp luật về đất đai có thay đổi. Cơ sở nhà, đất có nhà đang cho thuê được điều chỉnh giá cho thuê nhà nếu giá đất có thay đổi. Trường hợp cơ quan, người có thẩm quyền ban hành hệ số điều chỉnh giá đất thì giá cho thuê nhà tại cơ sở nhà, đất đó được điều chỉnh. Tỷ lệ (%) điều chỉnh giá đất được xác định theo hệ số điều chỉnh giá đất để tính thu tiền thuê đất. Hệ số điều chỉnh giá đất được áp dụng trong trường hợp địa phương ban hành hệ số điều chỉnh giá đất để tính thu tiền thuê đất. Tỷ lệ (%) điều chỉnh giá đất được xác định theo công thức giá đất do ủy ban nhân dân cấp tỉnh ban hành sau điều chỉnh chia cho giá đất do ủy ban nhân dân cấp tỉnh đã ban hành của lần trước liền kề nhân với 100. Công thức trên áp dụng trong trường hợp ủy ban nhân dân cấp tỉnh điều chỉnh bảng giá đất. Tỷ lệ (%) điều chỉnh giá đất được xác định theo công thức giá đất do ủy ban nhân dân cấp tỉnh ban hành sau điều chỉnh nhân với hệ số điều chỉnh giá đất chia cho giá đất do ủy ban nhân dân cấp tỉnh đã ban hành của lần trước liền kề nhân với 100. Công thức này áp dụng trong trường hợp ủy ban nhân dân cấp tỉnh vừa điều chỉnh bảng giá đất vừa ban hành hệ số điều chỉnh giá đất."
695fcec697fdc5f42bd4fb20,694fb81baedc69db48c74a4d,108/2024/NĐ-CP,1,Nội dung chủ yếu của hợp đồng thuê nhà gồm phương thức thanh toán.
695fcec697fdc5f42bd4fb21,694fb81baedc69db48c74a4d,108/2024/NĐ-CP,2,Nội dung chủ yếu của hợp đồng thuê nhà gồm thời hạn thanh toán.
695fcec697fdc5f42bd4fb2a,694fb81baedc69db48c74a53,108/2024/NĐ-CP,1,Nội dung chủ yếu của hợp đồng thuê nhà gồm phạt vi phạm hợp đồng.
695fcec697fdc5f42bd4fb2d,694fb81baedc69db48c74a55,108/2024/NĐ-CP,1,Nội dung chủ yếu của hợp đồng thuê nhà gồm giải quyết tranh chấp.
695fcec697fdc5f42bd4fb2e,694fb81baedc69db48c74a56,108/2024/NĐ-CP,1,Nội dung chủ yếu của hợp đồng thuê nhà gồm thời điểm có hiệu lực của hợp đồng.
695fcec697fdc5f42bd4fb2f,694fb81baedc69db48c74a57,108/2024/NĐ-CP,1,Nội dung chủ yếu của hợp đồng thuê nhà gồm các nội dung khác.
695fcec697fdc5f42bd4fb30,694fb81baedc69db48c74a57,108/2024/NĐ-CP,2,Các nội dung khác phải tuân thủ theo quy định tại nghị định này.
695fcec697fdc5f42bd4fb31,694fb81baedc69db48c74a57,108/2024/NĐ-CP,3,Các nội dung khác phải tuân thủ theo pháp luật khác có liên quan.
695fcec697fdc5f42bd4fb35,694fb81baedc69db48c74a5d,108/2024/NĐ-CP,1,"Trường hợp có nhu cầu cho thuê trong thời gian chưa thực hiện xử lý, tổ chức quản lý, kinh doanh nhà tổng hợp vào kế hoạch quản lý, khai thác nhà, đất. Tổ chức quản lý, kinh doanh nhà tổng hợp vào kế hoạch quản lý, khai thác nhà, đất để báo cáo ủy ban nhân dân cấp tỉnh xem xét, phê duyệt theo quy định tại điều 9 nghị định này. Việc cho thuê được thực hiện theo quy định tại điều 14 nghị định này. Trường hợp đang trong thời gian cho thuê mà cơ quan, người có thẩm quyền quyết định xử lý nhà, đất hoặc phải thực hiện phương án xử lý đã được phê duyệt. Tổ chức quản lý, kinh doanh nhà có trách nhiệm thực hiện thủ tục chấm dứt hợp đồng thuê nhà theo quy định của pháp luật."
695fcec697fdc5f42bd4fb36,694fb81baedc69db48c74a5e,108/2024/NĐ-CP,1,"Trường hợp có nhu cầu cho thuê trong thời gian chưa thực hiện xử lý, tổ chức quản lý, kinh doanh nhà tổng hợp vào kế hoạch quản lý, khai thác nhà, đất. Tổ chức quản lý, kinh doanh nhà tổng hợp vào kế hoạch để báo cáo Ủy ban nhân dân cấp tỉnh xem xét, phê duyệt theo quy định tại điều 9 nghị định này. Việc cho thuê được thực hiện theo quy định tại điều 14 nghị định này. Trường hợp đang trong thời gian cho thuê mà cơ quan, người có thẩm quyền quyết định xử lý nhà, đất hoặc phải thực hiện phương án xử lý đã được phê duyệt. Tổ chức quản lý, kinh doanh nhà có trách nhiệm thực hiện thu hồi lại nhà, đất để xử lý theo quy định tại khoản 3 điều này."
695fcec797fdc5f42bd4fb70,694fb81baedc69db48c74a76,108/2024/NĐ-CP,1,"Đối với nhà, đất giao cho tổ chức quản lý, kinh doanh nhà để cho thuê quy định tại điểm a khoản 1 điều 1 nghị định này, việc xử lý được thực hiện."
695fcec797fdc5f42bd4fb71,694fb81baedc69db48c74a76,108/2024/NĐ-CP,2,Việc xử lý được thực hiện theo các hình thức sau.
695fcec797fdc5f42bd4fb72,694fb81baedc69db48c74a76,108/2024/NĐ-CP,3,Một trong các hình thức xử lý là điều chuyển.
695fcec797fdc5f42bd4fb73,694fb81baedc69db48c74a77,108/2024/NĐ-CP,1,"Đối với nhà, đất giao cho tổ chức quản lý, kinh doanh nhà để cho thuê quy định tại điểm a khoản 1 điều 1 nghị định này, việc xử lý được thực hiện theo hình thức thanh lý."
695fceca97fdc5f42bd4fc44,694fb81baedc69db48c74b0c,108/2024/NĐ-CP,1,Quyền của bên cho thuê bao gồm các quyền khác.
695fceca97fdc5f42bd4fc45,694fb81baedc69db48c74b0c,108/2024/NĐ-CP,2,Các quyền khác của bên cho thuê phải không trái luật.
695fceca97fdc5f42bd4fc46,694fb81baedc69db48c74b0c,108/2024/NĐ-CP,3,Các quyền khác của bên cho thuê phải không trái đạo đức xã hội.
695fceca97fdc5f42bd4fc59,694fb81baedc69db48c74b1b,108/2024/NĐ-CP,1,Quyền của bên thuê là chấm dứt thực hiện hợp đồng.
695fceca97fdc5f42bd4fc5a,694fb81baedc69db48c74b1b,108/2024/NĐ-CP,2,Quyền của bên thuê được thực hiện theo quy định tại nghị định số…./2024/nđ-cp ngày…/…/2024 của Chính phủ.
695fcecc97fdc5f42bd4fcc9,694fb81baedc69db48c74b50,104/2024/NĐ-CP,1,Điều lệ tổ chức và hoạt động của quỹ phát triển đất bao gồm tên gọi.
695fcecc97fdc5f42bd4fcca,694fb81baedc69db48c74b50,104/2024/NĐ-CP,2,Điều lệ tổ chức và hoạt động của quỹ phát triển đất bao gồm nơi đặt trụ sở chính.
695fcecc97fdc5f42bd4fd00,694fb81baedc69db48c74b73,104/2024/NĐ-CP,1,Cơ cấu tổ chức của quỹ phát triển đất gồm có hội đồng quản lý.
695fcecc97fdc5f42bd4fd01,694fb81baedc69db48c74b74,104/2024/NĐ-CP,1,Cơ cấu tổ chức của quỹ phát triển đất gồm có ban kiểm soát.
695fced297fdc5f42bd4febe,694fb81baedc69db48c74c69,103/2024/NĐ-CP,1,"Tiền đất trước khi chuyển mục đích sử dụng đất được tính đối với đất trước khi chuyển mục đích có nguồn gốc là đất nông nghiệp, đất phi nông nghiệp không phải là đất ở được nhà nước giao đất có thu tiền sử dụng đất có thời hạn sử dụng đất hoặc được nhà nước cho thuê đất trả tiền thuê đất một lần cho cả thời gian thuê, và người sử dụng đất đã hoàn thành nghĩa vụ tài chính về tiền sử dụng đất, tiền thuê đất. Tiền đất trước khi chuyển mục đích sử dụng đất được tính bằng diện tích đất có thu tiền sử dụng đất, thu tiền đất tiền thuê đất nhân với giá đất tương ứng trước thời hạn với thời hạn giao đất, cho thuê đất của đất chuyển mục đích trước khi chuyển mục đích. Giá đất tương ứng với thời hạn giao đất, cho thuê đất của đất trước khi chuyển mục đích là giá đất cụ thể để tính tiền thuê đất trả một lần cho cả thời gian thuê. Thời hạn sử dụng đất còn lại được xác định bằng thời hạn giao đất, cho thuê đất trước khi chuyển mục đích sử dụng đất trừ đi thời gian đã sử dụng đất trước khi chuyển mục đích. Trường hợp thời hạn sử dụng đất còn lại không tròn năm thì thời hạn sử dụng đất còn lại được tính theo tháng. Thời gian không tròn tháng được tính tròn 01 tháng nếu thời gian không tròn tháng từ 15 ngày trở lên. Thời gian không tròn tháng không được tính tiền đất trước khi chuyển mục đích sử dụng đất nếu thời gian không tròn tháng dưới 15 ngày. Trường hợp đất trước khi chuyển mục đích là đất nông nghiệp có nguồn gốc nhận chuyển nhượng hợp pháp của hộ gia đình, cá nhân được nhà nước giao đất không thu tiền sử dụng đất thì tiền đất trước khi chuyển mục đích sử dụng đất được tính bằng diện tích đất nông nghiệp được chuyển mục đích nhân với giá đất của loại đất tương ứng."
695fced397fdc5f42bd4feca,694fb81baedc69db48c74c6c,103/2024/NĐ-CP,1,"Tiền đất trước khi chuyển mục đích sử dụng đất được tính theo quy định. Việc xử lý đối với tiền đất trước khi chuyển mục đích sử dụng đất được thực hiện theo các điểm a, b, c và d khoản này. Trường hợp dự án sau khi chuyển mục đích có nhiều hình thức sử dụng đất thì việc xử lý tiền đất trước khi chuyển mục đích sử dụng đất được thực hiện như sau. Trường hợp dự án vừa có hình thức nhà nước giao đất có thu tiền sử dụng đất, vừa có hình thức nhà nước giao đất không thu tiền sử dụng đất thì toàn bộ tiền đất trước khi chuyển mục đích sử dụng đất được trừ vào số tiền sử dụng đất của dự án. Trường hợp dự án vừa có hình thức nhà nước giao đất có thu tiền sử dụng đất, vừa có hình thức nhà nước cho thuê đất, vừa có hình thức nhà nước giao đất không thu tiền sử dụng đất thì toàn bộ tiền đất trước khi chuyển mục đích sử dụng đất được trừ vào tiền sử dụng đất, tiền thuê đất của dự án. Trường hợp dự án vừa có hình thức nhà nước giao đất có thu tiền sử dụng đất, vừa có hình thức nhà nước cho thuê đất thì toàn bộ tiền đất trước khi chuyển mục đích sử dụng đất được trừ vào tiền sử dụng đất, tiền thuê đất của dự án. Việc trừ tiền đất trước khi chuyển mục đích sử dụng đất vào tiền sử dụng đất, tiền thuê đất được thực hiện theo nguyên tắc phân bổ. Nguyên tắc phân bổ tiền đất được áp dụng vào các phần diện tích đất tính tiền sử dụng đất và tiền thuê đất. Phân bổ tiền đất được tính theo tỷ lệ diện tích của từng phần trong tổng diện tích phải nộp tiền sử dụng đất và tiền thuê đất."
695fced497fdc5f42bd4ff46,694fb81baedc69db48c74cc0,103/2024/NĐ-CP,1,Trường hợp người sử dụng đất đề nghị điều chỉnh quy hoạch chi tiết của dự án theo quy định của pháp luật. Cơ quan nhà nước có thẩm quyền quyết định điều chỉnh quy hoạch chi tiết của dự án. Việc điều chỉnh làm thay đổi cơ cấu sử dụng đất hoặc vị trí từng loại đất hoặc hệ số sử dụng đất. Tiền sử dụng đất được tính theo quy định sau đây. Trường hợp dự án trước khi điều chỉnh quy hoạch chi tiết không thuộc trường hợp nhà nước giao đất thông qua đấu giá quyền sử dụng đất. Trường hợp người sử dụng đất chưa hoàn thành nghĩa vụ về tiền sử dụng đất theo quy định trước khi có quyết định điều chỉnh quy hoạch chi tiết của dự án. Quy định này chỉ áp dụng với dự án được giao đất trước ngày Luật Đất đai năm 2024 có hiệu lực thi hành và nay thực hiện điều chỉnh quy hoạch chi tiết. Người sử dụng đất phải thực hiện các nghĩa vụ sau đây. Trường hợp đã có thông báo tiền sử dụng đất tính theo quy hoạch chi tiết trước khi điều chỉnh quy hoạch. Người sử dụng đất phải nộp đủ số tiền sử dụng đất xác định theo quy hoạch chi tiết trước khi được điều chỉnh. Người sử dụng đất phải nộp tiền chậm nộp tiền sử dụng đất (nếu có) theo quy định của pháp luật về quản lý thuế. Trường hợp chưa có quyết định giá đất. Người sử dụng đất phải tính và nộp số tiền sử dụng đất theo quy định tại khoản 2 Điều 257 Luật Đất đai. Người sử dụng đất phải nộp khoản thu bổ sung theo quy định tại khoản 2 Điều 50 Nghị định này. Người sử dụng đất phải nộp bổ sung số tiền sử dụng đất bằng chênh lệch giữa tiền sử dụng đất phải nộp theo quy hoạch sau khi điều chỉnh và theo quy hoạch trước khi điều chỉnh. Số tiền này được xác định tại cùng thời điểm cơ quan nhà nước có thẩm quyền quyết định điều chỉnh quy hoạch theo quy định tại tiết a điểm này (nếu có). Trường hợp dự án trước khi điều chỉnh quy hoạch chi tiết thuộc trường hợp nhà nước giao đất thông qua đấu giá quyền sử dụng đất và người sử dụng đất đã hoàn thành nghĩa vụ về tiền sử dụng đất. Tiền sử dụng đất khi điều chỉnh quy hoạch chi tiết được tính như quy định sau đây.
695fceda97fdc5f42bd5009c,694fb81baedc69db48c74d82,103/2024/NĐ-CP,1,"Trường hợp tổ chức kinh tế nhận chuyển nhượng quyền sử dụng đất hợp pháp của tổ chức, cá nhân để thực hiện dự án đầu tư phù hợp với quy hoạch, kế hoạch sử dụng đất theo quy định tại Điều 127 Luật Đất đai. Tổ chức kinh tế phải chuyển mục đích sử dụng đất sau khi nhận chuyển nhượng. Tổ chức kinh tế phải thực hiện nghĩa vụ về tiền thuê đất theo quy định tại khoản 1, khoản 2 Điều 121 Luật Đất đai. Tiền thuê đất được tính như sau. Việc xử lý tiền đất trước khi chuyển mục đích sử dụng đất đối với dự án có nhiều hình thức sử dụng đất được thực hiện như sau. Trường hợp dự án vừa có hình thức Nhà nước cho thuê đất vừa có hình thức Nhà nước giao đất không thu tiền sử dụng đất. Toàn bộ tiền đất trước khi chuyển mục đích sử dụng đất theo quy định tại điểm b khoản này được trừ vào tiền thuê đất của dự án. Trường hợp dự án vừa có hình thức Nhà nước giao đất có thu tiền sử dụng đất, vừa có hình thức thuê đất, vừa có hình thức Nhà nước giao đất không thu tiền sử dụng đất. Tiền đất trước khi chuyển mục đích sử dụng đất quy định tại điểm b khoản này được trừ vào tiền sử dụng đất, tiền thuê đất phải nộp của dự án tương ứng với từng phần diện tích giao đất có thu tiền sử dụng đất, diện tích cho thuê đất. Khoản tiền đã trả để nhận chuyển nhượng quyền sử dụng đất của phần diện tích đất dự án được Nhà nước giao đất không thu tiền sử dụng đất được trừ theo nguyên tắc phân bổ cho phần diện tích đất có thu tiền sử dụng đất và phần diện tích đất có thu tiền thuê đất."
695fcedf97fdc5f42bd5022a,694fb81baedc69db48c74e5b,103/2024/NĐ-CP,1,"Tính tiền thuê đất đối với trường hợp nhà đầu tư được nhà nước cho thuê đất trả tiền thuê đất hằng năm để đầu tư xây dựng, kinh doanh kết cấu hạ tầng khu công nghiệp, cụm công nghiệp. Nhà đầu tư đã cho thuê lại đất có kết cấu hạ tầng theo hình thức trả tiền thuê đất một lần cho cả thời gian thuê trước ngày 01 tháng 7 năm 2014. Đối với trường hợp đã được nhà nước cho thuê đất trước ngày 01 tháng 01 năm 2006 mà ba loại giấy tờ gồm giấy chứng nhận đầu tư (giấy phép đầu tư), quyết định cho thuê đất, hợp đồng thuê đất do cơ quan nhà nước có thẩm quyền cấp (ký kết) không ghi nguyên tắc điều chỉnh đơn giá thuê đất. Hoặc tại một trong ba loại giấy tờ nêu trên có ghi nguyên tắc điều chỉnh đơn giá thuê đất nhưng đã thực hiện điều chỉnh lại theo quy định tại khoản 2 điều 9 nghị định số 142/2005/NĐ-CP. Doanh nghiệp đã cho thuê lại đất theo hình thức thuê đất trả tiền thuê đất một lần cho cả thời gian thuê trước ngày 01 tháng 7 năm 2014. Tiền thuê đất của doanh nghiệp kinh doanh kết cấu hạ tầng phải nộp theo quy định tại khoản 2 điều 260 luật đất đai năm 2024. Tiền thuê đất được tính, thu, nộp như sau. Tiền thuê đất hằng năm được tính, thu cho thời gian thuê đất từ ngày 01 tháng 01 năm 2006 đến ngày 31 tháng 12 năm 2025 theo đơn giá thuê đất đã được xác định theo đúng quy định. Hoặc theo đơn giá thuê đất đã tạm tính theo chính sách và giá đất tại thời điểm ban hành thông báo tạm nộp tiền thuê đất. Người thuê được quyết toán số tiền thuê đất theo số đã tính hoặc đã tạm nộp. Trường hợp đang tạm nộp tiền thuê đất theo chính sách và giá đất trước ngày 01 tháng 01 năm 2006. Hoặc chưa xác định lại đơn giá thuê đất theo quy định tại nghị định số 142/2005/NĐ-CP, nghị định số 46/2014/NĐ-CP, nghị định số 135/2016/NĐ-CP của Chính phủ. Người thuê phải điều chỉnh lại đơn giá thuê đất theo quy định của pháp luật từng thời kỳ để tính, thu, nộp tiền thuê đất cho thời gian từ ngày 01 tháng 01 năm 2006 đến ngày 31 tháng 12 năm 2025. Người thuê đất phải tính, thu tiền thuê đất một lần cho khoảng thời gian từ ngày 01 tháng 01 năm 2026 đến hết thời gian cho thuê lại đất. Số tiền này được tính trên cơ sở diện tích đất cho thuê lại. Thời gian cho thuê lại đất còn lại tính từ ngày 01 tháng 01 năm 2026. Đơn giá thuê đất hằng năm được xác định theo quy định của pháp luật tại thời điểm ngày 01 tháng 01 năm 2006. Số tiền này cộng thêm một khoản tiền tương đương với tiền chậm nộp theo quy định của pháp luật từng thời kỳ. Khoản tiền tương đương với tiền chậm nộp được tính đối với số tiền này từ ngày 01 tháng 01 năm 2006 đến thời điểm nộp tiền vào ngân sách nhà nước đối với trường hợp đã cho thuê lại đất trước ngày 01 tháng 01 năm 2006. Hoặc tính khoản tiền tương đương với tiền chậm nộp từ thời điểm cho thuê lại đất đến thời điểm nộp tiền vào ngân sách nhà nước đối với trường hợp đã cho thuê lại đất từ sau ngày 01 tháng 01 năm 2006 đến trước ngày 01 tháng 7 năm 2014."
695fcedf97fdc5f42bd5022b,694fb81baedc69db48c74e5c,103/2024/NĐ-CP,1,"Tổ chức tính tiền thuê đất đối với trường hợp nhà đầu tư được nhà nước cho thuê đất trả tiền thuê đất hằng năm để đầu tư xây dựng, kinh doanh kết cấu hạ tầng khu công nghiệp, cụm công nghiệp. Tổ chức tính tiền thuê đất đối với trường hợp nhà đầu tư đã cho thuê lại đất có kết cấu hạ tầng theo hình thức trả tiền thuê đất một lần cho cả thời gian thuê trước ngày 01 tháng 7 năm 2014. Đối với trường hợp nhà nước cho thuê đất trong giai đoạn từ ngày 01 tháng 01 năm 2006 đến trước ngày 01 tháng 7 năm 2014 và đã cho thuê lại đất theo hình thức thuê đất thu tiền một lần cho cả thời gian thuê trước ngày 01 tháng 7 năm 2014. Tiền thuê đất của doanh nghiệp kinh doanh kết cấu hạ tầng phải nộp theo quy định tại khoản 2 điều 260 luật đất đai năm 2024. Tiền thuê đất của doanh nghiệp kinh doanh kết cấu hạ tầng được tính, thu, nộp như sau. Tiến hành tính, thu, nộp tiền thuê đất hằng năm từ thời điểm được nhà nước cho thuê đất đến ngày 31 tháng 12 năm 2025. Tiến hành tính, thu, nộp tiền thuê đất hằng năm theo đơn giá thuê đất đã được xác định theo đúng quy định. Tiến hành tính, thu, nộp tiền thuê đất hằng năm theo đơn giá thuê đất đã tạm tính theo chính sách và giá đất tại thời điểm ban hành thông báo tạm nộp tiền thuê đất. Doanh nghiệp được quyết toán số tiền thuê đất theo số tiền đã tính hoặc đã tạm nộp. Trong trường hợp chưa xác định đơn giá thuê đất hoặc đang tạm nộp tiền thuê đất hằng năm nhưng chưa đúng chính sách và giá đất tại thời điểm ban hành thông báo tạm nộp tiền thuê đất. Doanh nghiệp phải thực hiện tính lại để thu, nộp tiền thuê đất cho thời gian từ thời điểm được nhà nước cho thuê đất đến ngày 31 tháng 12 năm 2025. Tiến hành tính, thu, nộp tiền thuê đất một lần cho thời gian từ ngày 01 tháng 01 năm 2026 đến hết thời gian cho thuê lại đất tương ứng với diện tích đã cho thuê lại. Trường hợp được nhà nước cho thuê đất trả tiền thuê đất hằng năm trong giai đoạn từ ngày 01 tháng 01 năm 2006 đến trước ngày 01 tháng 10 năm 2009. Số tiền thuê đất phải nộp một lần được tính bằng tiền thuê đất hằng năm tại thời điểm cho thuê lại đất nhân với số năm cho thuê lại đất. Số năm cho thuê lại đất được tính từ ngày 01 tháng 01 năm 2026 đến hết thời gian cho thuê lại đất. Số tiền thuê đất phải nộp một lần được cộng thêm một khoản tiền tương đương với mức thu tiền chậm nộp theo quy định của pháp luật về quản lý thuế từng thời kỳ. Khoản tiền tương đương được tính từ thời điểm nhà đầu tư cho thuê lại đất đến thời điểm nộp tiền vào ngân sách nhà nước. Trường hợp được nhà nước cho thuê đất trả tiền thuê đất hằng năm trong giai đoạn từ ngày 01 tháng 10 năm 2009 đến trước ngày 01 tháng 7 năm 2014. Số tiền thuê đất phải nộp một lần được tính bằng số tiền sử dụng đất phải nộp như trường hợp giao đất có thu tiền sử dụng đất. Số tiền sử dụng đất phải nộp có cùng mục đích sử dụng đất và cùng thời hạn sử dụng đất. Thời hạn sử dụng đất được tính từ ngày 01 tháng 01 năm 2026 đến hết thời gian cho thuê lại đất. Số tiền thuê đất phải nộp một lần được tính theo chính sách và giá đất tại thời điểm cho thuê lại đất. Số tiền thuê đất phải nộp một lần được cộng thêm một khoản tiền tương đương với mức thu tiền chậm nộp theo quy định của pháp luật về quản lý thuế từng thời kỳ. Khoản tiền tương đương được tính từ thời điểm nhà đầu tư cho thuê lại đất đến thời điểm nộp tiền vào ngân sách nhà nước."
695fcee297fdc5f42bd502f6,694fb81baedc69db48c74f14,102/2024/NĐ-CP,1,"Đất sử dụng vào mục đích công cộng bao gồm đất công trình giao thông. Đất công trình giao thông là đất xây dựng các công trình về giao thông. Đất công trình giao thông gồm đường ô tô cao tốc, đường ô tô, đường trong đô thị và đường nông thôn. Đường nông thôn bao gồm đường tránh, đường cứu nạn và đường trên đồng ruộng phục vụ nhu cầu đi lại chung của mọi người. Đất công trình giao thông còn là điểm dừng xe, điểm đón trả khách, trạm thu phí giao thông, công trình kho bãi, nhà để xe ô tô và bãi đỗ xe. Đất công trình giao thông còn là bến phà, bến xe, trạm thu phí và trạm dừng nghỉ. Đất công trình giao thông còn bao gồm các loại hình đường sắt và nhà ga đường sắt. Đất công trình giao thông còn là đường tàu điện, các loại cầu và hầm phục vụ giao thông. Đất công trình giao thông còn là công trình đường thủy nội địa và công trình hàng hải. Đất công trình giao thông còn là cảng hàng không, kể cả đất xây dựng trụ sở các cơ quan nhà nước hoạt động thường xuyên. Đất công trình giao thông còn là đất xây dựng kết cấu hạ tầng cảng hàng không, khu vực cất hạ cánh và sân đỗ tàu bay. Đất công trình giao thông còn là tuyến cáp treo và nhà ga cáp treo. Đất công trình giao thông còn là cảng cá và cảng cạn. Đất công trình giao thông còn là các công trình trụ sở, văn phòng và cơ sở kinh doanh dịch vụ trong ga, cảng, bến xe. Đất công trình giao thông còn là hành lang bảo vệ an toàn công trình giao thông mà phải thu hồi đất để lưu không. Đất công trình giao thông còn là các kết cấu khác phục vụ cho hoạt động giao thông vận tải. Đất công trình giao thông còn là các công trình và hạng mục công trình khác theo quy định của pháp luật về giao thông vận tải."
695fceec97fdc5f42bd5054c,694fb81baedc69db48c7502c,102/2024/NĐ-CP,1,Nguyên tắc phân bổ chỉ tiêu sử dụng đất ưu tiên quỹ đất đáp ứng yêu cầu phát triển hệ thống kết cấu hạ tầng đồng bộ. Quỹ đất đáp ứng yêu cầu phát triển hệ thống kết cấu hạ tầng đồng bộ bảo đảm kết nối không gian phát triển liên ngành. Quỹ đất đáp ứng yêu cầu phát triển hệ thống kết cấu hạ tầng đồng bộ bảo đảm kết nối không gian phát triển liên vùng. Quỹ đất đáp ứng yêu cầu phát triển hệ thống kết cấu hạ tầng đồng bộ bảo đảm kết nối các hành lang kinh tế. Quỹ đất đáp ứng yêu cầu phát triển hệ thống kết cấu hạ tầng đồng bộ bảo đảm kết nối các vùng động lực phát triển của quốc gia. Quỹ đất đáp ứng nhu cầu phát triển giáo dục. Quỹ đất đáp ứng nhu cầu phát triển y tế. Quỹ đất đáp ứng nhu cầu phát triển xã hội. Quỹ đất đáp ứng nhu cầu phát triển văn hóa. Quỹ đất đáp ứng nhu cầu phát triển thể thao. Quỹ đất đáp ứng nhu cầu phát triển nhà ở xã hội. Quỹ đất đáp ứng nhu cầu phát triển nhà ở cho lực lượng vũ trang nhân dân.
695fceed97fdc5f42bd505a3,694fb81baedc69db48c7503a,102/2024/NĐ-CP,1,Tiêu chí phân bổ các chỉ tiêu trong quy hoạch sử dụng đất cấp tỉnh cho quy hoạch sử dụng đất cấp huyện đối với đất xây dựng trụ sở cơ quan được xác định trên cơ sở hiện trạng sử dụng đất. Tiêu chí phân bổ các chỉ tiêu trong quy hoạch sử dụng đất cấp tỉnh cho quy hoạch sử dụng đất cấp huyện đối với đất xây dựng trụ sở cơ quan được xác định trên cơ sở biến động sử dụng đất. Tiêu chí phân bổ các chỉ tiêu trong quy hoạch sử dụng đất cấp tỉnh cho quy hoạch sử dụng đất cấp huyện đối với đất xây dựng trụ sở cơ quan được xác định trên cơ sở nhu cầu sử dụng đất. Tiêu chí phân bổ các chỉ tiêu trong quy hoạch sử dụng đất cấp tỉnh cho quy hoạch sử dụng đất cấp huyện đối với đất xây dựng trụ sở cơ quan được xác định trên cơ sở kết quả thực hiện chỉ tiêu sử dụng đất trong quy hoạch kỳ trước. Tiêu chí phân bổ các chỉ tiêu trong quy hoạch sử dụng đất cấp tỉnh cho quy hoạch sử dụng đất cấp huyện đối với đất xây dựng trụ sở cơ quan được xác định trên cơ sở định hướng sử dụng đất trong quy hoạch tỉnh. Tiêu chí phân bổ các chỉ tiêu trong quy hoạch sử dụng đất cấp tỉnh cho quy hoạch sử dụng đất cấp huyện đối với đất xây dựng trụ sở cơ quan được xác định trên cơ sở định mức sử dụng đất. Tiêu chí phân bổ các chỉ tiêu trong quy hoạch sử dụng đất cấp tỉnh cho quy hoạch sử dụng đất cấp huyện đối với đất xây dựng trụ sở cơ quan được xác định trên cơ sở định hướng của ngành. Tiêu chí phân bổ các chỉ tiêu trong quy hoạch sử dụng đất cấp tỉnh cho quy hoạch sử dụng đất cấp huyện đối với đất xây dựng trụ sở cơ quan được xác định trên cơ sở quy hoạch của ngành. Tiêu chí phân bổ các chỉ tiêu trong quy hoạch sử dụng đất cấp tỉnh cho quy hoạch sử dụng đất cấp huyện đối với đất xây dựng trụ sở cơ quan được xác định trên cơ sở quy chuẩn kỹ thuật quốc gia về quy hoạch xây dựng. Tiêu chí phân bổ các chỉ tiêu trong quy hoạch sử dụng đất cấp tỉnh cho quy hoạch sử dụng đất cấp huyện đối với đất xây dựng trụ sở cơ quan được xác định trên cơ sở quy chuẩn kỹ thuật quốc gia về quy hoạch đô thị.
695fceed97fdc5f42bd505a4,694fb81baedc69db48c7503b,102/2024/NĐ-CP,1,Tiêu chí phân bổ các chỉ tiêu trong quy hoạch sử dụng đất cấp tỉnh cho quy hoạch sử dụng đất cấp huyện đối với đất xây dựng công trình sự nghiệp được xác định dựa trên cơ sở hiện trạng sử dụng đất. Tiêu chí phân bổ các chỉ tiêu trong quy hoạch sử dụng đất cấp tỉnh cho quy hoạch sử dụng đất cấp huyện đối với đất xây dựng công trình sự nghiệp được xác định dựa trên cơ sở biến động sử dụng đất. Tiêu chí phân bổ các chỉ tiêu trong quy hoạch sử dụng đất cấp tỉnh cho quy hoạch sử dụng đất cấp huyện đối với đất xây dựng công trình sự nghiệp được xác định dựa trên nhu cầu sử dụng đất. Tiêu chí phân bổ các chỉ tiêu trong quy hoạch sử dụng đất cấp tỉnh cho quy hoạch sử dụng đất cấp huyện đối với đất xây dựng công trình sự nghiệp được xác định dựa trên kết quả thực hiện chỉ tiêu sử dụng đất trong quy hoạch kỳ trước. Tiêu chí phân bổ các chỉ tiêu trong quy hoạch sử dụng đất cấp tỉnh cho quy hoạch sử dụng đất cấp huyện đối với đất xây dựng công trình sự nghiệp được xác định dựa trên định hướng sử dụng đất trong quy hoạch tỉnh. Tiêu chí phân bổ các chỉ tiêu trong quy hoạch sử dụng đất cấp tỉnh cho quy hoạch sử dụng đất cấp huyện đối với đất xây dựng công trình sự nghiệp được xác định dựa trên định mức sử dụng đất. Tiêu chí phân bổ các chỉ tiêu trong quy hoạch sử dụng đất cấp tỉnh cho quy hoạch sử dụng đất cấp huyện đối với đất xây dựng công trình sự nghiệp được xác định dựa trên định hướng của ngành. Tiêu chí phân bổ các chỉ tiêu trong quy hoạch sử dụng đất cấp tỉnh cho quy hoạch sử dụng đất cấp huyện đối với đất xây dựng công trình sự nghiệp được xác định dựa trên quy hoạch của ngành. Tiêu chí phân bổ các chỉ tiêu trong quy hoạch sử dụng đất cấp tỉnh cho quy hoạch sử dụng đất cấp huyện đối với đất xây dựng công trình sự nghiệp được xác định dựa trên quy chuẩn kỹ thuật quốc gia về quy hoạch xây dựng.
695fcef497fdc5f42bd50765,694fb81baedc69db48c75134,102/2024/NĐ-CP,1,"Trình tự thực hiện điều chỉnh quyết định giao đất, cho thuê đất, cho phép chuyển mục đích sử dụng đất với trường hợp quy định tại điểm b khoản 1 điều này được quy định như sau. Trường hợp có sai sót trong quyết định giao đất, cho thuê đất, cho phép chuyển mục đích sử dụng đất làm thay đổi tiền sử dụng đất, tiền thuê đất đã nộp mà tiền sử dụng đất, tiền thuê đất được xác định lại theo giá đất trong bảng giá đất thì cơ quan có chức năng quản lý đất đai phải rà soát, kiểm tra hồ sơ. Cơ quan có chức năng quản lý đất đai phải kiểm tra thực địa. Cơ quan có chức năng quản lý đất đai hoàn thiện hồ sơ trình Ủy ban nhân dân cấp có thẩm quyền ban hành quyết định điều chỉnh quyết định giao đất, cho thuê đất, cho phép chuyển mục đích sử dụng đất. Hồ sơ bao gồm giấy tờ quy định tại điểm a khoản này. Hồ sơ bao gồm tờ trình theo mẫu số 03 tại phụ lục ban hành kèm theo nghị định này. Hồ sơ bao gồm dự thảo quyết định điều chỉnh quyết định giao đất, cho thuê đất, cho phép chuyển mục đích sử dụng đất theo mẫu số 04d tại phụ lục ban hành kèm theo nghị định này. Dự thảo quyết định có nội dung về trách nhiệm của cơ quan có thẩm quyền trong việc hướng dẫn người sử dụng đất nộp bổ sung hoặc được hoàn trả tiền sử dụng đất, tiền thuê đất. Ủy ban nhân dân cấp có thẩm quyền xem xét ban hành quyết định điều chỉnh quyết định giao đất, cho thuê đất, cho phép chuyển mục đích sử dụng đất. Cơ quan có chức năng quản lý đất đai chuyển thông tin địa chính thửa đất theo mẫu số 04h tại phụ lục ban hành kèm theo nghị định này cho cơ quan thuế. Cơ quan thuế xác định tiền sử dụng đất, tiền thuê đất phải nộp bổ sung theo quy định. Cơ quan thuế ban hành thông báo nộp tiền sử dụng đất, tiền thuê đất bổ sung gửi cho người sử dụng đất. Cơ quan có thẩm quyền xác định tiền sử dụng đất, tiền thuê đất được hoàn trả theo quy định. Cơ quan có thẩm quyền thông báo cho người sử dụng đất về tiền sử dụng đất, tiền thuê đất được hoàn trả. Người sử dụng đất nộp bổ sung tiền sử dụng đất, tiền thuê đất đã nộp theo pháp luật về tiền sử dụng đất, tiền thuê đất và theo pháp luật về quản lý thuế. Người sử dụng đất được hoàn trả tiền sử dụng đất, tiền thuê đất đã nộp theo pháp luật về tiền sử dụng đất, tiền thuê đất và theo pháp luật về quản lý thuế. Cơ quan thuế gửi văn bản thông báo người sử dụng đất đã hoàn thành việc nộp bổ sung tiền sử dụng đất, tiền thuê đất cho cơ quan có chức năng quản lý đất đai theo pháp luật về tiền sử dụng đất, tiền thuê đất và theo pháp luật về quản lý thuế. Cơ quan có thẩm quyền gửi văn bản thông báo đã hoàn trả tiền sử dụng đất, tiền thuê đất cho cơ quan có chức năng quản lý đất đai theo pháp luật về tiền sử dụng đất, tiền thuê đất và theo pháp luật về quản lý thuế. Cơ quan có chức năng quản lý đất đai trình cấp có thẩm quyền ký cấp giấy chứng nhận. Trường hợp điều chỉnh hợp đồng thuê đất thì cơ quan có chức năng quản lý đất đai thực hiện theo mẫu số 05b tại phụ lục ban hành kèm theo nghị định này. Văn phòng đăng ký đất đai có trách nhiệm cập nhật, chỉnh lý cơ sở dữ liệu đất đai, hồ sơ địa chính. Chi nhánh văn phòng đăng ký đất đai có trách nhiệm cập nhật, chỉnh lý cơ sở dữ liệu đất đai, hồ sơ địa chính."
695fceff97fdc5f42bd509d8,694fb81baedc69db48c75291,102/2024/NĐ-CP,1,"Đơn vị quân đội, đơn vị công an, đơn vị sự nghiệp công lập thuộc Quân đội nhân dân, Công an nhân dân và doanh nghiệp nhà nước do Bộ Quốc phòng, Bộ Công an được giao quản lý đang quản lý, sử dụng đất quốc phòng, an ninh. Đơn vị quân đội, đơn vị công an, đơn vị sự nghiệp công lập thuộc Quân đội nhân dân, Công an nhân dân và doanh nghiệp nhà nước phải thu hồi, chuyển giao đất quốc phòng, an ninh cho địa phương theo quy định tại Điều 84 Luật Đất đai hoặc theo quy hoạch sử dụng đất quốc phòng, quy hoạch sử dụng đất an ninh. Đơn vị quân đội, đơn vị công an, đơn vị sự nghiệp công lập thuộc Quân đội nhân dân, Công an nhân dân và doanh nghiệp nhà nước xử lý đất quốc phòng, an ninh như sau. Công ty cổ phần do Bộ Quốc phòng, Bộ Công an quản lý, sử dụng đất theo Nghị quyết số 132/2020/QH14 ngày 17 tháng 11 năm 2020 của Quốc hội và Nghị định số 26/2021/NĐ-CP ngày 25 tháng 3 năm 2021 của Chính phủ thực hiện quyền sử dụng đất theo hợp đồng đã ký kết với Bộ Quốc phòng, Bộ Công an. Công ty cổ phần chưa ký hợp đồng với Bộ Quốc phòng, Bộ Công an phải thực hiện theo quy định riêng. Công ty cổ phần do Nhà nước nắm giữ trên 50% vốn điều lệ do Bộ Quốc phòng, Bộ Công an giao quản lý thực hiện theo phương án sử dụng đất do Bộ Quốc phòng, Bộ Công an phê duyệt. Công ty cổ phần do Nhà nước nắm giữ dưới 50% vốn điều lệ do Bộ Quốc phòng, Bộ Công an giao quản lý thực hiện theo phương án sắp xếp lại, xử lý tài sản công được cấp có thẩm quyền phê duyệt."
695fcf0097fdc5f42bd50a09,694fb81baedc69db48c752c2,102/2024/NĐ-CP,1,"Tiền sử dụng đất hằng năm được xác định khi sử dụng đất quốc phòng, an ninh kết hợp với hoạt động lao động sản xuất, xây dựng kinh tế. Tiền sử dụng đất hằng năm được xác định theo công thức: tiền sử dụng đất hằng năm bằng diện tích đất sử dụng kết hợp với hoạt động lao động sản xuất, xây dựng kinh tế theo phương án được phê duyệt nhân với giá đất theo bảng giá đất nhân với tỷ lệ phần trăm đơn giá sử dụng đất hằng năm nhân với tỷ lệ phần trăm doanh thu ngoài nhiệm vụ quân sự, quốc phòng, an ninh hằng năm. Diện tích đất sử dụng kết hợp với hoạt động lao động sản xuất, xây dựng kinh tế không bao gồm các diện tích đường giao thông nội bộ. Diện tích đất sử dụng không bao gồm nhà ăn. Diện tích đất sử dụng không bao gồm nhà bếp. Diện tích đất sử dụng không bao gồm nhà ở. Diện tích đất sử dụng không bao gồm nhà làm việc. Diện tích đất sử dụng không bao gồm nhà bảo vệ. Diện tích đất sử dụng không bao gồm nhà để xe. Diện tích đất sử dụng không bao gồm khuôn viên cây xanh. Diện tích đất sử dụng không bao gồm hành lang an toàn. Diện tích đất sử dụng không bao gồm bãi thử vũ khí. Diện tích đất sử dụng không bao gồm khu vực huấn luyện. Diện tích đất sử dụng không bao gồm đường lăn. Diện tích đất sử dụng không bao gồm sân đỗ máy bay. Diện tích đất sử dụng không bao gồm đường cất hạ cánh. Diện tích đất sử dụng không bao gồm khu vực nhà chứa máy bay. Diện tích đất sử dụng không bao gồm nhà ga. Diện tích đất sử dụng không bao gồm đất phục vụ tĩnh không sân bay. Diện tích đất sử dụng không bao gồm công trình phục vụ tuần tra. Diện tích đất sử dụng không bao gồm công trình bảo vệ sân bay. Diện tích đất sử dụng không bao gồm đài chỉ huy sân bay. Diện tích đất sử dụng không bao gồm các công trình thiết yếu khác phục vụ hoạt động khai thác bay. Diện tích đất sử dụng không bao gồm khu thể dục thể thao. Diện tích đất sử dụng không bao gồm nhà truyền thống. Diện tích đất sử dụng không bao gồm nhà văn hóa. Diện tích đất sử dụng không bao gồm nhà sinh hoạt cộng đồng. Diện tích đất sử dụng không bao gồm nhà trẻ. Diện tích đất sử dụng không bao gồm mẫu giáo. Diện tích đất sử dụng không bao gồm đội sản xuất. Diện tích đất sử dụng không bao gồm khu vườn ươm. Diện tích đất sử dụng không bao gồm nhà khách. Diện tích đất sử dụng không bao gồm nhà nghỉ cho cán bộ, công nhân viên chức. Diện tích đất sử dụng không bao gồm nhà ở cho công nhân. Diện tích đất sử dụng không bao gồm các diện tích khác không tạo ra lợi nhuận."
695fcf0597fdc5f42bd50b3c,694fb81baedc69db48c75356,102/2024/NĐ-CP,1,"Nội dung phương án sử dụng đất kết hợp vào mục đích thương mại, dịch vụ được quy định rõ."
695fcf0597fdc5f42bd50b3d,694fb81baedc69db48c75356,102/2024/NĐ-CP,2,Phương án tháo dỡ công trình được đề ra.
695fcf0597fdc5f42bd50b3e,694fb81baedc69db48c75356,102/2024/NĐ-CP,3,Phương án khôi phục lại đủ điều kiện sử dụng đất vào mục đích chính khi hết thời hạn sử dụng vào mục đích kết hợp được thực hiện.
695fcf0897fdc5f42bd50be5,694fb81baedc69db48c7539a,102/2024/NĐ-CP,1,Cơ quan có thẩm quyền căn cứ kiểm tra kế hoạch kiểm tra định kỳ hằng năm.
695fcf0897fdc5f42bd50be6,694fb81baedc69db48c7539b,102/2024/NĐ-CP,1,"Cơ quan, người có thẩm quyền quản lý nhà nước về đất đai căn cứ kiểm tra chỉ đạo."
695fcf0c97fdc5f42bd50cda,694fb81baedc69db48c753da,102/2024/NĐ-CP,1,Thời gian thực hiện thủ tục giải quyết tranh chấp đất đai đối với các xã miền núi được tăng thêm 10 ngày.
695fcf0c97fdc5f42bd50cdb,694fb81baedc69db48c753da,102/2024/NĐ-CP,2,Thời gian thực hiện thủ tục giải quyết tranh chấp đất đai đối với các xã biên giới được tăng thêm 10 ngày.
695fcf0c97fdc5f42bd50cdc,694fb81baedc69db48c753da,102/2024/NĐ-CP,3,Thời gian thực hiện thủ tục giải quyết tranh chấp đất đai đối với các xã đảo được tăng thêm 10 ngày.
695fcf0c97fdc5f42bd50cdd,694fb81baedc69db48c753da,102/2024/NĐ-CP,4,Thời gian thực hiện thủ tục giải quyết tranh chấp đất đai đối với các xã vùng có điều kiện kinh tế - xã hội khó khăn được tăng thêm 10 ngày.
695fcf0c97fdc5f42bd50cde,694fb81baedc69db48c753da,102/2024/NĐ-CP,5,Thời gian thực hiện thủ tục giải quyết tranh chấp đất đai đối với các xã vùng có điều kiện kinh tế - xã hội đặc biệt khó khăn được tăng thêm 10 ngày.
695fcf0c97fdc5f42bd50cdf,694fb81baedc69db48c753da,102/2024/NĐ-CP,6,Thời gian thực hiện thủ tục giải quyết tranh chấp đất đai quy định tại điểm a khoản này được tăng thêm 10 ngày.
695fcf0c97fdc5f42bd50ce0,694fb81baedc69db48c753da,102/2024/NĐ-CP,7,Thời gian thực hiện thủ tục giải quyết tranh chấp đất đai quy định tại điểm b khoản này được tăng thêm 10 ngày.
695fcf1297fdc5f42bd50e56,694fb81baedc69db48c75497,101/2024/NĐ-CP,1,Bản đồ địa chính được lập để sử dụng cho các mục đích quản lý đất đai khác.
695fcf1297fdc5f42bd50e57,694fb81baedc69db48c75497,101/2024/NĐ-CP,2,Các mục đích quản lý đất đai đó được thực hiện theo quy định của pháp luật.
695fcf1397fdc5f42bd50e98,694fb81baedc69db48c754b5,101/2024/NĐ-CP,1,"Triển khai thiết kế kỹ thuật - dự toán, phương án nhiệm vụ sau khi được phê duyệt."
695fcf1397fdc5f42bd50e99,694fb81baedc69db48c754b5,101/2024/NĐ-CP,2,"Triển khai thiết kế kỹ thuật - dự toán, phương án nhiệm vụ sau khi được phê duyệt gồm lập sổ mục kê đất đai."
695fcf1497fdc5f42bd50eee,694fb81baedc69db48c754d0,101/2024/NĐ-CP,1,Bộ Tài nguyên và Môi trường quản lý bản đồ địa chính số.
695fcf1797fdc5f42bd50f62,694fb81baedc69db48c75504,101/2024/NĐ-CP,1,"Bộ số liệu, bản đồ, báo cáo kết quả điều tra, đánh giá đất đai được xây dựng."
695fcf1797fdc5f42bd50f63,694fb81baedc69db48c75504,101/2024/NĐ-CP,2,"Bộ số liệu, bản đồ, báo cáo kết quả điều tra, đánh giá chất lượng đất được xây dựng."
695fcf1797fdc5f42bd50f64,694fb81baedc69db48c75504,101/2024/NĐ-CP,3,"Bộ số liệu, bản đồ, báo cáo đánh giá tiềm năng đất đai được xây dựng."
695fcf1797fdc5f42bd50f65,694fb81baedc69db48c75504,101/2024/NĐ-CP,4,"Bộ số liệu, bản đồ, báo cáo đánh giá thoái hóa đất được xây dựng."
695fcf1797fdc5f42bd50f66,694fb81baedc69db48c75504,101/2024/NĐ-CP,5,"Bộ số liệu, bản đồ, báo cáo đánh giá ô nhiễm đất được xây dựng."
695fcf1897fdc5f42bd50fb8,694fb81baedc69db48c75530,101/2024/NĐ-CP,1,Hồ sơ lấy ý kiến báo cáo tổng hợp.
695fcf1897fdc5f42bd50fb9,694fb81baedc69db48c75530,101/2024/NĐ-CP,2,"Hồ sơ lấy ý kiến bản đồ kết quả điều tra, đánh giá đất đai."
695fcf1897fdc5f42bd50fbc,694fb81baedc69db48c75533,101/2024/NĐ-CP,1,"Hồ sơ trình thẩm định kết quả điều tra, đánh giá đất đai được lập đầy đủ."
695fcf1897fdc5f42bd50fbd,694fb81baedc69db48c75533,101/2024/NĐ-CP,2,"Tờ trình trình thẩm định kết quả điều tra, đánh giá đất đai được soạn thảo theo quy định."
695fcf1897fdc5f42bd50fc0,694fb81baedc69db48c75535,101/2024/NĐ-CP,1,"Hồ sơ trình thẩm định kết quả điều tra, đánh giá đất đai được chuẩn bị."
695fcf1897fdc5f42bd50fc1,694fb81baedc69db48c75535,101/2024/NĐ-CP,2,"Bản đồ kết quả điều tra, đánh giá đất đai được lập."
695fcf1897fdc5f42bd50fca,694fb81baedc69db48c7553a,101/2024/NĐ-CP,1,"Hồ sơ trình phê duyệt báo cáo tổng hợp kết quả điều tra, đánh giá đất đai được lập đầy đủ."
695fcf1897fdc5f42bd50fd2,694fb81baedc69db48c7553f,101/2024/NĐ-CP,1,"Hồ sơ công bố kết quả điều tra, đánh giá đất đai được quy định."
695fcf1897fdc5f42bd50fd3,694fb81baedc69db48c7553f,101/2024/NĐ-CP,2,"Quyết định phê duyệt kết quả điều tra, đánh giá đất đai được ban hành."
695fcf1897fdc5f42bd50fd4,694fb81baedc69db48c75540,101/2024/NĐ-CP,1,"Hồ sơ công bố kết quả điều tra, đánh giá đất đai được lập đầy đủ."
695fcf1997fdc5f42bd50fd5,694fb81baedc69db48c75540,101/2024/NĐ-CP,2,"Báo cáo tổng hợp kết quả điều tra, đánh giá đất đai được trình bày rõ ràng."
695fcf1b97fdc5f42bd51084,694fb81baedc69db48c75590,101/2024/NĐ-CP,1,"Cơ quan tiếp nhận hồ sơ không tiếp nhận hồ sơ hoặc dừng giải quyết thủ tục đăng ký đất đai, tài sản gắn liền với đất và trả hồ sơ cho người yêu cầu đăng ký. Cơ quan giải quyết thủ tục không tiếp nhận hồ sơ hoặc dừng giải quyết thủ tục đăng ký đất đai, tài sản gắn liền với đất và trả hồ sơ cho người yêu cầu đăng ký. Cơ quan tiếp nhận hồ sơ và cơ quan giải quyết thủ tục không tiếp nhận hồ sơ hoặc dừng giải quyết thủ tục đăng ký đất đai trong trường hợp nhận được văn bản của ủy ban nhân dân cấp xã về việc đã thụ lý đơn yêu cầu hòa giải tranh chấp đất đai hoặc đơn yêu cầu giải quyết tranh chấp đất đai, tài sản gắn liền với đất. Cơ quan tiếp nhận hồ sơ và cơ quan giải quyết thủ tục không tiếp nhận hồ sơ hoặc dừng giải quyết thủ tục đăng ký đất đai trong trường hợp nhận được văn bản của ủy ban nhân dân cấp huyện về việc đã thụ lý đơn yêu cầu hòa giải tranh chấp đất đai hoặc đơn yêu cầu giải quyết tranh chấp đất đai, tài sản gắn liền với đất. Cơ quan tiếp nhận hồ sơ và cơ quan giải quyết thủ tục không tiếp nhận hồ sơ hoặc dừng giải quyết thủ tục đăng ký đất đai trong trường hợp nhận được văn bản của ủy ban nhân dân cấp tỉnh về việc đã thụ lý đơn yêu cầu hòa giải tranh chấp đất đai hoặc đơn yêu cầu giải quyết tranh chấp đất đai, tài sản gắn liền với đất. Cơ quan tiếp nhận hồ sơ và cơ quan giải quyết thủ tục không tiếp nhận hồ sơ hoặc dừng giải quyết thủ tục đăng ký đất đai trong trường hợp nhận được văn bản của bộ trưởng bộ tài nguyên và môi trường về việc đã thụ lý đơn yêu cầu hòa giải tranh chấp đất đai hoặc đơn yêu cầu giải quyết tranh chấp đất đai, tài sản gắn liền với đất. Cơ quan tiếp nhận hồ sơ và cơ quan giải quyết thủ tục không áp dụng việc không tiếp nhận hồ sơ hoặc dừng giải quyết thủ tục đăng ký đất đai khi là trường hợp đăng ký đất đai lần đầu mà không cấp giấy chứng nhận quyền sử dụng đất, quyền sở hữu tài sản gắn liền với đất."
695fcf1e97fdc5f42bd5110b,694fb81baedc69db48c755c2,101/2024/NĐ-CP,1,"Thời gian thực hiện đăng ký biến động đất đai, tài sản gắn liền với đất, cấp giấy chứng nhận quyền sử dụng đất, quyền sở hữu tài sản gắn liền với đất là như sau."
695fcf1e97fdc5f42bd5110c,694fb81baedc69db48c755c2,101/2024/NĐ-CP,2,"Trường hợp có thay đổi hạn chế quyền sử dụng đất, quyền sở hữu tài sản gắn liền với đất, thời gian thực hiện không quá 07 ngày làm việc."
695fcf1e97fdc5f42bd5110d,694fb81baedc69db48c755c2,101/2024/NĐ-CP,3,"Trường hợp có thay đổi quyền đối với thửa đất liền kề, thời gian thực hiện không quá 07 ngày làm việc."
695fcf1e97fdc5f42bd51112,694fb81baedc69db48c755c4,101/2024/NĐ-CP,1,"Thời gian thực hiện đăng ký biến động đất đai, tài sản gắn liền với đất, cấp giấy chứng nhận quyền sử dụng đất, quyền sở hữu tài sản gắn liền với đất được quy định như sau."
695fcf1e97fdc5f42bd51113,694fb81baedc69db48c755c4,101/2024/NĐ-CP,2,Thời gian thực hiện đăng ký quyền sở hữu tài sản gắn liền với thửa đất đã cấp giấy chứng nhận không quá 10 ngày làm việc.
695fcf1e97fdc5f42bd51114,694fb81baedc69db48c755c4,101/2024/NĐ-CP,3,Thời gian thực hiện đăng ký thay đổi tài sản đối với trường hợp tài sản đã được chứng nhận quyền sở hữu trên giấy chứng nhận đã cấp không quá 07 ngày làm việc.
695fcf1e97fdc5f42bd51123,694fb81baedc69db48c755c8,101/2024/NĐ-CP,1,"Thời gian thực hiện đăng ký biến động đất đai, tài sản gắn liền với đất, cấp giấy chứng nhận quyền sử dụng đất, quyền sở hữu tài sản gắn liền với đất áp dụng như sau."
695fcf1e97fdc5f42bd51124,694fb81baedc69db48c755c8,101/2024/NĐ-CP,2,"Trường hợp thay đổi về quyền sử dụng đất xây dựng công trình trên mặt đất phục vụ cho việc vận hành, khai thác sử dụng công trình ngầm, quyền sở hữu công trình ngầm thì thời gian thực hiện không quá 15 ngày làm việc."
695fcf1f97fdc5f42bd5112c,694fb81baedc69db48c755cc,101/2024/NĐ-CP,1,"Thời gian thực hiện đăng ký biến động đất đai, tài sản gắn liền với đất, cấp giấy chứng nhận quyền sử dụng đất, quyền sở hữu tài sản gắn liền với đất được quy định như sau."
695fcf1f97fdc5f42bd5112d,694fb81baedc69db48c755cc,101/2024/NĐ-CP,2,Trường hợp đăng ký biến động chuyển mục đích sử dụng đất quy định tại khoản 3 điều 121 của luật đất đai là không quá 10 ngày làm việc.
695fcf1f97fdc5f42bd5112e,694fb81baedc69db48c755ce,101/2024/NĐ-CP,1,Trường hợp cấp đổi giấy chứng nhận đã cấp quy định tại điểm a khoản 3 điều 22 chương III mục 5 bộ luật số 101/2024/NĐ-CP thì thời gian thực hiện không quá 05 ngày làm việc.
695fcf1f97fdc5f42bd5112f,694fb81baedc69db48c755ce,101/2024/NĐ-CP,2,"Trường hợp cấp đổi giấy chứng nhận đã cấp quy định tại các điểm b, c, d, đ, e, g và h khoản 1 điều 38 của nghị định này thì thời gian thực hiện không quá 05 ngày làm việc."
695fcf2197fdc5f42bd511b1,694fb81baedc69db48c7562c,101/2024/NĐ-CP,1,"Trường hợp đổi tên hoặc thay đổi thông tin về người sử dụng đất, chủ sở hữu tài sản gắn liền với đất trên giấy chứng nhận đã cấp, việc nộp giấy tờ như sau. Đối với cá nhân, cơ quan giải quyết thủ tục khai thác, sử dụng thông tin trong cơ sở dữ liệu quốc gia về dân cư. Nếu cơ quan giải quyết thủ tục không khai thác được thông tin về cá nhân, cá nhân phải nộp bản sao hoặc xuất trình bản chính giấy tờ chứng minh về việc đổi tên, thay đổi thông tin của người sử dụng đất, chủ sở hữu tài sản gắn liền với đất."
695fcf2297fdc5f42bd511c9,694fb81baedc69db48c7563c,101/2024/NĐ-CP,1,"Trường hợp nhận quyền sử dụng đất theo kết quả giải quyết tranh chấp, khiếu nại, tố cáo về đất đai thì phải nộp một trong các văn bản sau. Trường hợp nhận quyền sở hữu tài sản gắn liền với đất theo kết quả giải quyết tranh chấp, khiếu nại, tố cáo về đất đai thì phải nộp một trong các văn bản sau. Văn bản đó là biên bản hòa giải thành. Văn bản đó là văn bản công nhận kết quả hòa giải thành được cơ quan có thẩm quyền công nhận."
695fcf2697fdc5f42bd512a2,694fb81baedc69db48c756a8,101/2024/NĐ-CP,1,"Văn phòng đăng ký đất đai thực hiện công việc giải quyết thủ tục đăng ký biến động đất đai khi thửa đất đã được cấp giấy chứng nhận theo bản đồ địa chính hoặc trích đo bản đồ địa chính thửa đất. Văn phòng đăng ký đất đai không phải thực hiện việc đo đạc và xác định lại diện tích thửa đất. Văn phòng đăng ký đất đai không phải thực hiện việc đo đạc và xác định lại diện tích thửa đất trừ trường hợp người sử dụng đất hoặc chủ sở hữu tài sản gắn liền với đất có nhu cầu. Văn phòng đăng ký đất đai thực hiện thủ tục đăng ký biến động đất đai khi giấy chứng nhận đã cấp chưa sử dụng bản đồ địa chính hoặc trích đo bản đồ địa chính thửa đất. Người sử dụng đất có nhu cầu cấp mới giấy chứng nhận quyền sử dụng đất hoặc quyền sở hữu tài sản gắn liền với đất. Văn phòng đăng ký đất đai thực hiện việc trích lục bản đồ địa chính hoặc trích đo bản đồ địa chính thửa đất đối với nơi chưa có bản đồ địa chính. Văn phòng đăng ký đất đai thực hiện việc trích lục bản đồ địa chính hoặc trích đo bản đồ địa chính thửa đất đối với nơi chỉ có bản đồ địa chính dạng giấy đã rách nát, hư hỏng không thể khôi phục. Văn phòng đăng ký đất đai thực hiện việc trích lục bản đồ địa chính hoặc trích đo bản đồ địa chính thửa đất đối với nơi chỉ có bản đồ địa chính dạng giấy không thể sử dụng để số hóa theo quy định tại điểm b khoản 2 điều 4 của nghị định này. Việc trích lục hoặc trích đo để thể hiện sơ đồ của thửa đất trên giấy chứng nhận quyền sử dụng đất hoặc quyền sở hữu tài sản gắn liền với đất. Người sử dụng đất được công nhận theo kết quả trích lục bản đồ địa chính hoặc trích đo bản đồ địa chính. Người sử dụng đất phải trả chi phí đo đạc theo quy định. Trường hợp đo đạc lại mà diện tích thửa đất lớn hơn diện tích trên giấy chứng nhận đã cấp. Ranh giới thửa đất không thay đổi so với ranh giới thửa đất tại thời điểm cấp giấy chứng nhận. Người sử dụng đất phải thực hiện nghĩa vụ tài chính về tiền sử dụng đất đối với phần diện tích đất ở tăng thêm nằm ngoài hạn mức đất ở. Người sử dụng đất phải thực hiện nghĩa vụ tài chính về tiền thuê đất đối với phần diện tích tăng thêm theo quy định của pháp luật tại thời điểm cấp giấy chứng nhận trước đây."
695fcf2c97fdc5f42bd513d3,694fb81baedc69db48c7572a,101/2024/NĐ-CP,1,"Hồ sơ thực hiện thủ tục cấp giấy chứng nhận quyền sử dụng đất, quyền sở hữu tài sản gắn liền với đất quy định tại khoản 1 điều này gồm giấy chứng nhận đã cấp."
695fcf3197fdc5f42bd514f4,694fb81baedc69db48c757d9,101/2024/NĐ-CP,1,"Thời gian cung cấp thông tin, dữ liệu đất đai thực hiện theo quy định sau."
695fcf3197fdc5f42bd514f5,694fb81baedc69db48c757d9,101/2024/NĐ-CP,2,"Trường hợp cơ quan cung cấp thông tin, dữ liệu đất đai và tổ chức, cá nhân có thỏa thuận riêng về việc khai thác và sử dụng thông tin, dữ liệu đất đai thì thời gian cung cấp thông tin, dữ liệu đất đai được xác định theo thỏa thuận."
695fcf3697fdc5f42bd515e9,694fb81caedc69db48c758fe,100/2024/NĐ-CP,1,"Việc đánh giá hồ sơ dự thầu lựa chọn nhà đầu tư thực hiện dự án đầu tư xây dựng nhà ở xã hội thực hiện theo quy định của pháp luật về đấu thầu. Hồ sơ dự thầu được đánh giá theo thang điểm 100. Tổng số điểm đánh giá là tổng điểm của tiêu chuẩn đánh giá về năng lực. Tổng số điểm đánh giá còn bao gồm điểm tiêu chuẩn đánh giá phương án đầu tư kinh doanh. Tổng số điểm đánh giá cũng bao gồm điểm tiêu chuẩn đánh giá hiệu quả đầu tư phát triển ngành, lĩnh vực, địa phương, bảo đảm tổng tỷ trọng là 100%. Tiêu chuẩn đánh giá về phương án đầu tư kinh doanh gồm tiêu chí về sự phù hợp của phương án đầu tư kinh doanh dự án với chương trình phát triển nhà ở của địa phương. Tiêu chuẩn đánh giá về phương án đầu tư kinh doanh còn gồm tiêu chí về sự phù hợp của phương án đầu tư kinh doanh dự án với kế hoạch phát triển nhà ở của địa phương. Tiêu chuẩn đánh giá về phương án đầu tư kinh doanh còn gồm tiêu chí về sự phù hợp của phương án đầu tư kinh doanh dự án với các yêu cầu của hồ sơ mời thầu từ 7% đến 10% tổng số điểm. Tiêu chuẩn đánh giá về phương án đầu tư kinh doanh còn gồm tiêu chí về tính khả thi của giải pháp ứng dụng công nghệ xây dựng do nhà đầu tư đề xuất từ 1% đến 2% tổng số điểm. Tiêu chuẩn đánh giá về phương án đầu tư kinh doanh còn gồm tiêu chí về đầu tư xây dựng hạ tầng kỹ thuật. Tiêu chuẩn đánh giá về phương án đầu tư kinh doanh còn gồm tiêu chí về đầu tư xây dựng hạ tầng xã hội từ 5% đến 7% tổng số điểm. Đối với trường hợp dự án đã có hạ tầng kỹ thuật, hạ tầng xã hội thì các nhà đầu tư đều được điểm tối đa. Tiêu chuẩn đánh giá về phương án đầu tư kinh doanh còn gồm tiêu chí về tiến độ thực hiện dự án. Tiêu chuẩn đánh giá về phương án đầu tư kinh doanh còn gồm tiêu chí về tiến độ đưa công trình vào sử dụng (lựa chọn nhà đầu tư có đề xuất thời gian thực hiện ngắn nhất) từ 2% đến 3% tổng số điểm. Tiêu chuẩn đánh giá về phương án đầu tư kinh doanh còn gồm tiêu chí về phương án, chi phí bồi thường, hỗ trợ, tái định cư (nếu có) từ 2% đến 3% tổng số điểm. Đối với trường hợp dự án ứng trước bồi thường, hỗ trợ, tái định cư với mức tối thiểu 10% tổng mức đầu tư thì các nhà đầu tư đều được điểm tối đa. Tiêu chuẩn đánh giá về phương án đầu tư kinh doanh còn gồm tiêu chí về đóng góp phúc lợi xã hội cho người lao động tại địa phương từ 2% đến 3% tổng số điểm. Tiêu chí về bảo vệ môi trường thuộc tiêu chuẩn đánh giá về phương án đầu tư kinh doanh. Tiêu chí về tiết kiệm năng lượng thuộc tiêu chuẩn đánh giá về phương án đầu tư kinh doanh. Tiêu chí về tỷ lệ sử dụng đất tại khu vực thực hiện dự án thuộc tiêu chuẩn đánh giá về phương án đầu tư kinh doanh. Tiêu chí về tài nguyên tại khu vực thực hiện dự án thuộc tiêu chuẩn đánh giá về phương án đầu tư kinh doanh từ 1% đến 2% tổng số điểm."
695fcf3697fdc5f42bd515ea,694fb81caedc69db48c758ff,100/2024/NĐ-CP,1,"Việc đánh giá hồ sơ dự thầu lựa chọn nhà đầu tư thực hiện dự án đầu tư xây dựng nhà ở xã hội được thực hiện theo quy định của pháp luật về đấu thầu. Hồ sơ dự thầu được đánh giá theo thang điểm 100. Tổng số điểm đánh giá là tổng điểm của tiêu chuẩn đánh giá về năng lực, kinh nghiệm. Tổng số điểm đánh giá gồm điểm tiêu chuẩn đánh giá phương án đầu tư kinh doanh. Tổng số điểm đánh giá gồm điểm tiêu chuẩn đánh giá hiệu quả đầu tư phát triển ngành, lĩnh vực, địa phương. Tổng tỷ trọng các điểm đánh giá bảo đảm là 100%. Tiêu chuẩn đánh giá về hiệu quả đầu tư phát triển ngành, lĩnh vực, địa phương gồm tiêu chí về giá bán, giá thuê mua, giá thuê. Tiêu chí về giá bán, giá thuê mua, giá thuê được áp dụng lựa chọn nhà đầu tư có đề xuất mức giá thấp hơn. Tiêu chí giá bán từ 40% đến 50% tổng số điểm. Trong trường hợp xác định tiêu chí giá bán trong đấu thầu thì không thực hiện thẩm định giá. Trường hợp áp dụng tiêu chí giá bán trong đấu thầu chỉ thực hiện khi có quy hoạch chi tiết tỷ lệ 1/500. Nhà đầu tư trúng thầu làm chủ đầu tư dự án đầu tư xây dựng nhà ở xã hội được xác định thông qua hình thức đấu thầu. Nhà đầu tư trúng thầu đáp ứng đủ các điều kiện quy định của pháp luật về đấu thầu. Nhà đầu tư trúng thầu đáp ứng điểm tối thiểu của từng tiêu chuẩn quy định tại điểm a, điểm b, điểm c khoản này. Nhà đầu tư trúng thầu có tổng số điểm các tiêu chí cao nhất. Tổng số điểm các tiêu chí không thấp hơn 70% tổng số điểm. Trường hợp tổng điểm các tiêu chí bằng nhau thì lựa chọn nhà đầu tư có các tiêu chí cao hơn theo thứ tự quy định tại khoản này. Việc lựa chọn nhà đầu tư đảm bảo nguyên tắc nội dung trước đã có nhà đầu tư đáp ứng thì không xem xét đến nội dung sau."
695fcf3797fdc5f42bd5162e,694fb81caedc69db48c75942,100/2024/NĐ-CP,1,Trường hợp xây dựng dãy nhà ở 01 tầng để cho thuê thì dãy nhà phải đảm bảo các quy định sau.
695fcf3797fdc5f42bd5162f,694fb81caedc69db48c75942,100/2024/NĐ-CP,2,Dãy nhà phải được xây dựng khép kín.
695fcf3797fdc5f42bd51630,694fb81caedc69db48c75942,100/2024/NĐ-CP,3,Dãy nhà phải có phòng ở riêng.
695fcf3797fdc5f42bd51631,694fb81caedc69db48c75942,100/2024/NĐ-CP,4,Dãy nhà phải có khu vệ sinh riêng.
695fcf3797fdc5f42bd51632,694fb81caedc69db48c75942,100/2024/NĐ-CP,5,Dãy nhà phải được xây dựng theo tiêu chuẩn xây dựng.
695fcf3797fdc5f42bd51641,694fb81caedc69db48c7594d,100/2024/NĐ-CP,1,"Đối với các đối tượng quy định tại các khoản 5, 6 và 8 điều 76 của luật nhà ở phải đảm bảo điều kiện về thu nhập. Thời gian xác định điều kiện về thu nhập là trong 01 năm liền kề. Thời gian này tính từ thời điểm đối tượng quy định tại khoản này nộp hồ sơ hợp lệ cho chủ đầu tư để đăng ký mua nhà ở xã hội. Thời gian này tính từ thời điểm đối tượng quy định tại khoản này nộp hồ sơ hợp lệ cho chủ đầu tư để đăng ký thuê mua nhà ở xã hội."
695fcf3997fdc5f42bd516a6,694fb81caedc69db48c7597f,100/2024/NĐ-CP,1,"Đối tượng được miễn, giảm tiền thuê nhà ở xã hội thuộc tài sản công là hộ gia đình nghèo theo quy định về chuẩn nghèo."
695fcf3997fdc5f42bd516a7,694fb81caedc69db48c7597f,100/2024/NĐ-CP,2,"Đối tượng được miễn, giảm tiền thuê nhà ở xã hội thuộc tài sản công là hộ gia đình cận nghèo theo quy định của pháp luật."
695fcf4297fdc5f42bd5184d,694fb81caedc69db48c75bd9,98/2024/NĐ-CP,1,"Việc bồi thường, tái định cư đối với căn hộ của nhà chung cư cũ thuộc trường hợp quy định tại khoản 10 điều 2 của luật nhà ở được thực hiện như sau. Việc bồi thường, tái định cư đối với căn hộ của nhà chung cư cũ không thuộc tài sản công. Chủ sở hữu các căn hộ tại tầng 1 được bồi thường hệ số k từ 1 đến 2 lần diện tích sử dụng căn hộ bị phá dỡ được ghi trong giấy tờ chứng minh quyền sử dụng đất, quyền sở hữu tài sản gắn liền với đất qua các thời kỳ hoặc đủ điều kiện để được cấp giấy chứng nhận này theo quy định của pháp luật đất đai, pháp luật nhà ở. Ủy ban nhân dân cấp tỉnh căn cứ hệ số k quy định tại điểm này để xác định hệ số k áp dụng cho từng vị trí, khu vực có nhà chung cư thuộc diện phải cải tạo, xây dựng lại. Ủy ban nhân dân cấp tỉnh xác định hệ số k làm cơ sở để chủ sở hữu và nhà đầu tư dự án thống nhất diện tích được bồi thường theo hệ số k. Diện tích được bồi thường theo hệ số k được đưa vào phương án bồi thường, tái định cư. Trường hợp chủ sở hữu căn hộ tại tầng 1 có một phần diện tích căn hộ để kinh doanh và dự án có bố trí một phần diện tích để kinh doanh dịch vụ, thương mại theo quy hoạch được duyệt thì chủ sở hữu được mua hoặc thuê phần diện tích sàn kinh doanh dịch vụ, thương mại theo thiết kế được duyệt để kinh doanh nếu có nhu cầu. Giá bán phần diện tích này được tính theo suất đầu tư xây dựng phân bổ trên 1 m2 sàn kinh doanh dịch vụ, thương mại (bao gồm cả chi phí đầu tư xây dựng hạ tầng kỹ thuật của khu vực có sàn thương mại) theo quy định của pháp luật xây dựng. Giá bán phần diện tích này được tính cộng với lợi nhuận định mức bằng 10% tổng kinh phí đầu tư phần diện tích kinh doanh dịch vụ, thương mại tại thời điểm phê duyệt dự án đã được cơ quan có thẩm quyền thẩm định thiết kế cơ sở. Giá thuê diện tích kinh doanh dịch vụ, thương mại do các bên thỏa thuận. Việc mua hoặc thuê phần diện tích kinh doanh dịch vụ, thương mại phải được nêu trong phương án bồi thường, tái định cư."
695fcf4297fdc5f42bd51880,694fb81caedc69db48c75bf8,98/2024/NĐ-CP,1,"Trường hợp có căn hộ chung cư thuộc tài sản công hỗn hợp với căn hộ thuộc sở hữu của tổ chức, cá nhân trong nhà chung cư thuộc diện cải tạo, xây dựng lại nhà chung cư thì việc bồi thường được thực hiện như sau. Trường hợp có căn hộ chung cư thuộc tài sản công hỗn hợp với căn hộ thuộc sở hữu của tổ chức, cá nhân trong nhà chung cư thuộc diện cải tạo, xây dựng lại nhà chung cư thì việc tái định cư được thực hiện như sau. Trường hợp các bên thống nhất trong phương án bồi thường, tái định cư có diện tích căn hộ tái định cư theo thiết kế lớn hơn diện tích căn hộ được bồi thường theo hệ số k quy định tại điểm a khoản này thì ngân sách chi thường xuyên của địa phương phải chi trả phần giá trị chênh lệch diện tích này cho chủ đầu tư dự án. Trường hợp diện tích căn hộ tái định cư theo thiết kế nhỏ hơn diện tích căn hộ được bồi thường theo hệ số k quy định tại điểm a khoản này thì chủ đầu tư phải thanh toán cho nhà nước phần giá trị chênh lệch diện tích này. Việc thanh toán tiền chênh lệch quy định tại điểm này được thực hiện theo nguyên tắc quy định tại khoản 2 điều 28 của nghị định này. Cơ quan quản lý nhà ở cấp tỉnh chủ trì, phối hợp với cơ quan tài chính cùng cấp báo cáo ủy ban nhân dân cấp tỉnh quyết định cấp kinh phí từ nguồn ngân sách chi thường xuyên của địa phương để thanh toán phần giá trị chênh lệch quy định tại điểm này cho chủ đầu tư dự án. Sau khi nghiệm thu, hoàn thành đầu tư xây dựng nhà ở, đại diện chủ sở hữu thuộc tài sản công có trách nhiệm nhận bàn giao căn hộ. Sau khi nghiệm thu, hoàn thành đầu tư xây dựng nhà ở, cơ quan được đại diện chủ sở hữu thuộc tài sản công giao có trách nhiệm nhận bàn giao căn hộ. Đại diện chủ sở hữu thuộc tài sản công có trách nhiệm nộp kinh phí bảo trì nhà chung cư theo quy định tại điều 22 của nghị định này. Đại diện chủ sở hữu thuộc tài sản công có trách nhiệm nộp kinh phí quản lý vận hành nhà chung cư theo quy định tại điều 22 của nghị định này. Cơ quan được đại diện chủ sở hữu thuộc tài sản công giao có trách nhiệm nộp kinh phí bảo trì nhà chung cư theo quy định tại điều 22 của nghị định này. Cơ quan được đại diện chủ sở hữu thuộc tài sản công giao có trách nhiệm nộp kinh phí quản lý vận hành nhà chung cư theo quy định tại điều 22 của nghị định này."
695fcf4797fdc5f42bd51961,694fb81caedc69db48c75ca0,98/2024/NĐ-CP,1,Hồ sơ kèm theo đề xuất dự án đầu tư được nộp.
695fcf4897fdc5f42bd5198c,694fb81caedc69db48c75cc6,98/2024/NĐ-CP,1,Quyền của bên chuyển nhượng quyền do các bên thỏa thuận nếu có.
695fcf4897fdc5f42bd5198d,694fb81caedc69db48c75cc6,98/2024/NĐ-CP,2,Trách nhiệm của bên chuyển nhượng quyền do các bên thỏa thuận nếu có.
695fcf4897fdc5f42bd5198e,694fb81caedc69db48c75cc6,98/2024/NĐ-CP,3,Trách nhiệm khác của bên chuyển nhượng quyền do các bên thỏa thuận nếu có.
695fcf4e97fdc5f42bd51aac,694fb81caedc69db48c75d6d,96/2024/NĐ-CP,1,Việc xác nhận các giao dịch bất động sản được thực hiện như sau.
695fcf4e97fdc5f42bd51aad,694fb81caedc69db48c75d6d,96/2024/NĐ-CP,2,Trong văn bản xác nhận giao dịch bất động sản phải có đủ chữ ký của đại diện doanh nghiệp là chủ đầu tư dự án hoặc chủ sở hữu của bất động sản.
695fcf4e97fdc5f42bd51aae,694fb81caedc69db48c75d6d,96/2024/NĐ-CP,3,Trong văn bản xác nhận giao dịch bất động sản phải có đủ chữ ký của đại diện sàn giao dịch bất động sản.
695fcf4e97fdc5f42bd51aaf,694fb81caedc69db48c75d6d,96/2024/NĐ-CP,4,Trong văn bản xác nhận giao dịch bất động sản phải có đủ chữ ký của cá nhân môi giới.
695fcf4e97fdc5f42bd51ab0,694fb81caedc69db48c75d6d,96/2024/NĐ-CP,5,Trong văn bản xác nhận giao dịch bất động sản phải có con dấu của doanh nghiệp tương ứng với các hình thức giao dịch.
695fcf5897fdc5f42bd51c8b,694fb81daedc69db48c76a99,94/2024/NĐ-CP,1,"Thông tin, dữ liệu về chương trình, kế hoạch phát triển nhà ở được tổng hợp từ biểu mẫu số 3."
695fcf5897fdc5f42bd51c8c,694fb81daedc69db48c76a99,94/2024/NĐ-CP,2,"Thông tin, dữ liệu về kết quả thực hiện phát triển các loại hình nhà ở được tổng hợp từ biểu mẫu số 3."
695fcf5897fdc5f42bd51c8d,694fb81daedc69db48c76a99,94/2024/NĐ-CP,3,"Thông tin, dữ liệu về phát triển nhà ở phục vụ tái định cư được tổng hợp từ biểu mẫu số 3."
695fcf5a97fdc5f42bd51cce,694fb81daedc69db48c76ac8,94/2024/NĐ-CP,1,Thông tin về tình hình giao dịch của dự án bất động sản bao gồm số lượng bất động sản.
695fcf5a97fdc5f42bd51ccf,694fb81daedc69db48c76ac8,94/2024/NĐ-CP,2,Dữ liệu về tình hình giao dịch của dự án bất động sản bao gồm diện tích bất động sản.
695fcf5c97fdc5f42bd51d4c,694fb81daedc69db48c76b15,94/2024/NĐ-CP,1,"Thời hạn chốt số liệu và gửi biểu mẫu chia sẻ, cung cấp thông tin, dữ liệu là đến hết ngày cuối cùng của kỳ báo cáo."
695fcf5c97fdc5f42bd51d4d,694fb81daedc69db48c76b15,94/2024/NĐ-CP,2,Thời hạn chốt số liệu là đến hết ngày cuối cùng của kỳ báo cáo.
695fcf6697fdc5f42bd51f1e,694fb81daedc69db48c76c7b,88/2024/NĐ-CP,1,Nội dung chi phí bảo đảm cho việc tổ chức thực hiện bồi thường quy định tại khoản 1 điều này gồm chi in ấn tài liệu.
695fcf6697fdc5f42bd51f1f,694fb81daedc69db48c76c7b,88/2024/NĐ-CP,2,Nội dung chi phí bảo đảm cho việc tổ chức thực hiện bồi thường quy định tại khoản 1 điều này gồm chi phô tô tài liệu.
695fcf6697fdc5f42bd51f20,694fb81daedc69db48c76c7b,88/2024/NĐ-CP,3,Nội dung chi phí bảo đảm cho việc tổ chức thực hiện bồi thường quy định tại khoản 1 điều này gồm chi văn phòng phẩm.
695fcf6697fdc5f42bd51f21,694fb81daedc69db48c76c7b,88/2024/NĐ-CP,4,Nội dung chi phí bảo đảm cho việc tổ chức thực hiện bồi thường quy định tại khoản 1 điều này gồm chi thông tin liên lạc bưu chính.
695fcf6697fdc5f42bd51f22,694fb81daedc69db48c76c7b,88/2024/NĐ-CP,5,Nội dung chi phí bảo đảm cho việc tổ chức thực hiện bồi thường quy định tại khoản 1 điều này gồm chi thông tin liên lạc điện thoại.
695fcf6697fdc5f42bd51f23,694fb81daedc69db48c76c7b,88/2024/NĐ-CP,6,Nội dung chi phí bảo đảm cho việc tổ chức thực hiện bồi thường quy định tại khoản 1 điều này gồm chi xăng xe.
695fcf6997fdc5f42bd51f98,694fb81daedc69db48c76d1b,44/2022/NĐ-CP,1,"Thông tin, dữ liệu về chứng chỉ môi giới bất động sản được cấp trong kỳ gồm số hiệu chứng chỉ."
695fcf6997fdc5f42bd51fa9,694fb81daedc69db48c76d27,44/2022/NĐ-CP,1,Thông tin về loại dự án bất động sản bao gồm dự án đầu tư xây dựng nhà ở.
695fcf6997fdc5f42bd51faa,694fb81daedc69db48c76d27,44/2022/NĐ-CP,2,Thông tin về loại dự án bất động sản bao gồm dự án đầu tư xây dựng khu đô thị.
695fcf6997fdc5f42bd51fad,694fb81daedc69db48c76d29,44/2022/NĐ-CP,1,Thông tin về loại dự án bất động sản bao gồm dự án đầu tư xây dựng khu du lịch sinh thái.
695fcf6997fdc5f42bd51fae,694fb81daedc69db48c76d29,44/2022/NĐ-CP,2,Thông tin về loại dự án bất động sản bao gồm dự án đầu tư xây dựng khu nghỉ dưỡng.
695fcf6997fdc5f42bd51faf,694fb81daedc69db48c76d29,44/2022/NĐ-CP,3,Thông tin về loại dự án bất động sản bao gồm dự án đầu tư xây dựng khách sạn.
695fcf6997fdc5f42bd51fb3,694fb81daedc69db48c76d2b,44/2022/NĐ-CP,1,Thông tin về loại dự án bất động sản bao gồm dự án đầu tư xây dựng bất động sản khác.
695fcf6997fdc5f42bd51fb6,694fb81daedc69db48c76d2e,44/2022/NĐ-CP,1,"Thông tin, dữ liệu về số lượng các loại bất động sản bao gồm căn hộ chung cư để ở."
695fcf6997fdc5f42bd51fb7,694fb81daedc69db48c76d2e,44/2022/NĐ-CP,2,"Thông tin, dữ liệu về diện tích các loại bất động sản bao gồm căn hộ chung cư để ở."
695fcf6997fdc5f42bd51fbc,694fb81daedc69db48c76d31,44/2022/NĐ-CP,1,"Thông tin về số lượng các loại bất động sản bao gồm biệt thự du lịch, căn hộ du lịch, khách sạn được thu thập."
695fcf6997fdc5f42bd51fbd,694fb81daedc69db48c76d31,44/2022/NĐ-CP,2,"Dữ liệu về diện tích các loại bất động sản bao gồm biệt thự du lịch, căn hộ du lịch, khách sạn được thống kê."
695fcf6997fdc5f42bd51fbe,694fb81daedc69db48c76d32,44/2022/NĐ-CP,1,"Thông tin về số lượng các loại bất động sản bao gồm nhà xưởng, đất sản xuất trong khu công nghiệp và cụm công nghiệp được thu thập."
695fcf6997fdc5f42bd51fbf,694fb81daedc69db48c76d32,44/2022/NĐ-CP,2,"Dữ liệu về diện tích các loại bất động sản bao gồm nhà xưởng, đất sản xuất trong khu công nghiệp và cụm công nghiệp được tổng hợp."
695fcf6a97fdc5f42bd51fc5,694fb81daedc69db48c76d39,44/2022/NĐ-CP,1,"Thông tin về các loại bất động sản giao dịch chuyển nhượng, mua bán được thu thập thông qua sàn giao dịch."
695fcf6a97fdc5f42bd51fc6,694fb81daedc69db48c76d39,44/2022/NĐ-CP,2,"Dữ liệu về các loại bất động sản giao dịch chuyển nhượng, mua bán được thu thập thông qua sàn giao dịch."
695fcf6a97fdc5f42bd51fc7,694fb81daedc69db48c76d39,44/2022/NĐ-CP,3,Thông tin về sàn giao dịch bất động sản được thu thập.
695fcf6a97fdc5f42bd51fc8,694fb81daedc69db48c76d3a,44/2022/NĐ-CP,1,"Thông tin, dữ liệu về các loại bất động sản giao dịch chuyển nhượng, mua bán được ghi nhận thông qua sàn giao dịch."
695fcf6a97fdc5f42bd51fc9,694fb81daedc69db48c76d3a,44/2022/NĐ-CP,2,"Số lượng bất động sản giao dịch chuyển nhượng, mua bán trong kỳ được ghi nhận thông qua sàn giao dịch bất động sản."
695fcf6a97fdc5f42bd51fca,694fb81daedc69db48c76d3a,44/2022/NĐ-CP,3,"Diện tích bất động sản giao dịch chuyển nhượng, mua bán trong kỳ được ghi nhận thông qua sàn giao dịch bất động sản."
695fcf6a97fdc5f42bd51fcb,694fb81daedc69db48c76d3b,44/2022/NĐ-CP,1,"Thông tin về các loại bất động sản giao dịch chuyển nhượng, mua bán thông qua sàn giao dịch được bao gồm."
695fcf6a97fdc5f42bd51fcc,694fb81daedc69db48c76d3b,44/2022/NĐ-CP,2,"Dữ liệu về các loại bất động sản giao dịch chuyển nhượng, mua bán thông qua sàn giao dịch được bao gồm."
695fcf6a97fdc5f42bd51fcd,694fb81daedc69db48c76d3b,44/2022/NĐ-CP,3,"Giá bất động sản giao dịch chuyển nhượng, mua bán trong kỳ được xác định thông qua sàn giao dịch bất động sản."
695fcf6c97fdc5f42bd52038,694fb81daedc69db48c76d9b,44/2022/NĐ-CP,1,Các hình thức khai thác và sử dụng cơ sở dữ liệu về nhà ở và thị trường bất động sản gồm thông qua phiếu yêu cầu.
695fcf6c97fdc5f42bd52039,694fb81daedc69db48c76d9b,44/2022/NĐ-CP,2,Các hình thức khai thác và sử dụng cơ sở dữ liệu về nhà ở và thị trường bất động sản gồm thông qua văn bản yêu cầu.
695fcf6e97fdc5f42bd520bb,694fb81eaedc69db48c76e9c,12/2024/QĐ-TTg,1,Điều kiện vay vốn là phải có năng lực hành vi dân sự đầy đủ.
695fcf6e97fdc5f42bd520c0,694fb81eaedc69db48c76eb3,48/2024/TT-BTNMT,1,Đối với nhiệm vụ thống kê đất đai đã được cơ quan có thẩm quyền phê duyệt trước ngày thông tư này có hiệu lực thi hành thì khối lượng công việc đã thực hiện trước ngày thông tư này có hiệu lực thi hành không phải điều chỉnh theo quy định tại thông tư này.
695fcf6e97fdc5f42bd520c1,694fb81eaedc69db48c76eb3,48/2024/TT-BTNMT,2,Đối với nhiệm vụ kiểm kê đất đai đã được cơ quan có thẩm quyền phê duyệt trước ngày thông tư này có hiệu lực thi hành thì khối lượng công việc đã thực hiện trước ngày thông tư này có hiệu lực thi hành không phải điều chỉnh theo quy định tại thông tư này.
695fcf6e97fdc5f42bd520c2,694fb81eaedc69db48c76eb3,48/2024/TT-BTNMT,3,Đối với nhiệm vụ lập bản đồ hiện trạng sử dụng đất đã được cơ quan có thẩm quyền phê duyệt trước ngày thông tư này có hiệu lực thi hành thì khối lượng công việc đã thực hiện trước ngày thông tư này có hiệu lực thi hành không phải điều chỉnh theo quy định tại thông tư này.
695fcf6e97fdc5f42bd520c3,694fb81eaedc69db48c76eb3,48/2024/TT-BTNMT,4,Đối với nhiệm vụ xây dựng cơ sở dữ liệu quốc gia về đất đai đã được cơ quan có thẩm quyền phê duyệt trước ngày thông tư này có hiệu lực thi hành thì khối lượng công việc đã thực hiện trước ngày thông tư này có hiệu lực thi hành không phải điều chỉnh theo quy định tại thông tư này.
695fcf6f97fdc5f42bd520e9,694fb81eaedc69db48c76ec3,48/2024/TT-BTNMT,1,"Nội dung công việc bao gồm công tác chuẩn bị. Công tác chuẩn bị là thu thập các hồ sơ, tài liệu, bản đồ, số liệu liên quan trong kỳ kiểm kê đất đai, quy hoạch, kế hoạch sử dụng đất quốc gia. Công tác chuẩn bị là thu thập hồ sơ kết quả kiểm kê đất đai kỳ trước. Công tác chuẩn bị là thu thập kết quả thống kê đất đai hằng năm trong kỳ kiểm kê đất đai của cả nước. Công tác chuẩn bị là thu thập các tài liệu khác có liên quan. Nội dung công việc bao gồm tiếp nhận kết quả kiểm kê đất quốc phòng, đất an ninh của Bộ Quốc phòng, Bộ Công an. Nội dung công việc bao gồm tiếp nhận kết quả kiểm kê đất đai của cấp tỉnh. Nội dung công việc là chỉ đạo chỉnh sửa số liệu báo cáo kết quả kiểm kê đất đai (nếu có). Nội dung công việc là chỉ đạo hoàn thiện số liệu báo cáo kết quả kiểm kê đất đai (nếu có). Nội dung công việc là tiếp nhận kết quả kiểm kê đất quốc phòng, đất an ninh của Bộ Quốc phòng, Bộ Công an. Nội dung công việc là tiếp nhận kết quả kiểm kê đất đai của cấp tỉnh. Nội dung công việc là kiểm tra kết quả kiểm kê đất đai của cấp tỉnh. Nội dung công việc là hướng dẫn chỉnh sửa số liệu báo cáo kết quả kiểm kê đất đai (nếu có). Nội dung công việc là hướng dẫn hoàn thiện số liệu báo cáo kết quả kiểm kê đất đai (nếu có). Nội dung công việc bao gồm xử lý số liệu kiểm kê đất đai cả nước. Nội dung công việc bao gồm xử lý số liệu khu vực chưa thống nhất đường địa giới đơn vị hành chính (nếu có). Nội dung công việc là tổng hợp số liệu kiểm kê đất đai cả nước. Nội dung công việc là lập các biểu quy định tại các điểm a, b, c, d và đ khoản 1 Điều 5 Thông tư số 08/2024/TT-BTNMT. Nội dung công việc là xây dựng báo cáo thuyết minh hiện trạng sử dụng đất theo quy định tại khoản 6 Điều 10 Thông tư số 08/2024/TT-BTNMT."
695fcf7097fdc5f42bd520fb,694fb81eaedc69db48c76ec5,48/2024/TT-BTNMT,1,"Nội dung công việc công tác chuẩn bị là thu thập các hồ sơ, tài liệu, bản đồ, số liệu liên quan trong kỳ kiểm kê đất đai, quy hoạch, kế hoạch sử dụng đất quốc gia. Nội dung công việc công tác chuẩn bị là thu thập hồ sơ kết quả kiểm kê đất đai kỳ trước. Nội dung công việc công tác chuẩn bị là thu thập kết quả thống kê đất đai hằng năm trong kỳ kiểm kê đất đai của cả nước. Nội dung công việc công tác chuẩn bị là thu thập các tài liệu khác có liên quan. Nội dung công việc tiếp nhận kết quả kiểm kê đất quốc phòng, đất an ninh của Bộ Quốc phòng, Bộ Công an. Nội dung công việc tiếp nhận kết quả kiểm kê đất đai của cấp tỉnh. Nội dung công việc chỉ đạo chỉnh sửa số liệu báo cáo kết quả kiểm kê đất đai, nếu có. Nội dung công việc chỉ đạo hoàn thiện số liệu báo cáo kết quả kiểm kê đất đai, nếu có. Nội dung công việc tiếp nhận kết quả kiểm kê đất quốc phòng, đất an ninh của Bộ Quốc phòng. Nội dung công việc tiếp nhận kết quả kiểm kê đất quốc phòng, đất an ninh của Bộ Công an. Nội dung công việc tiếp nhận kết quả kiểm kê đất đai của cấp tỉnh. Nội dung công việc kiểm tra kết quả kiểm kê đất đai của cấp tỉnh. Nội dung công việc hướng dẫn chỉnh sửa số liệu báo cáo kết quả kiểm kê đất đai, nếu có. Nội dung công việc hướng dẫn hoàn thiện số liệu báo cáo kết quả kiểm kê đất đai, nếu có. Nội dung công việc xử lý số liệu kiểm kê đất đai cả nước. Nội dung công việc tổng hợp số liệu kiểm kê đất đai cả nước. Nội dung công việc lập các biểu quy định tại các điểm a, b, c, d và đ khoản 1 điều 5 Thông tư số 08/2024/TT-BTNMT. Nội dung công việc xây dựng báo cáo thuyết minh hiện trạng sử dụng đất theo quy định tại khoản 6 điều 10 Thông tư số 08/2024/TT-BTNMT. Nội dung công việc lập kế hoạch xây dựng bản đồ hiện trạng sử dụng đất, báo cáo thuyết minh bản đồ hiện trạng sử dụng đất các vùng kinh tế - xã hội và cả nước. Nội dung công việc lập bản đồ hiện trạng sử dụng đất các vùng kinh tế - xã hội."
695fcf7097fdc5f42bd52118,694fb81eaedc69db48c76ec9,48/2024/TT-BTNMT,1,"Nội dung công việc 1.1. công tác chuẩn bị gồm thu thập các hồ sơ, tài liệu, bản đồ, số liệu liên quan trong kỳ kiểm kê đất đai, quy hoạch, kế hoạch sử dụng đất quốc gia. Nội dung công việc 1.1. còn gồm thu thập hồ sơ kết quả kiểm kê đất đai kỳ trước. Nội dung công việc 1.1. còn gồm thu thập kết quả thống kê đất đai hằng năm trong kỳ kiểm kê đất đai của cả nước. Nội dung công việc 1.1. còn gồm thu thập các tài liệu khác có liên quan. Nội dung công việc 1.2. gồm tiếp nhận kết quả kiểm kê đất quốc phòng, đất an ninh của Bộ Quốc phòng, Bộ Công an. Nội dung công việc 1.2. còn gồm tiếp nhận kết quả kiểm kê đất đai của cấp tỉnh. Nội dung công việc 1.2. còn gồm chỉ đạo chỉnh sửa, hoàn thiện số liệu, báo cáo kết quả kiểm kê đất đai (nếu có). Nội dung công việc 1.2.1. gồm tiếp nhận kết quả kiểm kê đất quốc phòng, đất an ninh của Bộ Quốc phòng, Bộ Công an. Nội dung công việc 1.2.2. gồm tiếp nhận, kiểm tra kết quả kiểm kê đất đai của cấp tỉnh. Nội dung công việc 1.2.3. gồm hướng dẫn chỉnh sửa, hoàn thiện số liệu, báo cáo kết quả kiểm kê đất đai (nếu có). Nội dung công việc 1.3. gồm xử lý, tổng hợp số liệu kiểm kê đất đai cả nước. Nội dung công việc 1.3. còn gồm lập các biểu quy định tại các điểm a, b, c, d và đ khoản 1 điều 5 Thông tư số 08/2024/TT-BTNMT. Nội dung công việc 1.3. còn gồm xây dựng báo cáo thuyết minh hiện trạng sử dụng đất theo quy định tại khoản 6 điều 10 Thông tư số 08/2024/TT-BTNMT. Nội dung công việc 1.3.1. gồm xử lý số liệu kiểm kê đất đai cả nước. Nội dung công việc 1.3.1. còn gồm biên tập, trình bày bản đồ hiện trạng sử dụng đất các vùng kinh tế - xã hội."
695fcf7197fdc5f42bd52149,694fb81eaedc69db48c76ecd,48/2024/TT-BTNMT,1,"Nội dung công việc 1.1. công tác chuẩn bị bao gồm thu thập các hồ sơ, tài liệu, bản đồ, số liệu liên quan trong kỳ kiểm kê đất đai, quy hoạch, kế hoạch sử dụng đất quốc gia. Nội dung công việc 1.1 còn bao gồm thu thập hồ sơ kết quả kiểm kê đất đai kỳ trước, kết quả thống kê đất đai hằng năm trong kỳ kiểm kê đất đai của cả nước. Nội dung công việc 1.1 còn bao gồm thu thập các tài liệu khác có liên quan. Nội dung công việc 1.2 là tiếp nhận kết quả kiểm kê đất quốc phòng, đất an ninh của bộ quốc phòng, bộ công an. Nội dung công việc 1.2 còn là tiếp nhận kết quả kiểm kê đất đai của cấp tỉnh. Nội dung công việc 1.2 còn là chỉ đạo chỉnh sửa số liệu kết quả kiểm kê đất đai. Nội dung công việc 1.2 còn là chỉ đạo hoàn thiện số liệu báo cáo kết quả kiểm kê đất đai nếu có. Nội dung công việc 1.2.1 là tiếp nhận kết quả kiểm kê đất quốc phòng, đất an ninh của bộ quốc phòng, bộ công an. Nội dung công việc 1.2.2 là tiếp nhận kết quả kiểm kê đất đai của cấp tỉnh. Nội dung công việc 1.2.2 còn là kiểm tra kết quả kiểm kê đất đai của cấp tỉnh. Nội dung công việc 1.2.3 là hướng dẫn chỉnh sửa số liệu báo cáo kết quả kiểm kê đất đai nếu có. Nội dung công việc 1.2.3 còn là hướng dẫn hoàn thiện số liệu báo cáo kết quả kiểm kê đất đai nếu có. Nội dung công việc 1.3 là xử lý số liệu kiểm kê đất đai cả nước. Nội dung công việc 1.3 còn là tổng hợp số liệu kiểm kê đất đai cả nước. Nội dung công việc 1.3 còn là lập các biểu quy định tại các điểm a, b, c, d và đ khoản 1 điều 5 thông tư số 08/2024/tt-btnmt. Nội dung công việc 1.3 còn là xây dựng báo cáo thuyết minh hiện trạng sử dụng đất theo quy định tại khoản 6 điều 10 thông tư số 08/2024/tt-btnmt. Nội dung công việc 1.3.1 là xử lý số liệu kiểm kê đất đai cả nước. Nội dung công việc 1.3.1 còn là tổng hợp nội dung bản đồ hiện trạng sử dụng đất cả nước."
695fcf7197fdc5f42bd5214a,694fb81eaedc69db48c76ece,48/2024/TT-BTNMT,1,"Nội dung công việc 1.1. công tác chuẩn bị là thu thập các hồ sơ, tài liệu, bản đồ, số liệu liên quan trong kỳ kiểm kê đất đai, quy hoạch, kế hoạch sử dụng đất quốc gia. Nội dung công việc 1.1. công tác chuẩn bị là thu thập hồ sơ kết quả kiểm kê đất đai kỳ trước. Nội dung công việc 1.1. công tác chuẩn bị là thu thập kết quả thống kê đất đai hằng năm trong kỳ kiểm kê đất đai của cả nước. Nội dung công việc 1.1. công tác chuẩn bị là thu thập các tài liệu khác có liên quan. Nội dung công việc 1.2. là tiếp nhận kết quả kiểm kê đất quốc phòng, đất an ninh của Bộ Quốc phòng và Bộ Công an. Nội dung công việc 1.2. là tiếp nhận kết quả kiểm kê đất đai của cấp tỉnh. Nội dung công việc 1.2. là chỉ đạo chỉnh sửa số liệu, báo cáo kết quả kiểm kê đất đai nếu có. Nội dung công việc 1.2. là chỉ đạo hoàn thiện số liệu, báo cáo kết quả kiểm kê đất đai nếu có. Nội dung công việc 1.2.1. là tiếp nhận kết quả kiểm kê đất quốc phòng, đất an ninh của Bộ Quốc phòng và Bộ Công an. Nội dung công việc 1.2.2. là tiếp nhận kết quả kiểm kê đất đai của cấp tỉnh. Nội dung công việc 1.2.2. là kiểm tra kết quả kiểm kê đất đai của cấp tỉnh. Nội dung công việc 1.2.3. là hướng dẫn chỉnh sửa số liệu báo cáo kết quả kiểm kê đất đai nếu có. Nội dung công việc 1.2.3. là hướng dẫn hoàn thiện số liệu báo cáo kết quả kiểm kê đất đai nếu có. Nội dung công việc 1.3. là xử lý số liệu kiểm kê đất đai cả nước. Nội dung công việc 1.3. là tổng hợp số liệu kiểm kê đất đai cả nước. Nội dung công việc 1.3. là lập các biểu quy định tại các điểm a, b, c, d và đ khoản 1 điều 5 Thông tư số 08/2024/TT-BTNMT. Nội dung công việc 1.3. là xây dựng báo cáo thuyết minh hiện trạng sử dụng đất theo quy định tại khoản 6 điều 10 Thông tư số 08/2024/TT-BTNMT. Nội dung công việc 1.3.1. là xử lý số liệu kiểm kê đất đai cả nước. Nội dung công việc 1.3.1. là biên tập bản đồ hiện trạng sử dụng đất cả nước. Nội dung công việc 1.3.1. là trình bày bản đồ hiện trạng sử dụng đất cả nước."
695fcf7397fdc5f42bd521a4,694fb81eaedc69db48c76ede,48/2024/TT-BTNMT,1,"Nội dung công việc công tác chuẩn bị gồm lập kế hoạch thi công chi tiết. Lập kế hoạch thi công chi tiết xác định thời gian, địa điểm, khối lượng và nhân lực thực hiện của từng bước công việc. Lập kế hoạch thi công chi tiết gồm kế hoạch làm việc với các đơn vị có liên quan đến công tác xây dựng cơ sở dữ liệu điều tra, đánh giá đất. Nội dung công việc công tác chuẩn bị gồm chuẩn bị nhân lực, địa điểm làm việc, vật tư, thiết bị, dụng cụ, phần mềm phục vụ cho công tác xây dựng cơ sở dữ liệu điều tra, đánh giá đất. Nội dung công việc thu thập tài liệu, dữ liệu gồm thu thập các tài liệu, dữ liệu điểm điều tra phẫu diện, điểm lấy mẫu. Nội dung công việc thu thập tài liệu, dữ liệu gồm thu thập tài liệu, dữ liệu kết quả đánh giá chất lượng đất cả nước, cấp vùng. Nội dung công việc thu thập tài liệu, dữ liệu gồm thu thập tài liệu, dữ liệu kết quả đánh giá tiềm năng đất đai cả nước, cấp vùng. Nội dung công việc thu thập tài liệu, dữ liệu gồm thu thập tài liệu, dữ liệu kết quả đánh giá thoái hóa đất đai cả nước, cấp vùng. Nội dung công việc thu thập tài liệu, dữ liệu gồm thu thập tài liệu, dữ liệu kết quả đánh giá điểm ô nhiễm đất đai cả nước, cấp vùng. Nội dung công việc thu thập tài liệu, dữ liệu gồm thu thập tài liệu, dữ liệu phạm vi ảnh hưởng ô nhiễm đất đai cả nước, cấp vùng. Nội dung công việc thu thập tài liệu, dữ liệu gồm thu thập bản mô tả kết quả điều tra khoanh đất nông nghiệp. Nội dung công việc thu thập tài liệu, dữ liệu gồm thu thập bản mô tả kết quả điều tra các loại hình thoái hóa. Nội dung công việc thu thập tài liệu, dữ liệu gồm thu thập bản mô tả kết quả điều tra điểm lấy mẫu ô nhiễm đất. Nội dung công việc thu thập tài liệu, dữ liệu gồm thu thập bản mô tả cảnh quan khu vực quan trắc chất lượng đất, thoái hóa đất, ô nhiễm đất. Nội dung công việc thu thập tài liệu, dữ liệu gồm thu thập tập ảnh cảnh quan, ảnh mặt cắt phẫu diện đất (chất lượng đất). Nội dung công việc thu thập tài liệu, dữ liệu gồm thu thập tập ảnh cảnh quan khu vực, ảnh điểm điều tra (thoái hóa đất). Nội dung công việc thu thập tài liệu, dữ liệu gồm thu thập tập ảnh cảnh quan khu vực, ảnh điểm điều tra (ô nhiễm đất). Nội dung công việc thu thập tài liệu, dữ liệu gồm thu thập tập ảnh cảnh quan khu vực, ảnh điểm điều tra (quan trắc chất lượng đất,thoái hóa đất, ô nhiễm đất). Nội dung công việc thu thập tài liệu, dữ liệu gồm thu thập tập bản tả phẫu diện đất đối với chất lượng đất. Nội dung công việc thu thập tài liệu, dữ liệu gồm thu thập kết quả phân tích mẫu đất. Nội dung công việc thu thập tài liệu, dữ liệu gồm thu thập các báo cáo tổng hợp, các biểu mẫu về chất lượng đất, tiềm năng đất đai, thoái hóa đất, ô nhiễm đất, kết quả quan trắc chất lượng đất, thoái hóa đất, ô nhiễm đất. Nội dung công việc thu thập tài liệu, dữ liệu gồm thu thập các quyết định phê duyệt kết quả chất lượng đất, tiềm năng đất đai, thoái hóa đất, ô nhiễm đất, quan trắc chất lượng đất, thoái hóa đất, ô nhiễm đất. Nội dung công việc thu thập tài liệu, dữ liệu gồm vận chuyển tài liệu thu thập đến địa điểm thực hiện số hóa. Nội dung công việc xây dựng dữ liệu không gian điều tra, đánh giá đất gồm chuẩn hóa các lớp đối tượng không gian điều tra, đánh giá đất. Nội dung công việc xây dựng dữ liệu không gian điều tra, đánh giá đất gồm tách, lọc các đối tượng từ nội dung các lớp dữ liệu."
695fcf7697fdc5f42bd52223,694fb81eaedc69db48c76ee3,48/2024/TT-BTNMT,1,"Nội dung công việc 1.1 là công tác chuẩn bị. Bộ phận lập kế hoạch thi công chi tiết xác định thời gian, địa điểm, khối lượng và nhân lực thực hiện của từng bước công việc. Bộ phận lập kế hoạch thi công chi tiết xây dựng kế hoạch làm việc với các đơn vị có liên quan đến công tác xây dựng cơ sở dữ liệu điều tra, đánh giá đất. Bộ phận chuẩn bị nhân lực, địa điểm làm việc. Bộ phận chuẩn bị vật tư, thiết bị, dụng cụ, phần mềm phục vụ cho công tác xây dựng cơ sở dữ liệu điều tra, đánh giá đất. Nội dung công việc 1.2 là thu thập tài liệu, dữ liệu. Bộ phận thu thập các tài liệu và dữ liệu điểm điều tra phẫu diện, điểm lấy mẫu. Bộ phận thu thập tài liệu và dữ liệu kết quả đánh giá chất lượng đất cả nước, cấp vùng. Bộ phận thu thập tài liệu và dữ liệu kết quả đánh giá tiềm năng đất đai cả nước, cấp vùng. Bộ phận thu thập tài liệu và dữ liệu kết quả đánh giá thoái hóa đất đai cả nước, cấp vùng. Bộ phận thu thập tài liệu và dữ liệu kết quả đánh giá điểm ô nhiễm đất đai cả nước, cấp vùng. Bộ phận thu thập tài liệu và dữ liệu phạm vi ảnh hưởng ô nhiễm đất đai cả nước, cấp vùng. Bộ phận thu thập bản mô tả kết quả điều tra khoanh đất nông nghiệp. Bộ phận thu thập bản mô tả kết quả điều tra các loại hình thoái hóa. Bộ phận thu thập bản mô tả kết quả điều tra điểm lấy mẫu ô nhiễm đất. Bộ phận thu thập bản mô tả cảnh quan khu vực quan trắc chất lượng đất, thoái hóa đất, ô nhiễm đất. Bộ phận thu thập tập ảnh cảnh quan, ảnh mặt cắt phẫu diện đất chất lượng đất. Bộ phận thu thập tập ảnh cảnh quan khu vực, ảnh điểm điều tra thoái hóa đất. Bộ phận thu thập tập ảnh cảnh quan khu vực, ảnh điểm điều tra ô nhiễm đất. Bộ phận thu thập tập ảnh cảnh quan khu vực, ảnh điểm điều tra quan trắc chất lượng đất, thoái hóa đất, ô nhiễm đất. Bộ phận thu thập tập bản tả phẫu diện đất đối với chất lượng đất. Bộ phận thu thập kết quả phân tích mẫu đất. Bộ phận thu thập các báo cáo tổng hợp. Bộ phận thu thập các biểu mẫu về chất lượng đất, tiềm năng đất đai, thoái hóa đất, ô nhiễm đất, kết quả quan trắc chất lượng đất, thoái hóa đất, ô nhiễm đất và các quyết định phê duyệt kết quả chất lượng đất, tiềm năng đất đai, thoái hóa đất, ô nhiễm đất, quan trắc chất lượng đất, thoái hóa đất, ô nhiễm đất. Bộ phận vận chuyển tài liệu thu thập đến địa điểm thực hiện số hóa. Nội dung công việc 1.3 là xây dựng dữ liệu không gian điều tra, đánh giá đất. Bộ phận chuẩn hóa các lớp đối tượng không gian điều tra, đánh giá đất rà soát dữ liệu không gian điều tra, đánh giá đất để xử lý các lỗi dọc biên giữa các đơn vị hành chính tiếp. Nội dung công việc 1.4 là xây dựng dữ liệu thuộc tính điều tra, đánh giá đất. Bộ phận lập mô hình chuyển đổi cơ sở dữ liệu điều tra, đánh giá đất. Bộ phận chuyển đổi vào cơ sở dữ liệu điều tra, đánh giá đất. Nội dung công việc 1.5 là xây dựng dữ liệu đất đai phi cấu trúc về điều tra, đánh giá đất. Bộ phận quét các giấy tờ của bộ số liệu, tài liệu về kết quả điều tra, đánh giá đất đưa vào cơ sở dữ liệu điều tra, đánh giá đất. Bộ phận thiết lập chế độ quét của thiết bị theo hệ màu rgb với định dạng pdf, phiên bản 1.4 trở lên. Bộ phận thiết lập độ phân giải tối thiểu 200 dpi. Bộ phận thực hiện tỷ lệ số hóa 100%. Bộ phận xử lý các tệp tin quét thành các tệp tin theo quy định về dữ liệu điều tra, đánh giá đất phi cấu trúc. Bộ phận lưu trữ tệp tin dưới định dạng tệp tin pdf ở định dạng không chỉnh sửa được. Bộ phận đảm bảo chất lượng hình ảnh số sắc nét và rõ ràng. Bộ phận sắp xếp các hình ảnh theo cùng một hướng. Bộ phận quét hình ảnh vuông góc và không cong vênh. Bộ phận nhập thông tin mô tả của dữ liệu phi cấu trúc. Bộ phận tạo liên kết giữa dữ liệu phi cấu trúc về điều tra, đánh giá đất với các đối tượng không gian. Bộ phận tạo danh mục tra cứu dữ liệu phi cấu trúc trong cơ sở dữ liệu điều tra, đánh giá đất đối với các tài liệu dạng số mà không liên kết với các đối tượng không gian. Bộ phận vận chuyển và bàn giao tài liệu cho đơn vị quản lý hồ sơ, tài liệu. Nội dung công việc 1.6 là đối soát, hoàn thiện dữ liệu và xây dựng siêu dữ liệu điều tra, đánh giá đất. Bộ phận đối soát đảm bảo 100% thông tin trong cơ sở dữ liệu điều tra, đánh giá đất tuân thủ theo đúng quy định về nội dung, cấu trúc, kiểu thông tin của cơ sở dữ liệu quốc gia về đất đai. Bộ phận xây dựng siêu dữ liệu điều tra, đánh giá đất."
695fcf8097fdc5f42bd523ff,694fb81eaedc69db48c76f4e,29/2024/TT-BTNMT,1,"Tổng hợp các thông tin, tài liệu điều tra thu thập."
695fcf8097fdc5f42bd52400,694fb81eaedc69db48c76f4e,29/2024/TT-BTNMT,2,"Tổng hợp các thông tin, tài liệu điều tra thu thập sắp xếp theo chuyên mục."
695fcf8097fdc5f42bd52401,694fb81eaedc69db48c76f4e,29/2024/TT-BTNMT,3,"Tổng hợp các thông tin, tài liệu điều tra thu thập sắp xếp theo nguồn thông tin."
695fcf8097fdc5f42bd52402,694fb81eaedc69db48c76f4e,29/2024/TT-BTNMT,4,"Tổng hợp các thông tin, tài liệu điều tra thu thập phân loại theo chuyên mục."
695fcf8097fdc5f42bd52403,694fb81eaedc69db48c76f4e,29/2024/TT-BTNMT,5,"Tổng hợp các thông tin, tài liệu điều tra thu thập phân loại theo nguồn thông tin."
695fcf8097fdc5f42bd52404,694fb81eaedc69db48c76f4e,29/2024/TT-BTNMT,6,"Tổng hợp các thông tin, tài liệu điều tra thu thập đánh giá theo chuyên mục."
695fcf8097fdc5f42bd52405,694fb81eaedc69db48c76f4e,29/2024/TT-BTNMT,7,"Tổng hợp các thông tin, tài liệu điều tra thu thập đánh giá theo nguồn thông tin."
695fcf8197fdc5f42bd52421,694fb81eaedc69db48c76f57,29/2024/TT-BTNMT,1,"Phân tích điều kiện tự nhiên, các nguồn tài nguyên và môi trường."
695fcf8197fdc5f42bd52422,694fb81eaedc69db48c76f57,29/2024/TT-BTNMT,2,"Đánh giá điều kiện tự nhiên, các nguồn tài nguyên và môi trường."
695fcf8197fdc5f42bd52423,694fb81eaedc69db48c76f57,29/2024/TT-BTNMT,3,Phân tích đặc điểm các nguồn tài nguyên đất.
695fcf8197fdc5f42bd52424,694fb81eaedc69db48c76f57,29/2024/TT-BTNMT,4,Phân tích đặc điểm các nguồn tài nguyên nước.
695fcf8197fdc5f42bd52425,694fb81eaedc69db48c76f57,29/2024/TT-BTNMT,5,Phân tích đặc điểm các nguồn tài nguyên rừng.
695fcf8197fdc5f42bd52426,694fb81eaedc69db48c76f57,29/2024/TT-BTNMT,6,Phân tích đặc điểm các nguồn tài nguyên biển.
695fcf8197fdc5f42bd52427,694fb81eaedc69db48c76f57,29/2024/TT-BTNMT,7,Phân tích đặc điểm các nguồn tài nguyên khoáng sản.
695fcf8897fdc5f42bd52567,694fb81eaedc69db48c7702a,29/2024/TT-BTNMT,1,"Tổng hợp các thông tin, tài liệu điều tra, thu thập."
695fcf8897fdc5f42bd52568,694fb81eaedc69db48c7702a,29/2024/TT-BTNMT,2,"Phân loại các thông tin, tài liệu điều tra, thu thập."
695fcf8897fdc5f42bd52569,694fb81eaedc69db48c7702a,29/2024/TT-BTNMT,3,"Đánh giá các thông tin, tài liệu điều tra, thu thập."
695fcf8897fdc5f42bd5256a,694fb81eaedc69db48c7702a,29/2024/TT-BTNMT,4,"Các thông tin, tài liệu điều tra, thu thập gồm sắp xếp theo chuyên mục."
695fcf8897fdc5f42bd5256b,694fb81eaedc69db48c7702a,29/2024/TT-BTNMT,5,"Các thông tin, tài liệu điều tra, thu thập gồm sắp xếp theo nguồn thông tin."
695fcf8997fdc5f42bd5259e,694fb81eaedc69db48c77050,29/2024/TT-BTNMT,1,Xác định các chỉ tiêu phát triển kinh tế - xã hội trong kỳ quy hoạch sử dụng đất.
695fcf8997fdc5f42bd5259f,694fb81eaedc69db48c77050,29/2024/TT-BTNMT,2,Xác định các chỉ tiêu về kinh tế trong kỳ quy hoạch sử dụng đất.
695fcf8b97fdc5f42bd525f8,694fb81eaedc69db48c770b0,29/2024/TT-BTNMT,1,"Phân tích điều kiện tự nhiên, các nguồn tài nguyên và môi trường."
695fcf8b97fdc5f42bd525f9,694fb81eaedc69db48c770b0,29/2024/TT-BTNMT,2,"Đánh giá điều kiện tự nhiên, các nguồn tài nguyên và môi trường."
695fcf8b97fdc5f42bd525fa,694fb81eaedc69db48c770b0,29/2024/TT-BTNMT,3,Phân tích đặc điểm điều kiện tự nhiên.
695fcf8b97fdc5f42bd525fb,694fb81eaedc69db48c770b0,29/2024/TT-BTNMT,4,Phân tích đặc điểm các nguồn tài nguyên.
695fcf8b97fdc5f42bd525fc,694fb81eaedc69db48c770b1,29/2024/TT-BTNMT,1,"Phân tích điều kiện tự nhiên, các nguồn tài nguyên và môi trường."
695fcf8b97fdc5f42bd525fd,694fb81eaedc69db48c770b1,29/2024/TT-BTNMT,2,"Đánh giá điều kiện tự nhiên, các nguồn tài nguyên và môi trường."
695fcf8b97fdc5f42bd525fe,694fb81eaedc69db48c770b1,29/2024/TT-BTNMT,3,Phân tích hiện trạng môi trường.
695fcf8b97fdc5f42bd525ff,694fb81eaedc69db48c770b1,29/2024/TT-BTNMT,4,Phân tích tác động của biến đổi khí hậu đến việc sử dụng đất.
695fcf8f97fdc5f42bd526d9,694fb81eaedc69db48c77158,10/2024/TT-BTNMT,1,Thông tin về thửa đất thuộc đối tượng địa lý hình tuyến được ghi là địa chỉ.
695fcf8f97fdc5f42bd526da,694fb81eaedc69db48c77159,10/2024/TT-BTNMT,1,"Thông tin về thửa đất, đối tượng địa lý hình tuyến được cung cấp."
695fcf8f97fdc5f42bd526db,694fb81eaedc69db48c77159,10/2024/TT-BTNMT,2,Thông tin về ranh giới của thửa đất được xác định.
695fcf9b97fdc5f42bd528e2,694fb81eaedc69db48c77294,04/2024/TT-BXD,1,Chuyên đề 11 tổng quan chung về thị trường bất động sản.
695fcf9b97fdc5f42bd528e3,694fb81eaedc69db48c77294,04/2024/TT-BXD,2,Chuyên đề 11 bao gồm một số nội dung chính.
695fcf9b97fdc5f42bd528e4,694fb81eaedc69db48c77294,04/2024/TT-BXD,3,Một số nội dung chính của chuyên đề 11 là phân loại thị trường bất động sản.
695fcf9c97fdc5f42bd52900,694fb81eaedc69db48c772a1,04/2024/TT-BXD,1,Chuyên đề 1 là tổng quan về dịch vụ môi giới bất động sản.
695fcf9c97fdc5f42bd52901,694fb81eaedc69db48c772a1,04/2024/TT-BXD,2,Chuyên đề 1 bao gồm một số nội dung chính.
695fcf9c97fdc5f42bd52902,694fb81eaedc69db48c772a1,04/2024/TT-BXD,3,Một trong những nội dung chính của chuyên đề 1 là giới thiệu về dịch vụ môi giới bất động sản.
695fcf9d97fdc5f42bd52939,694fb81eaedc69db48c772bb,04/2024/TT-BXD,1,Chuyên đề 1 là tổ chức điều hành sàn giao dịch bất động sản.
695fcf9d97fdc5f42bd5293a,694fb81eaedc69db48c772bb,04/2024/TT-BXD,2,Chuyên đề 1 bao gồm một số nội dung chính.
695fcf9d97fdc5f42bd5293b,694fb81eaedc69db48c772bb,04/2024/TT-BXD,3,Một trong các nội dung chính là giới thiệu về sàn giao dịch bất động sản.
695fcf9d97fdc5f42bd52948,694fb81eaedc69db48c772c1,04/2024/TT-BXD,1,Chuyên đề 1 là tổ chức điều hành sàn giao dịch bất động sản.
695fcf9d97fdc5f42bd52949,694fb81eaedc69db48c772c1,04/2024/TT-BXD,2,Chuyên đề 1 bao gồm một số nội dung chính.
695fcf9d97fdc5f42bd5294a,694fb81eaedc69db48c772c1,04/2024/TT-BXD,3,Một số nội dung chính là xác nhận giao dịch qua sàn giao dịch bất động sản.
