section_id,document_number,sentence
694fb816aedc69db48c70a58,31/2024/QH15,Các quy hoạch có liên quan đến sử dụng đất đã được cơ quan nhà nước có thẩm quyền quyết định
694fb816aedc69db48c70a58,31/2024/QH15,Các quy hoạch có liên quan đến sử dụng đất đã được cơ quan nhà nước có thẩm quyền phê duyệt
694fb816aedc69db48c70a77,31/2024/QH15,"Hợp đồng chuyển nhượng, tặng cho, thế chấp, góp vốn bằng quyền sử dụng đất phải được công chứng hoặc chứng thực"
694fb816aedc69db48c70a77,31/2024/QH15,Quyền sử dụng đất và tài sản gắn liền với đất phải được công chứng hoặc chứng thực
694fb816aedc69db48c70a78,31/2024/QH15,"Việc công chứng, chứng thực hợp đồng, văn bản thực hiện các quyền của người sử dụng đất được thực hiện"
694fb816aedc69db48c70a78,31/2024/QH15,"Hợp đồng cho thuê, cho thuê lại quyền sử dụng đất, quyền sử dụng đất và tài sản gắn liền với đất được công chứng hoặc chứng thực"
694fb816aedc69db48c70a78,31/2024/QH15,Hợp đồng chuyển đổi quyền sử dụng đất nông nghiệp được công chứng hoặc chứng thực
694fb816aedc69db48c70a78,31/2024/QH15,"Hợp đồng chuyển nhượng, góp vốn bằng quyền sử dụng đất, quyền sử dụng đất và tài sản gắn liền với đất, tài sản gắn liền với đất được công chứng hoặc chứng thực"
694fb816aedc69db48c70ab5,31/2024/QH15,Trường hợp có đầu tư xây dựng công trình trên đất thì đầu tư phải phù hợp với pháp luật về xây dựng
694fb816aedc69db48c70ac7,31/2024/QH15,Đất được nhà nước giao không thu tiền sử dụng đất thuộc quy định đó
694fb816aedc69db48c70ac7,31/2024/QH15,Đất được nhà nước giao có thu tiền sử dụng đất thuộc quy định đó
694fb816aedc69db48c70ac7,31/2024/QH15,Đất được nhà nước cho thuê thuộc quy định đó
694fb816aedc69db48c70ac7,31/2024/QH15,Đất do hợp tác xã mua tài sản gắn liền với đất thuộc quy định đó
694fb816aedc69db48c70ac7,31/2024/QH15,Đất do hợp tác xã nhận chuyển nhượng quyền sử dụng đất hợp pháp từ người khác thuộc quy định đó
694fb816aedc69db48c70ac7,31/2024/QH15,Tiền thuê đất có nguồn gốc do nhà nước hỗ trợ thuộc quy định đó
694fb816aedc69db48c70ac7,31/2024/QH15,Tiền mua tài sản gắn liền với đất có nguồn gốc do nhà nước hỗ trợ thuộc quy định đó
694fb816aedc69db48c70ac7,31/2024/QH15,Tiền nhận chuyển nhượng quyền sử dụng đất có nguồn gốc do nhà nước hỗ trợ thuộc quy định đó
694fb816aedc69db48c70ac8,31/2024/QH15,"Đối với đất được nhà nước giao đất có thu tiền sử dụng đất, cho thuê đất thu tiền thuê đất một lần cho cả thời gian thuê, quyền sử dụng đất được xử lý theo quy định"
694fb816aedc69db48c70ac8,31/2024/QH15,"Đối với đất do mua tài sản gắn liền với đất hoặc nhận chuyển nhượng quyền sử dụng đất hợp pháp từ người khác mà tiền sử dụng đất, tiền thuê đất, tiền mua tài sản gắn liền với đất, tiền nhận chuyển nhượng quyền sử dụng đất không có nguồn gốc do nhà nước hỗ trợ, quyền sử dụng đất được xử lý theo quy định"
694fb816aedc69db48c70b1f,31/2024/QH15,Đất không có tranh chấp
694fb816aedc69db48c70b20,31/2024/QH15,Quyền sử dụng đất không bị kê biên
694fb816aedc69db48c70b27,31/2024/QH15,"Đối với trường hợp thực hiện quyền sử dụng đất của cá nhân là người dân tộc thiểu số được giao đất, cho thuê đất theo quy định tại khoản 3 điều 16 của luật này"
694fb816aedc69db48c70b37,31/2024/QH15,Tài sản gắn liền với đất thuê được tạo lập hợp pháp
694fb816aedc69db48c70b6a,31/2024/QH15,"Nội dung điều tra, đánh giá thoái hóa đất bao gồm xác định diện tích đất bị thoái hóa theo từng loại hình thoái hóa"
694fb816aedc69db48c70bac,31/2024/QH15,Hoạt động kiểm kê đất đai được thực hiện
694fb816aedc69db48c70baf,31/2024/QH15,Hoạt động kiểm kê đất đai được thực hiện
694fb816aedc69db48c70c10,31/2024/QH15,Căn cứ lập kế hoạch sử dụng đất hằng năm cấp huyện bao gồm quy hoạch xây dựng
694fb816aedc69db48c70c20,31/2024/QH15,Dự án chưa có trong kế hoạch sử dụng đất hằng năm cấp huyện thuộc một trong các trường hợp sau đây thì được thực hiện
694fb816aedc69db48c70c36,31/2024/QH15,Việc lấy ý kiến về quy hoạch sử dụng đất cấp tỉnh được quy định
694fb816aedc69db48c70c3a,31/2024/QH15,Việc lấy ý kiến về quy hoạch sử dụng đất cấp huyện được quy định rõ
694fb816aedc69db48c70c3a,31/2024/QH15,Việc lấy ý kiến về kế hoạch sử dụng đất hằng năm cấp huyện được quy định rõ
694fb816aedc69db48c70c58,31/2024/QH15,"Việc điều chỉnh quy hoạch, kế hoạch sử dụng đất thực hiện theo các nguyên tắc do cơ quan có thẩm quyền tổ chức lập quy hoạch, kế hoạch sử dụng đất quy định"
694fb816aedc69db48c70ced,31/2024/QH15,Sau khi quốc hội quyết định
694fb816aedc69db48c70d05,31/2024/QH15,"Đơn vị thực hiện nhiệm vụ bồi thường, hỗ trợ, tái định cư tham gia phối hợp"
694fb816aedc69db48c70d05,31/2024/QH15,Các cơ quan có liên quan tham gia phối hợp
694fb816aedc69db48c70d09,31/2024/QH15,"Trường hợp không liên lạc được với người có đất thu hồi, chủ sở hữu tài sản gắn liền với đất, người có quyền lợi và nghĩa vụ liên quan (nếu có), thì không gửi được thông báo thu hồi đất cho họ"
694fb816aedc69db48c70d1f,31/2024/QH15,"Quá thời hạn 10 ngày kể từ ngày kết thúc vận động, thuyết phục, người có đất thu hồi vẫn không đồng ý hoặc không phối hợp thực hiện"
694fb816aedc69db48c70d27,31/2024/QH15,Việc cưỡng chế thực hiện quyết định kiểm đếm phải tiến hành công khai
694fb816aedc69db48c70d27,31/2024/QH15,Việc cưỡng chế thực hiện quyết định kiểm đếm phải tiến hành minh bạch
694fb816aedc69db48c70d27,31/2024/QH15,Việc cưỡng chế thực hiện quyết định kiểm đếm phải tiến hành dân chủ
694fb816aedc69db48c70d27,31/2024/QH15,Việc cưỡng chế thực hiện quyết định kiểm đếm phải tiến hành khách quan
694fb816aedc69db48c70d27,31/2024/QH15,Việc cưỡng chế thực hiện quyết định kiểm đếm phải bảo đảm an toàn
694fb816aedc69db48c70d2a,31/2024/QH15,Ủy ban nhân dân cấp xã đã vận động và thuyết phục
694fb816aedc69db48c70d2a,31/2024/QH15,Ủy ban Mặt trận Tổ quốc Việt Nam cấp xã nơi có đất thu hồi đã vận động và thuyết phục
694fb816aedc69db48c70d2a,31/2024/QH15,"Đơn vị, tổ chức thực hiện nhiệm vụ bồi thường, hỗ trợ, tái định cư đã vận động và thuyết phục"
694fb816aedc69db48c70d31,31/2024/QH15,"Tổ chức được giao thực hiện cưỡng chế thực hiện điều tra, khảo sát, đo đạc, kiểm đếm"
694fb816aedc69db48c70d36,31/2024/QH15,Việc cưỡng chế thực hiện quyết định thu hồi đất phải bảo đảm tiến hành công khai
694fb816aedc69db48c70d36,31/2024/QH15,Việc cưỡng chế thực hiện quyết định thu hồi đất phải bảo đảm tiến hành minh bạch
694fb816aedc69db48c70d36,31/2024/QH15,Việc cưỡng chế thực hiện quyết định thu hồi đất phải bảo đảm tiến hành dân chủ
694fb816aedc69db48c70d36,31/2024/QH15,Việc cưỡng chế thực hiện quyết định thu hồi đất phải bảo đảm tiến hành khách quan
694fb816aedc69db48c70d36,31/2024/QH15,Việc cưỡng chế thực hiện quyết định thu hồi đất phải bảo đảm an toàn
694fb816aedc69db48c70d38,31/2024/QH15,Việc cưỡng chế thực hiện quyết định thu hồi đất được thực hiện với đối tượng khác có liên quan đến khu đất thu hồi (nếu có)
694fb816aedc69db48c70d41,31/2024/QH15,"Trường hợp người bị cưỡng chế không chấp hành quyết định cưỡng chế, ban cưỡng chế thu hồi đất tổ chức thực hiện cưỡng chế"
694fb816aedc69db48c70daa,31/2024/QH15,"Đối với nhà, công trình xây dựng gắn liền với đất không thuộc trường hợp quy định tại khoản 1 điều này, khi Nhà nước thu hồi đất mà nhà, công trình xây dựng bị tháo dỡ hoặc phá dỡ toàn bộ hoặc một phần thì nhà, công trình xây dựng được bồi thường thiệt hại như sau"
694fb816aedc69db48c70dd1,31/2024/QH15,Hỗ trợ khi nhà nước thu hồi đất bao gồm hỗ trợ ổn định kinh doanh
694fb816aedc69db48c70dd3,31/2024/QH15,Hỗ trợ khi nhà nước thu hồi đất bao gồm hỗ trợ đào tạo
694fb816aedc69db48c70dd4,31/2024/QH15,Hỗ trợ khi nhà nước thu hồi đất bao gồm hỗ trợ tái định cư
694fb816aedc69db48c70ddc,31/2024/QH15,"Hộ gia đình, cá nhân sử dụng đất đang trực tiếp sản xuất nông nghiệp và có nguồn thu nhập ổn định từ sản xuất nông nghiệp trên đất đó được hưởng hỗ trợ"
694fb816aedc69db48c70de1,31/2024/QH15,Bộ Lao động - Thương binh và Xã hội chủ trì
694fb816aedc69db48c70e1d,31/2024/QH15,"Đối với dự án quy định tại khoản 4 điều 67 của luật này, căn cứ vào quyết định đầu tư theo quy định của pháp luật về đầu tư công"
694fb816aedc69db48c70e1d,31/2024/QH15,"Đối với dự án quy định tại khoản 4 điều 67 của luật này, căn cứ vào quyết định chấp thuận chủ trương đầu tư đồng thời với chấp thuận nhà đầu tư"
694fb816aedc69db48c70e1d,31/2024/QH15,"Đối với dự án quy định tại khoản 4 điều 67 của luật này, căn cứ vào quyết định chấp thuận nhà đầu tư theo quy định của pháp luật về đầu tư"
694fb816aedc69db48c70e1d,31/2024/QH15,"Đối với dự án quy định tại khoản 4 điều 67 của luật này, căn cứ vào quyết định chấp thuận nhà đầu tư theo quy định của pháp luật về nhà ở"
694fb816aedc69db48c70e1d,31/2024/QH15,"Đối với dự án quy định tại khoản 4 điều 67 của luật này, căn cứ vào văn bản phê duyệt kết quả lựa chọn nhà đầu tư đối với dự án đầu tư theo phương thức đối tác công tư"
694fb816aedc69db48c70e83,31/2024/QH15,Phương án đấu giá quyền sử dụng đất đã được cơ quan có thẩm quyền phê duyệt
694fb816aedc69db48c70e9c,31/2024/QH15,Danh mục các khu đất thực hiện đấu thầu dự án đầu tư có sử dụng đất được hội đồng nhân dân cấp tỉnh quyết định
694fb816aedc69db48c70ee9,31/2024/QH15,Trường hợp đã được cấp giấy chứng nhận quyền sở hữu nhà ở và quyền sử dụng đất ở thì đăng ký biến động được thực hiện
694fb816aedc69db48c70ee9,31/2024/QH15,Trường hợp đã được cấp giấy chứng nhận quyền sở hữu nhà ở thì đăng ký biến động được thực hiện
694fb816aedc69db48c70ee9,31/2024/QH15,Trường hợp đã được cấp giấy chứng nhận quyền sở hữu công trình xây dựng thì đăng ký biến động được thực hiện
694fb816aedc69db48c70ee9,31/2024/QH15,"Trường hợp đã được cấp giấy chứng nhận quyền sử dụng đất, quyền sở hữu nhà ở và tài sản khác gắn liền với đất thì đăng ký biến động được thực hiện"
694fb816aedc69db48c70ee9,31/2024/QH15,"Trường hợp đã được cấp giấy chứng nhận quyền sử dụng đất, quyền sở hữu tài sản gắn liền với đất mà có thay đổi sau đây thì đăng ký biến động được thực hiện"
694fb816aedc69db48c70eeb,31/2024/QH15,Trường hợp đã được cấp giấy chứng nhận quyền sở hữu nhà ở và quyền sử dụng đất ở được đăng ký biến động
694fb816aedc69db48c70eeb,31/2024/QH15,Trường hợp đã được cấp giấy chứng nhận quyền sở hữu nhà ở được đăng ký biến động
694fb816aedc69db48c70eeb,31/2024/QH15,Trường hợp đã được cấp giấy chứng nhận quyền sở hữu công trình xây dựng được đăng ký biến động
694fb816aedc69db48c70eeb,31/2024/QH15,Các trường hợp nêu trên mà có thay đổi ranh giới thì được đăng ký biến động
694fb816aedc69db48c70eeb,31/2024/QH15,Các trường hợp nêu trên mà có thay đổi mốc giới thì được đăng ký biến động
694fb816aedc69db48c70eeb,31/2024/QH15,Các trường hợp nêu trên mà có thay đổi kích thước các cạnh thì được đăng ký biến động
694fb816aedc69db48c70eeb,31/2024/QH15,Các trường hợp nêu trên mà có thay đổi diện tích thì được đăng ký biến động
694fb816aedc69db48c70eee,31/2024/QH15,Các giấy chứng nhận mà có thay đổi sau đây thì đăng ký biến động được thực hiện
694fb816aedc69db48c70eef,31/2024/QH15,Trường hợp đã được cấp giấy chứng nhận quyền sở hữu nhà ở cũng được thực hiện đăng ký biến động
694fb816aedc69db48c70eef,31/2024/QH15,Trường hợp đã được cấp giấy chứng nhận quyền sở hữu công trình xây dựng được thực hiện đăng ký biến động
694fb816aedc69db48c70ef2,31/2024/QH15,"Trường hợp đã được cấp giấy chứng nhận quyền sử dụng đất, quyền sở hữu nhà ở và tài sản khác gắn liền với đất mà có thay đổi sau đây thì đăng ký biến động được thực hiện"
694fb816aedc69db48c70ef7,31/2024/QH15,Trường hợp được cấp giấy chứng nhận có thay đổi sau đây phải đăng ký biến động
694fb816aedc69db48c70ef7,31/2024/QH15,Các thay đổi đó gồm điều chuyển
694fb816aedc69db48c70f15,31/2024/QH15,Giấy tờ đó do cơ quan nhà nước đang quản lý cấp
694fb816aedc69db48c70f2b,31/2024/QH15,"Đối với thửa đất có sử dụng vào mục đích sản xuất, kinh doanh phi nông nghiệp, thương mại, dịch vụ thì được công nhận đất cơ sở sản xuất phi nông nghiệp, đất thương mại, dịch vụ theo diện tích thực tế đã sử dụng"
694fb816aedc69db48c70f2b,31/2024/QH15,Thời hạn sử dụng đất là ổn định lâu dài
694fb816aedc69db48c70f46,31/2024/QH15,"Trường hợp hộ gia đình, cá nhân đang sử dụng đất do lấn đất, chiếm đất không thuộc các trường hợp quy định tại khoản 1 và khoản 2 điều này thì xử lý theo quy định"
694fb816aedc69db48c70f46,31/2024/QH15,"Trường hợp sử dụng đất không đúng mục đích đã được nhà nước giao đất, cho thuê đất, công nhận quyền sử dụng đất thì cũng xử lý theo quy định"
694fb816aedc69db48c70f4f,31/2024/QH15,Ủy ban nhân dân cấp xã nơi có đất xác nhận không có tranh chấp
694fb816aedc69db48c70f5b,31/2024/QH15,Trên giấy tờ về quyền sử dụng đất đã ghi rõ diện tích đất ở
694fb816aedc69db48c70f5b,31/2024/QH15,Hoặc chưa ghi rõ diện tích đất ở trên giấy tờ về quyền sử dụng đất
694fb816aedc69db48c70f60,31/2024/QH15,Thời hạn sử dụng đất phần diện tích đất còn lại là ổn định lâu dài
694fb816aedc69db48c70f73,31/2024/QH15,"Không cấp giấy chứng nhận quyền sử dụng đất, quyền sở hữu tài sản gắn liền với đất đối với phần diện tích đất sử dụng vào mục đích xây dựng công trình công cộng"
694fb816aedc69db48c70f80,31/2024/QH15,"Ủy ban nhân dân cấp tỉnh căn cứ vào nhu cầu sử dụng đất của tổ chức, hộ gia đình, cá nhân đó để giải quyết"
694fb816aedc69db48c70f97,31/2024/QH15,Trên giấy tờ đó ghi tên người khác
694fb816aedc69db48c70f97,31/2024/QH15,Giấy tờ đó đang không có tranh chấp
694fb816aedc69db48c70f9c,31/2024/QH15,Trường hợp chủ sở hữu nhà ở không có quyền sử dụng đất đối với thửa đất ở đó thì việc cấp giấy chứng nhận quyền sử dụng đất và quyền sở hữu tài sản gắn liền với đất được thực hiện
694fb816aedc69db48c70f9c,31/2024/QH15,Đối với tổ chức nước ngoài sở hữu nhà ở tại Việt Nam thì phải có giấy tờ về giao dịch nhà ở theo quy định của pháp luật về nhà ở
694fb816aedc69db48c70ff2,31/2024/QH15,Thời điểm tiền thuê đất được quy định như sau
694fb816aedc69db48c70ff5,31/2024/QH15,Thời điểm tiền thuê đất được quy định như sau
694fb816aedc69db48c71013,31/2024/QH15,Việc định giá đất phải bảo đảm trung thực
694fb816aedc69db48c71013,31/2024/QH15,Việc định giá đất phải bảo đảm khách quan
694fb816aedc69db48c71013,31/2024/QH15,Việc định giá đất phải bảo đảm công khai
694fb816aedc69db48c71013,31/2024/QH15,Việc định giá đất phải bảo đảm minh bạch
694fb816aedc69db48c71017,31/2024/QH15,Mục đích sử dụng đất được đưa ra định giá
694fb816aedc69db48c71087,31/2024/QH15,Dữ liệu trong cơ sở dữ liệu quốc gia về đất đai tương đương văn bản giấy được cơ quan có thẩm quyền cung cấp
694fb816aedc69db48c71090,31/2024/QH15,Cơ quan có thẩm quyền cung cấp dịch vụ công trực tuyến về đất đai phải bảo đảm kết nối liên thông
694fb816aedc69db48c710c7,31/2024/QH15,Trường hợp cá nhân chuyển đất trồng cây hằng năm sang đất rừng đặc dụng thì thời hạn sử dụng đất là ổn định lâu dài
694fb816aedc69db48c710c7,31/2024/QH15,Trường hợp cá nhân chuyển đất trồng cây lâu năm sang đất rừng đặc dụng thì thời hạn sử dụng đất là ổn định lâu dài
694fb816aedc69db48c710c7,31/2024/QH15,Trường hợp cá nhân chuyển đất nuôi trồng thủy sản sang đất rừng đặc dụng thì thời hạn sử dụng đất là ổn định lâu dài
694fb816aedc69db48c710c7,31/2024/QH15,Trường hợp cá nhân chuyển đất làm muối sang đất rừng đặc dụng thì thời hạn sử dụng đất là ổn định lâu dài
694fb816aedc69db48c710c7,31/2024/QH15,Trường hợp cá nhân chuyển đất trồng cây hằng năm sang đất rừng phòng hộ thì thời hạn sử dụng đất là ổn định lâu dài
694fb816aedc69db48c710c7,31/2024/QH15,Trường hợp cá nhân chuyển đất trồng cây lâu năm sang đất rừng phòng hộ thì thời hạn sử dụng đất là ổn định lâu dài
694fb816aedc69db48c710c7,31/2024/QH15,Trường hợp cá nhân chuyển đất nuôi trồng thủy sản sang đất rừng phòng hộ thì thời hạn sử dụng đất là ổn định lâu dài
694fb816aedc69db48c710c7,31/2024/QH15,Trường hợp cá nhân chuyển đất làm muối sang đất rừng phòng hộ thì thời hạn sử dụng đất là ổn định lâu dài
694fb816aedc69db48c71150,31/2024/QH15,Hoạt động lấn biển phải đảm bảo phát triển bền vững
694fb816aedc69db48c71158,31/2024/QH15,"Hoạt động lấn biển mà có phần diện tích thuộc khu bảo tồn biển thì chỉ được thực hiện khi được quốc hội, thủ tướng chính phủ chấp thuận, quyết định chủ trương đầu tư"
694fb816aedc69db48c71158,31/2024/QH15,"Hoạt động lấn biển mà có phần diện tích thuộc khu bảo vệ nguồn lợi thủy sản thì chỉ được thực hiện khi được quốc hội, thủ tướng chính phủ chấp thuận, quyết định chủ trương đầu tư"
694fb816aedc69db48c71158,31/2024/QH15,"Hoạt động lấn biển mà có phần diện tích thuộc cảng cá thì chỉ được thực hiện khi được quốc hội, thủ tướng chính phủ chấp thuận, quyết định chủ trương đầu tư"
694fb816aedc69db48c71158,31/2024/QH15,"Hoạt động lấn biển mà có phần diện tích thuộc khu neo đậu tránh trú bão cho tàu cá theo quy định của pháp luật về thủy sản thì chỉ được thực hiện khi được quốc hội, thủ tướng chính phủ chấp thuận, quyết định chủ trương đầu tư"
694fb816aedc69db48c7115a,31/2024/QH15,Hoạt động lấn biển mà có phần diện tích thuộc cửa sông thì chỉ được thực hiện khi được quốc hội chấp thuận quyết định chủ trương đầu tư
694fb816aedc69db48c7115a,31/2024/QH15,Hoạt động lấn biển mà có phần diện tích thuộc cửa sông thì chỉ được thực hiện khi thủ tướng chính phủ chấp thuận quyết định chủ trương đầu tư
694fb816aedc69db48c7115a,31/2024/QH15,Hoạt động lấn biển mà có phần diện tích thuộc các khu vực đã được quy hoạch sử dụng vào mục đích quốc phòng thì chỉ được thực hiện khi được quốc hội chấp thuận quyết định chủ trương đầu tư
694fb816aedc69db48c7115a,31/2024/QH15,Hoạt động lấn biển mà có phần diện tích thuộc các khu vực đã được quy hoạch sử dụng vào mục đích quốc phòng thì chỉ được thực hiện khi thủ tướng chính phủ chấp thuận quyết định chủ trương đầu tư
694fb816aedc69db48c7115a,31/2024/QH15,Hoạt động lấn biển mà có phần diện tích thuộc các khu vực đã được quy hoạch sử dụng vào mục đích an ninh thì chỉ được thực hiện khi được quốc hội chấp thuận quyết định chủ trương đầu tư
694fb816aedc69db48c7115a,31/2024/QH15,Hoạt động lấn biển mà có phần diện tích thuộc các khu vực đã được quy hoạch sử dụng vào mục đích an ninh thì chỉ được thực hiện khi thủ tướng chính phủ chấp thuận quyết định chủ trương đầu tư
694fb816aedc69db48c71166,31/2024/QH15,"Đất bãi bồi ven sông, ven biển được Nhà nước giao"
694fb816aedc69db48c7116c,31/2024/QH15,Tập trung đất nông nghiệp là việc tăng diện tích đất nông nghiệp để tổ chức sản xuất
694fb816aedc69db48c7116d,31/2024/QH15,Tập trung đất nông nghiệp là việc tăng diện tích đất nông nghiệp để tổ chức sản xuất
694fb816aedc69db48c7116e,31/2024/QH15,Tập trung đất nông nghiệp là việc tăng diện tích đất nông nghiệp để tổ chức sản xuất
694fb816aedc69db48c71170,31/2024/QH15,Việc tập trung đất nông nghiệp phải bảo đảm công khai
694fb816aedc69db48c71170,31/2024/QH15,Việc tập trung đất nông nghiệp phải bảo đảm minh bạch
694fb816aedc69db48c71170,31/2024/QH15,Việc tập trung đất nông nghiệp phải bảo đảm tự nguyện
694fb816aedc69db48c71170,31/2024/QH15,Việc tập trung đất nông nghiệp phải bảo đảm dân chủ
694fb816aedc69db48c71170,31/2024/QH15,Việc tập trung đất nông nghiệp phải bảo đảm công bằng
694fb816aedc69db48c7117b,31/2024/QH15,Tích tụ đất nông nghiệp là việc tăng diện tích đất nông nghiệp của người sử dụng đất để tổ chức sản xuất
694fb816aedc69db48c711bc,31/2024/QH15,"Quyền và nghĩa vụ của đối tượng quy định tại khoản 1 điều này khi sử dụng đất quốc phòng, an ninh kết hợp với hoạt động lao động sản xuất, xây dựng kinh tế được quy định"
694fb816aedc69db48c711e6,31/2024/QH15,Trường hợp khai thác khoáng sản mà không sử dụng lớp đất mặt thì không phải thuê đất
694fb816aedc69db48c711e6,31/2024/QH15,Trường hợp khai thác khoáng sản mà không ảnh hưởng đến việc sử dụng mặt đất thì không phải thuê đất
694fb816aedc69db48c7122f,31/2024/QH15,"Đất có mặt nước chuyên dùng và đất sông, ngòi, kênh, rạch, suối được quản lý và sử dụng theo quy định"
694fb816aedc69db48c71231,31/2024/QH15,"Đất có mặt nước chuyên dùng và đất sông, ngòi, kênh, rạch, suối được quản lý theo quy định"
694fb816aedc69db48c71231,31/2024/QH15,"Đất có mặt nước chuyên dùng và đất sông, ngòi, kênh, rạch, suối được sử dụng theo quy định"
694fb816aedc69db48c71281,31/2024/QH15,Thửa đất còn trong thời hạn sử dụng đất phải được bảo đảm
694fb816aedc69db48c71282,31/2024/QH15,Đất không được có tranh chấp
694fb816aedc69db48c71282,31/2024/QH15,"Trường hợp đất có tranh chấp nhưng xác định được phạm vi diện tích, ranh giới đang tranh chấp"
694fb816aedc69db48c71286,31/2024/QH15,"Trường hợp tách thửa đất thì phải bảo đảm các nguyên tắc, điều kiện quy định tại khoản 1 điều này"
694fb816aedc69db48c71286,31/2024/QH15,"Trường hợp tách thửa đất thì ngoài các nguyên tắc, điều kiện quy định tại khoản 1 điều này còn phải bảo đảm các điều kiện được quy định tại khoản 2 điều 220 chương xiii mục 2"
694fb816aedc69db48c71286,31/2024/QH15,Trường hợp chuyển mục đích sử dụng một phần thửa đất thì phải thực hiện tách thửa
694fb816aedc69db48c71286,31/2024/QH15,Đối với thửa đất có đất ở và đất khác thì không bắt buộc thực hiện tách thửa khi chuyển mục đích sử dụng một phần thửa đất
694fb816aedc69db48c71287,31/2024/QH15,"Trường hợp tách thửa đất thì ngoài các nguyên tắc, điều kiện quy định tại khoản 1 điều này thì phải bảo đảm các điều kiện sau đây"
694fb816aedc69db48c71289,31/2024/QH15,"Trường hợp hợp thửa đất thì ngoài các nguyên tắc, điều kiện quy định tại khoản 1 điều này còn phải bảo đảm các điều kiện sau đây"
694fb816aedc69db48c7128a,31/2024/QH15,"Trong trường hợp thửa đất thì ngoài các nguyên tắc, điều kiện quy định tại khoản 1 điều này còn phải bảo đảm các điều kiện sau đây"
694fb816aedc69db48c712b1,31/2024/QH15,Nội dung khác của bộ thủ tục hành chính được công khai nếu có
694fb816aedc69db48c712f6,31/2024/QH15,Việc sử dụng đất đối với các dự án có quy mô lớn sử dụng nhiều diện tích đất được quy định
694fb816aedc69db48c71327,31/2024/QH15,Trường hợp các bên tranh chấp lựa chọn giải quyết tranh chấp tại Ủy ban nhân dân cấp có thẩm quyền thì việc giải quyết tranh chấp đất đai được thực hiện
694fb816aedc69db48c71327,31/2024/QH15,"Trường hợp tranh chấp giữa hộ gia đình, cá nhân, cộng đồng dân cư với nhau thì Chủ tịch Ủy ban nhân dân cấp huyện giải quyết"
694fb816aedc69db48c71328,31/2024/QH15,"Trường hợp tranh chấp mà một bên tranh chấp là tổ chức, tổ chức tôn giáo, tổ chức tôn giáo trực thuộc, người gốc Việt Nam định cư ở nước ngoài hoặc tổ chức kinh tế có vốn đầu tư nước ngoài thì Chủ tịch Ủy ban nhân dân cấp tỉnh giải quyết"
694fb816aedc69db48c7134d,31/2024/QH15,Sửa đổi khoản 2 điều 24 như sau
694fb816aedc69db48c7134d,31/2024/QH15,Bổ sung khoản 2 điều 24 như sau
694fb816aedc69db48c71350,31/2024/QH15,Khoản 4a quy định về quy hoạch sử dụng đất quốc phòng và quy hoạch sử dụng đất an ninh
694fb816aedc69db48c71382,31/2024/QH15,"Trường hợp chưa có quyết định thu hồi đất, Ủy ban nhân dân cấp có thẩm quyền xử lý"
694fb816aedc69db48c7139b,31/2024/QH15,"Đối với trường hợp đã có quyết định giao đất, cho thuê đất, cho phép chuyển mục đích sử dụng đất, cho phép chuyển từ hình thức thuê đất trả tiền hằng năm sang thuê đất trả tiền một lần cho cả thời gian thuê, gia hạn sử dụng đất, điều chỉnh thời hạn sử dụng đất, điều chỉnh quy hoạch chi tiết theo quy định của pháp luật về đất đai và quy định khác của pháp luật có liên quan trước ngày luật này có hiệu lực thi hành nhưng chưa quyết định giá đất thì người có thẩm quyền thực hiện theo quy định"
694fb816aedc69db48c71430,91/2015/QH13,Trường hợp khác do pháp luật về hộ tịch quy định
694fb816aedc69db48c714c4,91/2015/QH13,Pháp nhân làm giám hộ chấm dứt tồn tại
694fb816aedc69db48c714f9,91/2015/QH13,"Người có quyền, lợi ích liên quan có thể yêu cầu tòa án ra quyết định tuyên bố một người là đã chết trong trường hợp biệt tích 05 năm liền trở lên"
694fb816aedc69db48c715b3,91/2015/QH13,Chủ thể tham gia giao dịch dân sự hoàn toàn tự nguyện
694fb816aedc69db48c715b4,91/2015/QH13,Mục đích và nội dung của giao dịch dân sự không trái đạo đức xã hội
694fb816aedc69db48c71606,91/2015/QH13,Trường hợp không xác định được thời hạn đại diện theo quy định tại khoản 1 điều này thì thời hạn đại diện được xác định
694fb816aedc69db48c71607,91/2015/QH13,Trường hợp không xác định được thời hạn đại diện theo quy định tại khoản 1 điều này thì thời hạn đại diện được xác định
694fb816aedc69db48c7163a,91/2015/QH13,Trường hợp các bên có thỏa thuận về thời hạn là một năm thì thời hạn đó được tính như quy định
694fb816aedc69db48c7163a,91/2015/QH13,Trường hợp các bên có thỏa thuận về thời hạn là nửa năm thì thời hạn đó được tính như quy định
694fb816aedc69db48c7163a,91/2015/QH13,Trường hợp các bên có thỏa thuận về thời hạn là nửa tháng thì thời hạn đó được tính như quy định
694fb816aedc69db48c7163a,91/2015/QH13,Trường hợp các bên có thỏa thuận về thời hạn là một tuần thì thời hạn đó được tính như quy định
694fb816aedc69db48c7163a,91/2015/QH13,Trường hợp các bên có thỏa thuận về thời hạn là một ngày thì thời hạn đó được tính như quy định
694fb816aedc69db48c7163a,91/2015/QH13,Trường hợp các bên có thỏa thuận về thời hạn là một giờ thì thời hạn đó được tính như quy định
694fb816aedc69db48c7163a,91/2015/QH13,Trường hợp các bên có thỏa thuận về thời hạn là một phút thì thời hạn đó được tính như quy định
694fb816aedc69db48c7163a,91/2015/QH13,Khoảng thời gian diễn ra không liền nhau thì thời hạn đó được tính như quy định
694fb816aedc69db48c7163b,91/2015/QH13,Trường hợp các bên có thỏa thuận về thời hạn là một năm thì thời hạn đó được tính như quy định
694fb816aedc69db48c7163b,91/2015/QH13,Trường hợp các bên có thỏa thuận về thời hạn là nửa năm thì thời hạn đó được tính như quy định
694fb816aedc69db48c7163b,91/2015/QH13,Trường hợp các bên có thỏa thuận về thời hạn là một tháng thì thời hạn đó được tính như quy định
694fb816aedc69db48c7163b,91/2015/QH13,Trường hợp các bên có thỏa thuận về thời hạn là một tuần thì thời hạn đó được tính như quy định
694fb816aedc69db48c7163b,91/2015/QH13,Trường hợp các bên có thỏa thuận về thời hạn là một ngày thì thời hạn đó được tính như quy định
694fb816aedc69db48c7163b,91/2015/QH13,Trường hợp các bên có thỏa thuận về thời hạn là một giờ thì thời hạn đó được tính như quy định
694fb816aedc69db48c7163b,91/2015/QH13,Trường hợp các bên có thỏa thuận về thời hạn là một phút thì thời hạn đó được tính như quy định
694fb816aedc69db48c71671,91/2015/QH13,Người đại diện vì lý do chính đáng không thể tiếp tục đại diện được
694fb816aedc69db48c71751,91/2015/QH13,"Sau một năm kể từ ngày thông báo công khai về tài sản do người khác đánh rơi, bỏ quên mà không xác định được chủ sở hữu hoặc chủ sở hữu không đến nhận, quyền sở hữu đối với tài sản này được xác định"
694fb816aedc69db48c71752,91/2015/QH13,"Sau 01 năm kể từ ngày thông báo công khai về tài sản do người khác đánh rơi, bỏ quên mà không xác định được chủ sở hữu hoặc chủ sở hữu không đến nhận thì quyền sở hữu đối với tài sản này được xác định"
694fb816aedc69db48c717d0,91/2015/QH13,Trường hợp không có thỏa thuận thì địa điểm thực hiện nghĩa vụ được xác định
694fb816aedc69db48c71840,91/2015/QH13,Khi một tài sản được dùng để bảo đảm thực hiện nhiều nghĩa vụ thì thứ tự ưu tiên thanh toán giữa các bên cùng nhận bảo đảm được xác định
694fb816aedc69db48c71841,91/2015/QH13,Khi một tài sản được dùng để bảo đảm thực hiện nhiều nghĩa vụ thì thứ tự ưu tiên thanh toán giữa các bên cùng nhận bảo đảm được xác định
694fb816aedc69db48c71842,91/2015/QH13,Khi một tài sản được dùng để bảo đảm thực hiện nhiều nghĩa vụ thì thứ tự ưu tiên thanh toán giữa các bên cùng nhận bảo đảm được xác định
694fb816aedc69db48c71947,91/2015/QH13,Thời điểm đề nghị giao kết hợp đồng có hiệu lực được xác định
694fb816aedc69db48c71947,91/2015/QH13,Thời điểm đó do bên đề nghị ấn định
694fb816aedc69db48c71b9f,91/2015/QH13,"Nếu không áp dụng ủy quyền lại thì mục đích xác lập, thực hiện giao dịch dân sự vì lợi ích của người ủy quyền không thể thực hiện được"
694fb816aedc69db48c71c16,91/2015/QH13,Trường hợp người bị thiệt hại chết thì những người mà người này có nghĩa vụ cấp dưỡng khi còn sống được hưởng tiền cấp dưỡng từ thời điểm người có tính mạng bị xâm phạm chết
694fb816aedc69db48c71c2c,91/2015/QH13,Trừ trường hợp pháp luật có quy định khác
694fb816aedc69db48c71c76,91/2015/QH13,Trường hợp không có người thừa kế đang quản lý di sản thì di sản được giải quyết theo quy định
694fb816aedc69db48c71c90,91/2015/QH13,"Người lập di chúc không được bị lừa dối, đe doạ, cưỡng ép"
694fb816aedc69db48c71c91,91/2015/QH13,Nội dung của di chúc không trái đạo đức xã hội
694fb816aedc69db48c71cfe,91/2015/QH13,"Sau khi có thông báo về việc mở thừa kế hoặc di chúc được công bố, những người thừa kế có thể họp mặt"
694fb816aedc69db48c71d20,91/2015/QH13,Đối tượng của quan hệ dân sự đó ở nước ngoài
694fb817aedc69db48c71df5,59/2020/QH14,Trường hợp hết thời hạn ủy quyền theo quy định tại khoản 3 điều này mà người đại diện theo pháp luật của doanh nghiệp chưa trở lại Việt Nam và không có ủy quyền khác thì quy định sau đây được thực hiện
694fb817aedc69db48c71e0f,59/2020/QH14,Tiêu chuẩn và điều kiện khác do điều lệ công ty quy định phải được người đại diện theo ủy quyền tuân thủ
694fb817aedc69db48c71e9b,59/2020/QH14,"Đối với cổ đông là nhà đầu tư nước ngoài chuyển nhượng cổ phần, thông báo phải ghi tên và địa chỉ trụ sở chính của cổ đông là tổ chức"
694fb817aedc69db48c71efd,59/2020/QH14,Sau thời hạn quy định tại khoản 2 điều này mà vẫn có thành viên chưa góp vốn hoặc chưa góp đủ phần vốn góp đã cam kết thì các thành viên đó được xử lý như sau
694fb817aedc69db48c71f8a,59/2020/QH14,"Nghị quyết, quyết định của hội đồng thành viên được thông qua khi các thành viên dự họp sở hữu từ 65% tổng số vốn góp của tất cả thành viên dự họp trở lên tán thành"
694fb817aedc69db48c71f8b,59/2020/QH14,"Nghị quyết, quyết định của hội đồng thành viên được thông qua tại cuộc họp được các thành viên dự họp sở hữu từ 75% tổng số vốn góp của tất cả thành viên dự họp trở lên tán thành"
694fb817aedc69db48c71fa9,59/2020/QH14,Nghị quyết được thông qua
694fb817aedc69db48c71fa9,59/2020/QH14,Quyết định được thông qua
694fb817aedc69db48c71fac,59/2020/QH14,Nghị quyết được thông qua
694fb817aedc69db48c71fac,59/2020/QH14,Quyết định được thông qua
694fb817aedc69db48c71fcc,59/2020/QH14,"Hợp đồng, giao dịch giữa công ty với thành viên phải được hội đồng thành viên chấp thuận"
694fb817aedc69db48c71fcc,59/2020/QH14,"Hợp đồng, giao dịch giữa công ty với người đại diện theo ủy quyền của thành viên phải được hội đồng thành viên chấp thuận"
694fb817aedc69db48c71fcc,59/2020/QH14,"Hợp đồng, giao dịch giữa công ty với người đại diện theo pháp luật của công ty phải được hội đồng thành viên chấp thuận"
694fb817aedc69db48c71fcd,59/2020/QH14,"Hợp đồng, giao dịch giữa công ty với người có liên quan của người quy định tại điểm a khoản này phải được hội đồng thành viên chấp thuận"
694fb817aedc69db48c71fcf,59/2020/QH14,"Hợp đồng, giao dịch giữa công ty với người có liên quan của người quy định tại điểm c khoản này phải được hội đồng thành viên chấp thuận"
694fb817aedc69db48c720a3,29/2023/QH15,"Nếu bên cho thuê nhà ở, công trình xây dựng, phần diện tích sàn xây dựng trong công trình xây dựng không bảo trì, sửa chữa mà gây thiệt hại cho bên thuê thì bên cho thuê phải bồi thường"
694fb817aedc69db48c72101,29/2023/QH15,Có các loại giấy tờ sau đây
694fb817aedc69db48c72103,29/2023/QH15,Có các loại giấy tờ sau đây
694fb817aedc69db48c72127,29/2023/QH15,Giao dịch kinh doanh quyền sử dụng đất đã có hạ tầng kỹ thuật trong dự án bất động sản được thực hiện
694fb817aedc69db48c72129,29/2023/QH15,Giao dịch kinh doanh quyền sử dụng đất đã có hạ tầng kỹ thuật trong dự án bất động sản được thực hiện theo quy định
694fb817aedc69db48c72146,29/2023/QH15,Nghĩa vụ của bên nhận chuyển nhượng quyền sử dụng đất đã có hạ tầng kỹ thuật trong dự án bất động sản được quy định
694fb817aedc69db48c72146,29/2023/QH15,Nghĩa vụ của bên nhận thuê quyền sử dụng đất đã có hạ tầng kỹ thuật trong dự án bất động sản được quy định
694fb817aedc69db48c72146,29/2023/QH15,Nghĩa vụ của bên nhận thuê lại quyền sử dụng đất đã có hạ tầng kỹ thuật trong dự án bất động sản được quy định
694fb817aedc69db48c72181,29/2023/QH15,Trường hợp dự án đang thế chấp để bảo đảm cho việc thực hiện nghĩa vụ theo quy định của pháp luật thì dự án phải thực hiện giải chấp
694fb817aedc69db48c7218b,29/2023/QH15,"Đối với dự án bất động sản không thuộc trường hợp quy định tại khoản 1 điều này, thẩm quyền cho phép chuyển nhượng toàn bộ hoặc một phần dự án bất động sản thực hiện như sau"
694fb817aedc69db48c7220a,29/2023/QH15,Trừ trường hợp bên nhận thế chấp đồng ý
694fb817aedc69db48c722a1,29/2023/QH15,Cá nhân đó không được đang bị tạm giam
694fb817aedc69db48c72323,57/2024/QH15,Trường hợp quy hoạch không gian biển quốc gia và quy hoạch sử dụng đất quốc gia có mâu thuẫn với nhau thì quy hoạch đó phải được điều chỉnh
694fb817aedc69db48c7234c,57/2024/QH15,"Số thứ tự 26 tại phụ lục I được sửa đổi, bổ sung"
694fb817aedc69db48c7234d,57/2024/QH15,"Các số thứ tự 29, 32 và 33 tại phụ lục I được sửa đổi, bổ sung"
694fb817aedc69db48c7235b,57/2024/QH15,Khu vực bảo vệ I của di tích quốc gia đặc biệt thuộc danh mục di sản thế giới không áp dụng quy định này
694fb817aedc69db48c7235d,57/2024/QH15,300 tỷ đồng
694fb817aedc69db48c72365,57/2024/QH15,"Số thứ tự 50 tại phụ lục IV về danh mục ngành, nghề đầu tư kinh doanh có điều kiện được sửa đổi, bổ sung"
694fb817aedc69db48c72365,57/2024/QH15,Số thứ tự 50 như sau: hoạt động phát điện
694fb817aedc69db48c72374,57/2024/QH15,"000 tỷ đồng trở lên;"""
694fb817aedc69db48c72375,57/2024/QH15,"000 tỷ đồng trở lên do Bộ, cơ quan trung ương quản lý"
694fb817aedc69db48c7237b,57/2024/QH15,Hội đồng thẩm định cấp cơ sở hoặc đơn vị được giao nhiệm vụ thẩm định báo cáo nghiên cứu tiền khả thi thực hiện thẩm định
694fb817aedc69db48c72385,57/2024/QH15,"Đoạn mở đầu khoản 2 của điều 19 được sửa đổi, bổ sung như sau: ""2"
694fb817aedc69db48c72390,57/2024/QH15,Đoạn mở đầu khoản 1 điều 45 được sửa đổi thành: “1
694fb817aedc69db48c72391,57/2024/QH15,Hình thức thứ ba là không yêu cầu thanh toán
694fb817aedc69db48c72395,57/2024/QH15,"Khoản 6 của điều 52 được sửa đổi, bổ sung"
694fb817aedc69db48c72395,57/2024/QH15,"Trường hợp cấp có thẩm quyền quyết định không tiếp tục đầu tư, xây dựng công trình, hệ thống cơ sở hạ tầng chưa hoàn thành"
694fb817aedc69db48c7239c,57/2024/QH15,"Khoản 2 của điều 69 được sửa đổi, bổ sung"
694fb817aedc69db48c7239d,57/2024/QH15,Tổng mức đầu tư của dự án PPP được xác định theo quy định
694fb817aedc69db48c723b0,57/2024/QH15,"Sửa đổi một số điểm, khoản của điều 6 như sau"
694fb817aedc69db48c723b0,57/2024/QH15,Sửa đổi điểm d khoản 4 như sau
694fb817aedc69db48c723b5,57/2024/QH15,Việc thành lập tổ chuyên gia được thực hiện theo quy định
694fb817aedc69db48c723c7,57/2024/QH15,"Điều 45 khoản 1 điểm b và điểm đ được sửa đổi, bổ sung như sau"
694fb817aedc69db48c723db,57/2024/QH15,"Kể từ ngày luật này có hiệu lực thi hành, hồ sơ hợp lệ đề nghị chấp thuận, điều chỉnh chủ trương đầu tư dự án đầu tư xây dựng và kinh doanh kết cấu hạ tầng khu công nghiệp, khu chế xuất được giải quyết"
694fb817aedc69db48c723db,57/2024/QH15,300 tỷ đồng thuộc cảng biển đặc biệt được giải quyết
694fb817aedc69db48c723db,57/2024/QH15,"Hồ sơ hợp lệ đề nghị chấp thuận, điều chỉnh chủ trương đầu tư dự án đầu tư phù hợp với quy định của pháp luật về di sản văn hóa không phân biệt quy mô diện tích đất, dân số thuộc phạm vi khu vực bảo vệ I và II của di tích được cấp có thẩm quyền công nhận là di tích quốc gia, di tích quốc gia đặc biệt được giải quyết"
694fb817aedc69db48c723db,57/2024/QH15,1 và tiểu điểm a
694fb817aedc69db48c723db,57/2024/QH15,2 điểm a khoản 2 điều 6 luật này
694fb817aedc69db48c723dd,57/2024/QH15,1 điểm c khoản này
694fb817aedc69db48c723dd,57/2024/QH15,2 điểm c khoản này
694fb817aedc69db48c723e0,57/2024/QH15,Dự án PPP đã tổ chức lập báo cáo nghiên cứu tiền khả thi hoặc báo cáo nghiên cứu tiền khả thi điều chỉnh
694fb817aedc69db48c72447,21/2017/QH14,Cơ quan lập quy hoạch chủ trì nghiên cứu quy hoạch
694fb817aedc69db48c72447,21/2017/QH14,Cơ quan lập quy hoạch xây dựng quy hoạch
694fb817aedc69db48c72449,21/2017/QH14,Cơ quan lập quy hoạch đề xuất điều chỉnh nội dung quy hoạch do các bộ liên quan xây dựng
694fb817aedc69db48c72449,21/2017/QH14,Cơ quan lập quy hoạch đề xuất điều chỉnh nội dung quy hoạch do các cơ quan ngang bộ liên quan xây dựng
694fb817aedc69db48c72449,21/2017/QH14,Cơ quan lập quy hoạch đề xuất điều chỉnh nội dung quy hoạch do các địa phương liên quan xây dựng
694fb817aedc69db48c72449,21/2017/QH14,Cơ quan lập quy hoạch đề xuất bổ sung nội dung quy hoạch do các bộ liên quan xây dựng
694fb817aedc69db48c72449,21/2017/QH14,Cơ quan lập quy hoạch đề xuất bổ sung nội dung quy hoạch do các cơ quan ngang bộ liên quan xây dựng
694fb817aedc69db48c72449,21/2017/QH14,Cơ quan lập quy hoạch đề xuất bổ sung nội dung quy hoạch do các địa phương liên quan xây dựng
694fb817aedc69db48c72450,21/2017/QH14,Cơ quan lập quy hoạch xây dựng quy hoạch
694fb817aedc69db48c72457,21/2017/QH14,"Cơ quan lập quy hoạch đề xuất điều chỉnh nội dung quy hoạch do các bộ, cơ quan ngang bộ và địa phương liên quan xây dựng"
694fb817aedc69db48c72457,21/2017/QH14,"Cơ quan lập quy hoạch đề xuất bổ sung nội dung quy hoạch do các bộ, cơ quan ngang bộ và địa phương liên quan xây dựng"
694fb817aedc69db48c7245e,21/2017/QH14,Ủy ban nhân dân cấp huyện nghiên cứu quy hoạch
694fb817aedc69db48c7245e,21/2017/QH14,Ủy ban nhân dân cấp huyện xây dựng quy hoạch
694fb817aedc69db48c72460,21/2017/QH14,Cơ quan lập quy hoạch chủ trì
694fb817aedc69db48c72460,21/2017/QH14,"Cơ quan lập quy hoạch đề xuất điều chỉnh nội dung quy hoạch do các cơ quan, tổ chức, ủy ban nhân dân cấp huyện xây dựng"
694fb817aedc69db48c72460,21/2017/QH14,"Cơ quan lập quy hoạch đề xuất bổ sung nội dung quy hoạch do các cơ quan, tổ chức, ủy ban nhân dân cấp huyện xây dựng"
694fb817aedc69db48c7252e,21/2017/QH14,"Ngoài việc thực hiện quy định tại khoản 1 điều này, quy hoạch còn được công bố"
694fb817aedc69db48c72537,21/2017/QH14,Trách nhiệm xây dựng hệ thống thông tin và cơ sở dữ liệu quốc gia về quy hoạch được quy định
694fb817aedc69db48c72549,21/2017/QH14,Tài liệu khác được lưu trữ nếu có
694fb817aedc69db48c725a9,21/2017/QH14,Ủy ban Thường vụ Quốc hội sửa đổi và bổ sung một số điều của Luật Tổ chức Chính quyền địa phương số 77/2015/QH13 như sau
694fb817aedc69db48c725ca,21/2017/QH14,"Các quy hoạch về đầu tư phát triển hàng hóa, dịch vụ, sản phẩm cụ thể được thực hiện"
694fb818aedc69db48c72610,61/2020/QH14,Luật cấm hoạt động kinh doanh mại dâm
694fb818aedc69db48c72652,61/2020/QH14,Trường hợp nhà đầu tư không được tiếp tục áp dụng ưu đãi đầu tư theo quy định tại khoản 3 điều này thì trường hợp đó được xem xét và giải quyết
694fb818aedc69db48c72664,61/2020/QH14,Hình thức ưu đãi đầu tư bao gồm khấu hao nhanh
694fb818aedc69db48c72668,61/2020/QH14,000 tỷ đồng trở lên
694fb818aedc69db48c72668,61/2020/QH14,000 tỷ đồng trở lên thực hiện giải ngân tối thiểu 6
694fb818aedc69db48c72668,61/2020/QH14,000 lao động
694fb818aedc69db48c7267a,61/2020/QH14,"Ngành, nghề ưu đãi đầu tư bao gồm đóng tàu"
694fb818aedc69db48c7268e,61/2020/QH14,Các hình thức hỗ trợ đầu tư bao gồm hỗ trợ đào tạo
694fb818aedc69db48c72693,61/2020/QH14,Các hình thức hỗ trợ đầu tư bao gồm hỗ trợ nghiên cứu
694fb818aedc69db48c72693,61/2020/QH14,Các hình thức hỗ trợ đầu tư bao gồm hỗ trợ phát triển
694fb818aedc69db48c7269c,61/2020/QH14,000 tỷ đồng trở lên
694fb818aedc69db48c7269c,61/2020/QH14,"Dự án đầu tư thành lập mới các trung tâm đổi mới sáng tạo, trung tâm nghiên cứu và phát triển thực hiện giải ngân tối thiểu 1"
694fb818aedc69db48c7269d,61/2020/QH14,000 tỷ đồng trở lên
694fb818aedc69db48c7269d,61/2020/QH14,Dự án đầu tư thực hiện giải ngân tối thiểu 10
694fb818aedc69db48c726f3,61/2020/QH14,000 ha trở lên
694fb818aedc69db48c726fe,61/2020/QH14,Dự án đầu tư có kinh doanh đặt cược
694fb818aedc69db48c72707,61/2020/QH14,000 người tại khu vực đô thị
694fb818aedc69db48c72734,61/2020/QH14,Nội dung thẩm tra đề nghị chấp thuận chủ trương đầu tư bao gồm di dân tái định cư
694fb818aedc69db48c72737,61/2020/QH14,Nội dung thẩm tra đề nghị chấp thuận chủ trương đầu tư bao gồm ưu đãi
694fb818aedc69db48c72737,61/2020/QH14,Nội dung thẩm tra đề nghị chấp thuận chủ trương đầu tư bao gồm hỗ trợ đầu tư
694fb818aedc69db48c727af,61/2020/QH14,"Trường hợp đáp ứng điều kiện chuyển nhượng theo quy định tại khoản 1 điều này, thủ tục chuyển nhượng toàn bộ hoặc một phần dự án đầu tư được thực hiện"
694fb818aedc69db48c727b0,61/2020/QH14,"Trường hợp đáp ứng điều kiện chuyển nhượng theo quy định tại khoản 1 điều này, thủ tục chuyển nhượng một phần dự án đầu tư thực hiện như sau"
694fb818aedc69db48c727c2,61/2020/QH14,Quy định tại điểm d khoản này không áp dụng
694fb818aedc69db48c727f9,61/2020/QH14,"Ngành, nghề đầu tư ra nước ngoài có điều kiện bao gồm phát thanh"
694fb818aedc69db48c72803,61/2020/QH14,000 tỷ đồng trở lên
694fb818aedc69db48c72814,61/2020/QH14,"Trong thời hạn 90 ngày kể từ ngày thành lập, hội đồng thẩm định nhà nước tổ chức thẩm định"
694fb818aedc69db48c72819,61/2020/QH14,Báo cáo thẩm định đánh giá mức độ rủi ro tại nước tiếp nhận đầu tư
694fb818aedc69db48c72826,61/2020/QH14,Nội dung thẩm tra đề nghị chấp thuận chủ trương đầu tư ra nước ngoài bao gồm ưu đãi
694fb818aedc69db48c72826,61/2020/QH14,Nội dung thẩm tra đề nghị chấp thuận chủ trương đầu tư ra nước ngoài bao gồm hỗ trợ đầu tư
694fb818aedc69db48c7289b,61/2020/QH14,"Các bộ, cơ quan ngang bộ phối hợp với Bộ Kế hoạch và Đầu tư thực hiện nhiệm vụ quản lý nhà nước về đầu tư tại Việt Nam và đầu tư từ Việt Nam ra nước ngoài"
694fb818aedc69db48c728da,61/2020/QH14,"Các đối tượng quy định tại điểm a khoản 1 điều này gửi báo cáo tình hình quản lý đối với hoạt động đầu tư ra nước ngoài theo chức năng, nhiệm vụ của mình cho Bộ Kế hoạch và Đầu tư tổng hợp"
694fb818aedc69db48c728f4,61/2020/QH14,"Đối với dự án bất động sản không thuộc trường hợp quy định tại khoản 1 Điều 50 này, thẩm quyền cho phép chuyển nhượng toàn bộ hoặc một phần dự án bất động sản thực hiện như sau"
694fb818aedc69db48c728f9,61/2020/QH14,"Cụ thể, sửa đổi, bổ sung điểm đ khoản 2 điều 25 như sau"
694fb818aedc69db48c7295d,58/2024/QH15,Lĩnh vực sử dụng vốn đầu tư công bao gồm đào tạo
694fb818aedc69db48c72961,58/2024/QH15,Ngành sử dụng vốn đầu tư công bao gồm phát thanh
694fb818aedc69db48c72961,58/2024/QH15,Lĩnh vực sử dụng vốn đầu tư công bao gồm thông tấn
694fb818aedc69db48c7296d,58/2024/QH15,000 ha trở lên
694fb818aedc69db48c729d8,58/2024/QH15,000 tỷ đồng trở lên
694fb818aedc69db48c72ac3,58/2024/QH15,Trình tự lập dự toán nhiệm vụ chuẩn bị đầu tư của dự án không có cấu phần xây dựng và nhiệm vụ quy hoạch được thực hiện như sau
694fb818aedc69db48c72ac4,58/2024/QH15,Trình tự lập dự toán nhiệm vụ chuẩn bị đầu tư của dự án không có cấu phần xây dựng và nhiệm vụ quy hoạch được thực hiện như sau
694fb818aedc69db48c72ac5,58/2024/QH15,Trình tự lập dự toán nhiệm vụ chuẩn bị đầu tư của dự án không có cấu phần xây dựng và nhiệm vụ quy hoạch được thực hiện như sau
694fb818aedc69db48c72ac6,58/2024/QH15,Trình tự lập dự toán nhiệm vụ chuẩn bị đầu tư của dự án không có cấu phần xây dựng và nhiệm vụ quy hoạch thực hiện như sau
694fb818aedc69db48c72ac7,58/2024/QH15,Trình tự lập dự toán nhiệm vụ chuẩn bị đầu tư của dự án không có cấu phần xây dựng và nhiệm vụ quy hoạch được thực hiện như sau
694fb818aedc69db48c72ad8,58/2024/QH15,Tổng mức đầu tư dự án được cấp có thẩm quyền quyết định
694fb818aedc69db48c72b34,58/2024/QH15,Thứ tự ưu tiên bố trí vốn đầu tư công được quy định
694fb818aedc69db48c72b3a,58/2024/QH15,Thứ tự ưu tiên bố trí vốn đầu tư công được quy định
694fb818aedc69db48c72b41,58/2024/QH15,"Chương trình, dự án phải cần thiết"
694fb818aedc69db48c72b58,58/2024/QH15,000 tỷ đồng đến dưới 30
694fb818aedc69db48c72b59,58/2024/QH15,000 tỷ đồng đến dưới 30
694fb818aedc69db48c72b5b,58/2024/QH15,"Trường hợp không đáp ứng thời hạn bố trí vốn quy định tại khoản 2 điều này, việc gia hạn thời gian bố trí vốn được thực hiện"
694fb818aedc69db48c72b5b,58/2024/QH15,Các dự án không là quyết định chủ trương đầu tư theo quy định tại khoản 6 điều 19 của luật này được xem xét
694fb818aedc69db48c72b98,58/2024/QH15,"Trình tự, thủ tục lập đề xuất chương trình, dự án đầu tư công sử dụng vốn ODA, vốn vay ưu đãi nước ngoài được quy định"
694fb818aedc69db48c72b98,58/2024/QH15,"Thủ tục phê duyệt đề xuất chương trình, dự án đầu tư công sử dụng vốn ODA, vốn vay ưu đãi nước ngoài được quy định"
694fb818aedc69db48c72bab,58/2024/QH15,Cơ chế tài chính trong nước bao gồm vay lại toàn bộ
694fb818aedc69db48c72bb2,58/2024/QH15,"Trường hợp điều chỉnh chủ trương đầu tư dự án dẫn đến điều chỉnh đề xuất dự án theo quy định tại khoản 4 điều 63 của luật này, thì phải thực hiện trình tự, thủ tục điều chỉnh đề xuất dự án"
694fb818aedc69db48c72bcd,58/2024/QH15,"Trình tự, thủ tục dừng sử dụng vốn ODA, vốn vay ưu đãi nước ngoài trong giai đoạn thực hiện được quy định"
694fb818aedc69db48c72bd0,58/2024/QH15,"Trình tự, thủ tục dừng sử dụng vốn ODA và vốn vay ưu đãi nước ngoài trong giai đoạn thực hiện được quy định"
694fb818aedc69db48c72bf8,58/2024/QH15,"Tổng mức vốn trung hạn của từng bộ, cơ quan trung ương và địa phương đã được Quốc hội quyết định"
694fb818aedc69db48c72c2f,58/2024/QH15,"Cơ quan quản lý nhà nước về đầu tư công quyết định tổ chức kiểm tra chương trình, dự án đột xuất"
694fb818aedc69db48c72c38,58/2024/QH15,Nội dung đánh giá ban đầu bao gồm tổ chức
694fb818aedc69db48c72d30,90/2025/QH15,Các hình thức lựa chọn nhà thầu bao gồm đặt hàng
694fb818aedc69db48c72d30,90/2025/QH15,Các hình thức lựa chọn nhà thầu bao gồm mua sắm trực tiếp
694fb818aedc69db48c72d30,90/2025/QH15,Các hình thức lựa chọn nhà thầu bao gồm đấu thầu rộng rãi
694fb818aedc69db48c72d30,90/2025/QH15,Các hình thức lựa chọn nhà thầu bao gồm chào hàng cạnh tranh
694fb818aedc69db48c72d30,90/2025/QH15,Các hình thức lựa chọn nhà thầu bao gồm đấu thầu hạn chế
694fb818aedc69db48c72d30,90/2025/QH15,Các hình thức lựa chọn nhà thầu bao gồm tự thực hiện
694fb818aedc69db48c72d5c,90/2025/QH15,"Khi sử dụng phương pháp chấm điểm, phải quy định mức điểm yêu cầu tối thiểu về kỹ thuật"
694fb818aedc69db48c72d66,90/2025/QH15,"Khoản 2 của điều 78 được sửa đổi, bổ sung như sau: “2"
694fb818aedc69db48c72d6e,90/2025/QH15,"Khoản 2 của điều 79 được sửa đổi, bổ sung thành: ""2"
694fb818aedc69db48c72dae,90/2025/QH15,Doanh nghiệp dự án PPP được bên cho vay chấp thuận
694fb818aedc69db48c72db7,90/2025/QH15,"Điều 52 khoản 2 điểm a quy định dự án bị ảnh hưởng bởi quy hoạch, chính sách, pháp luật có liên quan thay đổi"
694fb818aedc69db48c72dbd,90/2025/QH15,"Đoạn đầu khoản 3 của điều 54 được sửa đổi, bổ sung thành: “3"
694fb818aedc69db48c72dc2,90/2025/QH15,"Đối với dự án PPP khoa học, công nghệ, không yêu cầu nhà đầu tư, doanh nghiệp dự án PPP chia sẻ phần tăng doanh thu trong 03 năm đầu sau thời điểm vận hành, kinh doanh"
694fb818aedc69db48c72ddc,90/2025/QH15,Hoạt động nghiên cứu và phát triển được quy định
694fb818aedc69db48c72ddc,90/2025/QH15,Việc sản xuất các sản phẩm hình thành từ kết quả khoa học và công nghệ được quy định
694fb818aedc69db48c72ddc,90/2025/QH15,Đầu tư trong lĩnh vực công nghệ chiến lược được quy định
694fb818aedc69db48c72ddc,90/2025/QH15,Đầu tư trong lĩnh vực đổi mới sáng tạo được quy định
694fb818aedc69db48c72ddc,90/2025/QH15,Đầu tư trong lĩnh vực chuyển đổi số được quy định
694fb818aedc69db48c72de3,90/2025/QH15,000 tỷ đồng trở lên
694fb818aedc69db48c72de3,90/2025/QH15,Dự án trong điểm a khoản 2 điều 20 phải giải ngân tối thiểu 1
694fb818aedc69db48c72de3,90/2025/QH15,000 tỷ đồng trong thời hạn 03 năm
694fb818aedc69db48c72de3,90/2025/QH15,Điểm a khoản 2 điều 20 quy định trung tâm đổi mới sáng tạo quốc gia được thành lập
694fb818aedc69db48c72de4,90/2025/QH15,000 tỷ đồng trở lên
694fb818aedc69db48c72de4,90/2025/QH15,Điểm a1 quy định thực hiện giải ngân tối thiểu 6
694fb818aedc69db48c72de5,90/2025/QH15,000 tỷ đồng trở lên
694fb818aedc69db48c72de5,90/2025/QH15,Dự án đầu tư thực hiện giải ngân tối thiểu 10
694fb818aedc69db48c72e15,90/2025/QH15,"Sửa đổi một số điểm, khoản của điều 18"
694fb818aedc69db48c72e15,90/2025/QH15,"Bổ sung một số điểm, khoản của điều 18"
694fb818aedc69db48c72e15,90/2025/QH15,"Bãi bỏ một số điểm, khoản của điều 18"
694fb818aedc69db48c72e15,90/2025/QH15,Bổ sung điểm d vào sau điểm c khoản 7 điều 18
694fb818aedc69db48c72e2b,90/2025/QH15,Khoản 1 của điều 38 bị bãi bỏ
694fb818aedc69db48c72e2d,90/2025/QH15,Chủ tịch ủy ban nhân dân cấp tỉnh quyết định đầu tư dự án nhóm b sử dụng vốn vay ODA
694fb818aedc69db48c72e3a,90/2025/QH15,"Sửa đổi một số điểm, khoản của điều 59 như sau"
694fb818aedc69db48c72e3a,90/2025/QH15,"Bổ sung một số điểm, khoản của điều 59 như sau"
694fb818aedc69db48c72e3a,90/2025/QH15,"Bãi bỏ một số điểm, khoản của điều 59 như sau"
694fb818aedc69db48c72e3a,90/2025/QH15,Bãi bỏ các khoản 1 của điều 59
694fb818aedc69db48c72e3a,90/2025/QH15,Bãi bỏ các khoản 3 của điều 59
694fb818aedc69db48c72e3a,90/2025/QH15,Bãi bỏ các khoản 5 của điều 59
694fb818aedc69db48c72e46,90/2025/QH15,"Sửa đổi một số điểm, khoản của điều 71"
694fb818aedc69db48c72e46,90/2025/QH15,"Bổ sung một số điểm, khoản của điều 71"
694fb818aedc69db48c72e46,90/2025/QH15,"Bãi bỏ một số điểm, khoản của điều 71"
694fb818aedc69db48c72e46,90/2025/QH15,Sửa đổi khoản 5 của điều 71
694fb818aedc69db48c72e47,90/2025/QH15,Tổng mức vốn trung hạn và hàng năm đã được hội đồng nhân dân cùng cấp quyết định
694fb818aedc69db48c72e4d,90/2025/QH15,Khoản 8 của điều 83 bị bãi bỏ
694fb818aedc69db48c72e51,90/2025/QH15,"Khoản 1 của điều 84 được sửa đổi, bổ sung như sau: “1"
694fb818aedc69db48c72e70,90/2025/QH15,"Bãi bỏ một số cụm từ tại một số điểm, khoản như sau"
694fb818aedc69db48c72e70,90/2025/QH15,"Bãi bỏ cụm từ “, nhiệm vụ khoa học và công nghệ” tại khoản 10 điều 3"
694fb818aedc69db48c72e72,90/2025/QH15,"Bãi bỏ một số cụm từ tại một số điểm, khoản như sau"
694fb818aedc69db48c72e82,90/2025/QH15,Dự án PPP đã tổ chức lập báo cáo nghiên cứu tiền khả thi hoặc báo cáo nghiên cứu tiền khả thi điều chỉnh
694fb818aedc69db48c72e88,90/2025/QH15,"Kể từ ngày luật này có hiệu lực thi hành, hồ sơ hợp lệ đề nghị chấp thuận được xử lý theo quy định"
694fb818aedc69db48c72e89,90/2025/QH15,"Đối với các dự án đầu tư quy định tại điểm a khoản này đã được Thủ tướng Chính phủ chấp thuận chủ trương đầu tư trước ngày luật này có hiệu lực thi hành, các dự án này nay thuộc thẩm quyền chấp thuận chủ trương đầu tư của Ủy ban nhân dân cấp tỉnh theo quy định tại khoản 8 Điều 6 của luật này"
694fb818aedc69db48c72ed2,40/2019/QH14,Công trình giao thông phải được thiết kế đồng bộ
694fb818aedc69db48c72ed6,40/2019/QH14,"Đối với khu vực thường xảy ra thiên tai, khuyến khích áp dụng mẫu thiết kế kiến trúc cho công trình công cộng và nhà ở nông thôn"
694fb818aedc69db48c72efe,40/2019/QH14,Quy chế quản lý kiến trúc không thực hiện được
694fb818aedc69db48c72f6a,40/2019/QH14,"Chứng chỉ hành nghề kiến trúc do cơ quan, tổ chức có thẩm quyền của nước ngoài cấp được Việt Nam công nhận, chuyển đổi"
694fb818aedc69db48c72fc7,40/2019/QH14,Quy chế quản lý kiến trúc được cơ quan nhà nước có thẩm quyền ban hành
694fb818aedc69db48c72fc8,40/2019/QH14,Quy chế quản lý kiến trúc được cơ quan nhà nước có thẩm quyền ban hành
694fb818aedc69db48c7300a,52/2014/QH13,Bộ luật cấm sinh sản vô tính
694fb818aedc69db48c73017,52/2014/QH13,Việc kết hôn do nam và nữ tự nguyện quyết định
694fb818aedc69db48c7308c,52/2014/QH13,Việc làm nhằm trốn tránh thực hiện các nghĩa vụ sau đây được cấm
694fb818aedc69db48c730c8,52/2014/QH13,Tài sản chung của vợ chồng được chia đôi
694fb818aedc69db48c730c9,52/2014/QH13,Tài sản chung của vợ chồng được chia đôi
694fb818aedc69db48c730ca,52/2014/QH13,Tài sản chung của vợ chồng được chia đôi
694fb818aedc69db48c730cb,52/2014/QH13,Tài sản chung của vợ chồng được chia đôi
694fb819aedc69db48c73245,27/2023/QH15,Người Việt Nam định cư ở nước ngoài là chủ sở hữu nhà ở
694fb819aedc69db48c73262,27/2023/QH15,Nhà ở phục vụ tái định cư do nhà nước đầu tư xây dựng nhưng chưa được bố trí tái định cư
694fb819aedc69db48c7329a,27/2023/QH15,Tổ chức nước ngoài chỉ được sử dụng nhà ở để bố trí cho người đang làm việc tại tổ chức đó ở
694fb819aedc69db48c7329c,27/2023/QH15,Trong trường hợp cá nhân nước ngoài bị cơ quan có thẩm quyền của Việt Nam quyết định buộc xuất cảnh hoặc trục xuất
694fb819aedc69db48c732bc,27/2023/QH15,Căn cứ xây dựng chương trình phát triển nhà ở cấp tỉnh bao gồm quy hoạch xây dựng
694fb819aedc69db48c732bc,27/2023/QH15,Căn cứ xây dựng chương trình phát triển nhà ở cấp tỉnh bao gồm quy hoạch đô thị
694fb819aedc69db48c7330d,27/2023/QH15,Dự án đầu tư xây dựng nhà ở phải bảo đảm an toàn trong xây dựng
694fb819aedc69db48c7330d,27/2023/QH15,Dự án đầu tư xây dựng nhà ở phải bảo đảm an toàn trong khai thác
694fb819aedc69db48c73311,27/2023/QH15,Trường hợp phân chia riêng biệt được các khu chức năng thì dự án phải thiết kế
694fb819aedc69db48c73369,27/2023/QH15,"Sau khi được cơ quan có thẩm quyền quyết định chủ trương đầu tư, dự án mua nhà ở thương mại để làm nhà ở công vụ được thực hiện"
694fb819aedc69db48c7336d,27/2023/QH15,Dự án mua nhà ở thương mại để làm nhà ở công vụ được thực hiện
694fb819aedc69db48c7337c,27/2023/QH15,Người làm công tác khác trong tổ chức cơ yếu hưởng lương từ ngân sách nhà nước thuộc lực lượng vũ trang nhân dân được điều động
694fb819aedc69db48c7337c,27/2023/QH15,Người làm công tác khác trong tổ chức cơ yếu hưởng lương từ ngân sách nhà nước thuộc lực lượng vũ trang nhân dân được luân chuyển
694fb819aedc69db48c733b2,27/2023/QH15,Đối với dự án đầu tư xây dựng nhà ở phục vụ tái định cư không thuộc nguồn vốn quy định tại khoản 2 điều này thì thẩm quyền quyết định chủ đầu tư dự án đầu tư xây dựng nhà ở được quy định
694fb819aedc69db48c733ce,27/2023/QH15,Cá nhân tại khu vực nông thôn thực hiện xây dựng nhà ở theo phương thức thuê tổ chức khác xây dựng
694fb819aedc69db48c733ce,27/2023/QH15,Cá nhân tại khu vực nông thôn thực hiện xây dựng nhà ở theo phương thức thuê cá nhân khác xây dựng
694fb819aedc69db48c73450,27/2023/QH15,Tài liệu liên quan khác được đề cập đến nếu có
694fb819aedc69db48c734d0,27/2023/QH15,Việc thực hiện chính sách hỗ trợ về nhà ở xã hội phải bảo đảm công khai
694fb819aedc69db48c734d0,27/2023/QH15,Việc thực hiện chính sách hỗ trợ về nhà ở xã hội phải bảo đảm minh bạch
694fb819aedc69db48c734fc,27/2023/QH15,"Đối với dự án đầu tư xây dựng nhà ở xã hội được đầu tư không bằng nguồn vốn quy định tại khoản 1, khoản 2 điều này thì việc lựa chọn chủ đầu tư dự án đầu tư xây dựng nhà ở xã hội thực hiện như sau"
694fb819aedc69db48c734fd,27/2023/QH15,"Đối với dự án đầu tư xây dựng nhà ở xã hội được đầu tư không bằng nguồn vốn quy định tại khoản 1, khoản 2 điều này, việc lựa chọn chủ đầu tư dự án đầu tư xây dựng nhà ở xã hội được thực hiện"
694fb819aedc69db48c734fd,27/2023/QH15,"Đối với dự án đầu tư xây dựng nhà ở xã hội không thuộc trường hợp chủ đầu tư dự án đầu tư xây dựng nhà ở thương mại trực tiếp đầu tư xây dựng nhà ở xã hội, việc lựa chọn chủ đầu tư dự án đầu tư xây dựng nhà ở xã hội được thực hiện"
694fb819aedc69db48c73507,27/2023/QH15,"Chủ đầu tư không phải thực hiện thủ tục xác định giá đất, tính tiền sử dụng đất, tiền thuê đất được miễn"
694fb819aedc69db48c7350a,27/2023/QH15,Chủ đầu tư dự án đầu tư xây dựng nhà ở xã hội được hạch toán riêng
694fb819aedc69db48c7350a,27/2023/QH15,Chủ đầu tư dự án đầu tư xây dựng nhà ở xã hội được hạch toán riêng
694fb819aedc69db48c73542,27/2023/QH15,Không được ký hợp đồng thuê nhà ở xã hội hình thành trong tương lai
694fb819aedc69db48c73599,27/2023/QH15,Chính sách hỗ trợ về nhà ở đối với đối tượng quy định tại khoản 1 điều này được thực hiện
694fb819aedc69db48c7359a,27/2023/QH15,Chính sách hỗ trợ về nhà ở đối với đối tượng quy định tại khoản 1 điều này được thực hiện
694fb819aedc69db48c735e2,27/2023/QH15,Trường hợp huy động nguồn vốn của nhà nước phải thực hiện theo quy định
694fb819aedc69db48c735f8,27/2023/QH15,Đối với nhà ở tại đô thị và nông thôn được tạo lập trước ngày 01 tháng 7 năm 2006 phải có giấy tờ chứng minh việc tạo lập hợp pháp nhà ở
694fb819aedc69db48c735f8,27/2023/QH15,Đối với nhà ở tại đô thị và nông thôn được tạo lập trước ngày 01 tháng 7 năm 2006 phải có bản kê khai thông tin về nhà ở theo quy định của pháp luật về nhà ở
694fb819aedc69db48c73618,27/2023/QH15,"Đối với nhà biệt thự nhóm một, phải giữ nguyên kiến trúc bên ngoài"
694fb819aedc69db48c73618,27/2023/QH15,"Đối với nhà biệt thự nhóm một, phải giữ nguyên hình dáng kiến trúc bên ngoài"
694fb819aedc69db48c73618,27/2023/QH15,"Đối với nhà biệt thự nhóm một, phải giữ nguyên cấu trúc bên trong"
694fb819aedc69db48c73618,27/2023/QH15,"Đối với nhà biệt thự nhóm một, phải giữ nguyên mật độ xây dựng"
694fb819aedc69db48c73618,27/2023/QH15,"Đối với nhà biệt thự nhóm một, phải giữ nguyên số tầng"
694fb819aedc69db48c73618,27/2023/QH15,"Đối với nhà biệt thự nhóm một, phải giữ nguyên chiều cao"
694fb819aedc69db48c7362c,27/2023/QH15,"Việc quản lý vận hành nhà ở thuộc tài sản công được thực hiện do tổ chức hoặc doanh nghiệp có chức năng, năng lực chuyên môn về quản lý vận hành nhà ở thực hiện"
694fb819aedc69db48c7362d,27/2023/QH15,Trường hợp không có đơn vị đang quản lý vận hành nhà ở thì đấu thầu lựa chọn đơn vị quản lý vận hành
694fb819aedc69db48c736b2,27/2023/QH15,"Đối với chỗ để xe đạp, xe động cơ hai bánh, xe động cơ ba bánh, xe cho người khuyết tật cho các chủ sở hữu, người sử dụng nhà chung cư thuộc quyền sở hữu chung của các chủ sở hữu nhà chung cư"
694fb819aedc69db48c736b2,27/2023/QH15,"Đối với chỗ để xe đạp, xe động cơ hai bánh, xe động cơ ba bánh, xe cho người khuyết tật cho các chủ sở hữu, người sử dụng nhà chung cư thuộc quyền sử dụng chung của các chủ sở hữu nhà chung cư"
694fb819aedc69db48c736b4,27/2023/QH15,"Việc xác định quyền sở hữu, quyền sử dụng đối với chỗ để xe được quy định"
694fb819aedc69db48c736f8,27/2023/QH15,"Đối với nhà chung cư có nhiều chủ sở hữu, giá dịch vụ quản lý vận hành nhà chung cư được quy định"
694fb819aedc69db48c7371e,27/2023/QH15,Việc quản lý kinh phí bảo trì quy định tại khoản 4 điều này được thực hiện
694fb819aedc69db48c73742,27/2023/QH15,Nếu là cá nhân nước ngoài hoặc người Việt Nam định cư ở nước ngoài thì cá nhân đó phải thuộc đối tượng được sở hữu nhà ở tại Việt Nam theo quy định của luật này
694fb819aedc69db48c7377a,27/2023/QH15,Trường hợp thuê nhà ở không thuộc tài sản công được hiểu rõ
694fb819aedc69db48c73799,27/2023/QH15,Nếu có người thừa kế hợp pháp đang cùng sinh sống tại nhà ở đó thì người thừa kế hợp pháp đó được tiếp tục thuê mua nhà ở
694fb819aedc69db48c737ab,27/2023/QH15,Việc tặng cho nhà ở thuộc sở hữu chung được quy định
694fb819aedc69db48c737ab,27/2023/QH15,Trường hợp tặng cho nhà ở thuộc sở hữu chung hợp nhất thì phải có sự đồng ý bằng văn bản của tất cả các chủ sở hữu nhà ở thuộc sở hữu chung hợp nhất
694fb819aedc69db48c737c9,27/2023/QH15,"Nhà ở cho mượn, cho ở nhờ không còn"
694fb819aedc69db48c7381f,27/2023/QH15,"Tranh chấp về quản lý, sử dụng nhà ở thuộc tài sản công được giải quyết"
694fb819aedc69db48c73821,27/2023/QH15,"Tranh chấp về quản lý, sử dụng nhà ở thuộc tài sản công được giải quyết theo quy định"
694fb819aedc69db48c73835,27/2023/QH15,Trường hợp này thì thực hiện theo quy định của luật này
694fb819aedc69db48c7383f,27/2023/QH15,Trường hợp có yêu cầu phải bàn giao công trình hạ tầng kỹ thuật nhưng chưa bàn giao
694fb819aedc69db48c73840,27/2023/QH15,Trường hợp có yêu cầu phải bàn giao nhưng chưa bàn giao
694fb819aedc69db48c7386e,48/2010/QH12,Trường hợp đất ở đã có hạn mức theo quy định trước ngày luật này có hiệu lực thi hành thì áp dụng quy định đó
694fb819aedc69db48c738e2,258/2025/NĐ-CP,"Việc quản lý tài sản kết cấu hạ tầng công viên, cây xanh đã tính thành phần vốn nhà nước tại doanh nghiệp không thực hiện theo quy định"
694fb819aedc69db48c738e2,258/2025/NĐ-CP,"Việc sử dụng tài sản kết cấu hạ tầng công viên, cây xanh đã tính thành phần vốn nhà nước tại doanh nghiệp không thực hiện theo quy định"
694fb819aedc69db48c738e2,258/2025/NĐ-CP,"Việc khai thác tài sản kết cấu hạ tầng công viên, cây xanh theo nguyên tắc quản lý, sử dụng tài sản kết cấu hạ tầng công viên, cây xanh đã tính thành phần vốn nhà nước tại doanh nghiệp không thực hiện theo quy định"
694fb819aedc69db48c7391c,258/2025/NĐ-CP,Cơ sở hạ tầng của công viên được bảo trì
694fb819aedc69db48c7391c,258/2025/NĐ-CP,Cơ sở hạ tầng của công viên được nâng cấp
694fb819aedc69db48c7391c,258/2025/NĐ-CP,Cơ sở hạ tầng của công viên được cải tạo
694fb819aedc69db48c7391d,258/2025/NĐ-CP,Công viên bảo đảm luôn sạch sẽ
694fb819aedc69db48c73921,258/2025/NĐ-CP,"Đối với các công viên đa chức năng, phải bố trí khu vực đỗ xe"
694fb819aedc69db48c73921,258/2025/NĐ-CP,"Đối với công viên có diện tích trên 10 ha, phải bố trí khu vực đỗ xe"
694fb819aedc69db48c73953,258/2025/NĐ-CP,"Quy trình quản lý, vận hành công viên phải được công bố"
694fb819aedc69db48c739a1,258/2025/NĐ-CP,Thông tin đặc điểm bao gồm phân bố
694fb819aedc69db48c73acb,230/2025/NĐ-CP,"Việc miễn tiền thuê đất đối với trường hợp người sử dụng đất được nhà nước cho thuê đất trả tiền thuê đất hằng năm để sử dụng vào mục đích sản xuất nông nghiệp, lâm nghiệp, nuôi trồng thủy sản, làm muối mà bị thiên tai, hỏa hoạn được thực hiện theo quy định"
694fb819aedc69db48c73acb,230/2025/NĐ-CP,"Việc giảm tiền thuê đất đối với trường hợp người sử dụng đất được nhà nước cho thuê đất trả tiền thuê đất hằng năm để sử dụng vào mục đích sản xuất nông nghiệp, lâm nghiệp, nuôi trồng thủy sản, làm muối mà bị thiên tai, hỏa hoạn được thực hiện theo quy định"
694fb819aedc69db48c73acb,230/2025/NĐ-CP,Trường hợp tỷ lệ thiệt hại dưới 40% thì được xét giảm tiền thuê đất theo tỷ lệ tương ứng với tỷ lệ thiệt hại đối với năm bị thiệt hại
694fb819aedc69db48c73acb,230/2025/NĐ-CP,Trường hợp tỷ lệ thiệt hại từ 40% trở lên thì được miễn tiền thuê đất đối với năm bị thiệt hại
694fb819aedc69db48c73ad4,230/2025/NĐ-CP,Số lao động là người dân tộc thiểu số bình quân năm được chia cho 12
694fb819aedc69db48c73ad4,230/2025/NĐ-CP,Số lao động có mặt làm việc thường xuyên bình quân năm được chia cho 12
694fb819aedc69db48c73ad4,230/2025/NĐ-CP,Trường hợp tổ chức sử dụng lao động mới bắt đầu hoạt động
694fb819aedc69db48c73aeb,230/2025/NĐ-CP,"Việc miễn, giảm tiền thuê đất trong trường hợp cần thiết được thực hiện để hỗ trợ phát triển sản xuất kinh doanh"
694fb819aedc69db48c73aeb,230/2025/NĐ-CP,"Việc miễn, giảm tiền thuê đất được căn cứ vào nhiệm vụ và giải pháp tại kế hoạch phát triển kinh tế - xã hội của cấp có thẩm quyền ban hành"
694fb819aedc69db48c73af5,230/2025/NĐ-CP,Thời gian tính tiền chậm nộp tính đến thời điểm cơ quan nhà nước có thẩm quyền quyết định thu hồi số tiền thuê đất đã được giảm
694fb819aedc69db48c73b05,226/2025/NĐ-CP,Cơ sở dữ liệu quốc gia về giá
694fb819aedc69db48c73b05,226/2025/NĐ-CP,Cơ quan thuế
694fb819aedc69db48c73b05,226/2025/NĐ-CP,"Thông tin thu thập qua điều tra, khảo sát"
694fb819aedc69db48c73b0a,226/2025/NĐ-CP,"Trường hợp không thu thập được thông tin từ việc cho thuê đất, cho thuê mặt bằng, thì thu thập thông tin về thu nhập từ hoạt động sản xuất, kinh doanh ghi trong báo cáo tài chính trong thời gian 03 năm liên tục liền kề với năm xác định thời điểm định giá của thửa đất, khu đất cần định giá"
694fb819aedc69db48c73b0a,226/2025/NĐ-CP,"Trường hợp không thu thập được thông tin từ việc cho thuê đất, cho thuê mặt bằng, thì thu thập thông tin về thu nhập trong báo cáo tài chính của 01 năm liền kề với năm xác định thời điểm định giá của 03 thửa đất có khoảng cách gần nhất đến thửa đất, khu đất cần định giá"
694fb819aedc69db48c73b0a,226/2025/NĐ-CP,"Trường hợp không thu thập được thông tin từ việc cho thuê đất, cho thuê mặt bằng, thì ưu tiên lựa chọn thửa đất có sự tương đồng nhất định đến các yếu tố ảnh hưởng đến giá đất"
694fb819aedc69db48c73b0b,226/2025/NĐ-CP,"Trường hợp không có số liệu từ cơ quan thống kê, cơ quan thuế, cơ quan chuyên môn về nông nghiệp và môi trường thì thu thập thông tin về chi phí để tạo ra thu nhập từ việc sử dụng đất thực tế phổ biến trên thị trường của ba thửa đất có khoảng cách gần nhất đến thửa đất cần định giá"
694fb819aedc69db48c73b0d,226/2025/NĐ-CP,Trường hợp không có số liệu của cơ quan thống kê hoặc cơ quan quản lý thị trường bất động sản thì thực hiện như sau
694fb819aedc69db48c73b0d,226/2025/NĐ-CP,"Đối với trường hợp xác định mức biến động của giá chuyển nhượng thì căn cứ theo chỉ số giá tiêu dùng nhóm nhà ở, điện, nước và vật liệu xây dựng bình quân 03 năm liền kề trước thời điểm định giá đất"
694fb819aedc69db48c73b0d,226/2025/NĐ-CP,"Đối với trường hợp xác định mức biến động của giá thuê đất, giá thuê mặt bằng thì căn cứ theo mức biến động thể hiện trong các hợp đồng cho thuê đất, cho thuê mặt bằng hoặc chỉ số giá tiêu dùng nhóm nhà ở, điện, nước và vật liệu xây dựng bình quân 03 năm liền kề trước thời điểm định giá đất"
694fb819aedc69db48c73b0d,226/2025/NĐ-CP,"Đối với trường hợp xác định mức biến động của giá kinh doanh sản phẩm, dịch vụ thì căn cứ số liệu thực tế trên thị trường"
694fb819aedc69db48c73b0e,226/2025/NĐ-CP,Trường hợp áp dụng suất vốn đầu tư thì thực hiện theo quy định của pháp luật xây dựng về suất vốn đầu tư xây dựng công trình
694fb819aedc69db48c73b10,226/2025/NĐ-CP,Việc ước tính tổng chi phí đầu tư xây dựng căn cứ theo dự toán xây dựng đã được cơ quan chuyên môn về xây dựng thẩm định
694fb819aedc69db48c73b10,226/2025/NĐ-CP,Việc ước tính tổng chi phí đầu tư xây dựng căn cứ theo suất vốn đầu tư xây dựng do Bộ Xây dựng công bố
694fb819aedc69db48c73b13,226/2025/NĐ-CP,Toàn bộ dự án được xác định theo quy hoạch chi tiết hoặc quy hoạch tổng mặt bằng
694fb819aedc69db48c73b4f,226/2025/NĐ-CP,"Trong trường hợp bất khả kháng quy định tại điều 31 nghị định này, thời hạn quy định tại điểm a khoản này được xem xét gia hạn"
694fb819aedc69db48c73b78,226/2025/NĐ-CP,1
694fb819aedc69db48c73b78,226/2025/NĐ-CP,3
694fb819aedc69db48c73b79,226/2025/NĐ-CP,1
694fb819aedc69db48c73b79,226/2025/NĐ-CP,4
694fb819aedc69db48c73b89,226/2025/NĐ-CP,” tại điểm đ khoản 3 điều 19 của Nghị định số 102/2024/NĐ-CP
694fb819aedc69db48c73bbf,192/2025/NĐ-CP,Trường hợp nhà đầu tư liên danh thì xác định năng lực tài chính theo tổng vốn chủ sở hữu phân bổ cho dự án của các thành viên trong liên danh
694fb819aedc69db48c73bc0,192/2025/NĐ-CP,Trường hợp nhà đầu tư liên danh thì xác định tiêu chí về kinh nghiệm theo kinh nghiệm của nhà đầu tư do liên danh đề xuất làm chủ đầu tư
694fb819aedc69db48c73bdf,192/2025/NĐ-CP,Nội dung thẩm định chấp thuận chủ trương đầu tư đồng thời giao chủ đầu tư
694fb819aedc69db48c73bee,192/2025/NĐ-CP,Quy hoạch đô thị và nông thôn làm cơ sở cho việc thẩm định báo cáo kinh tế - kỹ thuật đầu tư xây dựng
694fb819aedc69db48c73c0a,192/2025/NĐ-CP,"Trình tự, thủ tục chấp thuận điều chỉnh quyết định giao chủ đầu tư, điều chỉnh quyết định chấp thuận chủ trương đầu tư đồng thời giao chủ đầu tư được quy định"
694fb819aedc69db48c73c4e,192/2025/NĐ-CP,Dự án đầu tư xây dựng nhà ở xã hội đã được chấp thuận đầu tư
694fb819aedc69db48c73c74,75/2025/NĐ-CP,Dự án do Bộ Quốc phòng được ưu tiên tổ chức thực hiện
694fb819aedc69db48c73c74,75/2025/NĐ-CP,Dự án do Bộ Công an được ưu tiên tổ chức thực hiện
694fb819aedc69db48c73c7e,75/2025/NĐ-CP,Dự án thí điểm không phải do bộ quốc phòng tổ chức thực hiện
694fb819aedc69db48c73c95,75/2025/NĐ-CP,"Sau khi dự án thí điểm được chấp thuận chủ trương đầu tư, các thủ tục cấp giấy chứng nhận quyền sử dụng đất được thực hiện theo quy định của pháp luật về đất đai hiện hành"
694fb819aedc69db48c73c96,75/2025/NĐ-CP,"Sau khi dự án thí điểm được chấp thuận chủ trương đầu tư, các thủ tục thu hồi đất, giao đất, cho thuê đất, chuyển mục đích sử dụng đất, ký hợp đồng thuê đất, đăng ký đất đai, cấp giấy chứng nhận quyền sử dụng đất được thực hiện theo quy định của pháp luật về đất đai hiện hành"
694fb819aedc69db48c73c97,75/2025/NĐ-CP,"Sau khi dự án thí điểm được chấp thuận chủ trương đầu tư, các thủ tục cấp giấy chứng nhận quyền sử dụng đất được thực hiện theo quy định của pháp luật về đất đai hiện hành"
694fb819aedc69db48c73c97,75/2025/NĐ-CP,"Trường hợp dự án của tổ chức kinh doanh bất động sản được các tổ chức đang sử dụng đất thành lập để thực hiện dự án nhà ở thương mại trước thời điểm nghị định này có hiệu lực thi hành, tổ chức kinh doanh bất động sản phải thực hiện theo quy định"
694fb819aedc69db48c73c9e,75/2025/NĐ-CP,Ủy ban nhân dân cấp tỉnh có trách nhiệm bảo đảm việc thực hiện các thủ tục và quy định đó kịp thời
694fb819aedc69db48c73cd4,71/2024/NĐ-CP,"Khảo sát về thửa đất, khu đất cần định giá"
694fb819aedc69db48c73cd4,71/2024/NĐ-CP,"Thu thập thông tin về thửa đất, khu đất cần định giá"
694fb819aedc69db48c73cd7,71/2024/NĐ-CP,"Thông tin được thu thập qua điều tra, khảo sát"
694fb819aedc69db48c73cde,71/2024/NĐ-CP,Trường hợp thửa đất so sánh có tài sản gắn liền với đất thì giá trị của tài sản gắn liền với đất của thửa đất so sánh được xác định
694fb819aedc69db48c73cdf,71/2024/NĐ-CP,Trường hợp thửa đất so sánh có tài sản gắn liền với đất thì giá trị của tài sản gắn liền với đất của thửa đất so sánh được xác định
694fb819aedc69db48c73ce2,71/2024/NĐ-CP,Các yếu tố ảnh hưởng đến giá đất của thửa đất cần định giá được lấy làm chuẩn để điều chỉnh giá của thửa đất so sánh
694fb819aedc69db48c73ceb,71/2024/NĐ-CP,"Trường hợp không có số liệu từ cơ quan thống kê, cơ quan thuế, cơ quan nông nghiệp và phát triển nông thôn thì cơ quan thu thập thông tin về thu nhập thực tế phổ biến trên thị trường của 03 thửa đất có khoảng cách gần nhất đến thửa đất, khu đất cần định giá"
694fb819aedc69db48c73d1e,151/2025/NĐ-CP,Thẩm quyền của Ủy ban nhân dân cấp huyện theo quy định của Luật Đất đai chuyển giao cho Chủ tịch Ủy ban nhân dân cấp xã thực hiện
694fb819aedc69db48c73d27,151/2025/NĐ-CP,Thẩm quyền của ủy ban nhân dân cấp huyện theo quy định của luật đất đai chuyển giao cho chủ tịch ủy ban nhân dân cấp xã thực hiện
694fb819aedc69db48c73d29,151/2025/NĐ-CP,Thẩm quyền của ủy ban nhân dân cấp huyện theo quy định của luật đất đai chuyển giao cho chủ tịch ủy ban nhân dân cấp xã thực hiện
694fb819aedc69db48c73d2d,151/2025/NĐ-CP,Thẩm quyền của chủ tịch ủy ban nhân dân cấp huyện theo quy định của luật đất đai chuyển giao cho chủ tịch ủy ban nhân dân cấp xã thực hiện
694fb819aedc69db48c73d35,151/2025/NĐ-CP,Thẩm quyền đó được phân cấp cho Chủ tịch Ủy ban nhân dân cấp xã thực hiện
694fb819aedc69db48c73d4e,151/2025/NĐ-CP,Các trường hợp do Ủy ban nhân dân cấp tỉnh thực hiện
694fb819aedc69db48c73d56,151/2025/NĐ-CP,Thẩm quyền của ủy ban nhân dân cấp tỉnh do chủ tịch ủy ban nhân dân cấp tỉnh thực hiện
694fb819aedc69db48c73d61,151/2025/NĐ-CP,Thẩm quyền của ủy ban nhân dân cấp tỉnh theo quy định của nghị định số 101/2024/NĐ-CP ngày 29 tháng 7 năm 2024 của Chính phủ do chủ tịch ủy ban nhân dân cấp tỉnh thực hiện
694fb819aedc69db48c73dbb,151/2025/NĐ-CP,"Những trường hợp kiểm tra, ký duyệt mảnh trích đo bản đồ địa chính thuộc thẩm quyền của cơ quan có chức năng quản lý đất đai cấp tỉnh thì văn phòng đăng ký đất đai không thực hiện"
694fb819aedc69db48c73dbb,151/2025/NĐ-CP,"Những trường hợp kiểm tra, ký duyệt mảnh trích đo bản đồ địa chính thuộc thẩm quyền của cơ quan có chức năng quản lý đất đai cấp tỉnh thì chi nhánh văn phòng đăng ký đất đai không thực hiện"
694fb819aedc69db48c73ddc,151/2025/NĐ-CP,Trường hợp chưa có kế hoạch phát triển kinh tế - xã hội cấp xã thì sử dụng kế hoạch phát triển kinh tế - xã hội của cấp xã thuộc địa bàn trước ngày 01 tháng 7 năm 2025
694fb819aedc69db48c73e20,151/2025/NĐ-CP,Trường hợp đó chưa tổ chức thực hiện cưỡng chế
694fb819aedc69db48c73e2e,151/2025/NĐ-CP,"Cơ quan, người có thẩm quyền không được yêu cầu cá nhân, tổ chức nộp lại hồ sơ đã nộp"
694fb81aaedc69db48c73e38,144/2025/NĐ-CP,Nguyên tắc chung đẩy mạnh phân quyền
694fb81aaedc69db48c73e38,144/2025/NĐ-CP,Nguyên tắc chung đẩy mạnh phân cấp
694fb81aaedc69db48c73e3a,144/2025/NĐ-CP,"Nguyên tắc chung bảo đảm công khai, minh bạch"
694fb81aaedc69db48c73e70,144/2025/NĐ-CP,Các thủ tục cấp chứng chỉ năng lực do cơ quan chuyên môn thuộc Ủy ban nhân dân cấp tỉnh thực hiện
694fb81aaedc69db48c73e87,144/2025/NĐ-CP,Ủy ban nhân dân cấp tỉnh tổ chức thực hiện một số nhiệm vụ quản lý chi phí đầu tư xây dựng trong phạm vi quản lý nếu cần thiết
694fb81aaedc69db48c73ea2,144/2025/NĐ-CP,Hội đồng Thẩm định tổ chức thẩm định
694fb81aaedc69db48c73ec8,144/2025/NĐ-CP,Phương án quản lý sử dụng nhà ở sau khi chuyển đổi có thể là cho thuê
694fb81aaedc69db48c73ec8,144/2025/NĐ-CP,Phương án quản lý sử dụng nhà ở sau khi chuyển đổi có thể là cho thuê mua
694fb81aaedc69db48c73ecf,144/2025/NĐ-CP,"Trình tự, thủ tục chuyển đổi công năng nhà ở thuộc tài sản công quy định tại khoản 1 điều này được thực hiện theo quy định"
694fb81aaedc69db48c73ee0,144/2025/NĐ-CP,Hồ sơ đề án bán nhà ở cho lực lượng vũ trang nhân dân thuộc tài sản công bao gồm đề xuất
694fb81aaedc69db48c73ee3,144/2025/NĐ-CP,"Cơ quan, đơn vị trực thuộc được giao quản lý nhà ở xã hội, nhà ở cho lực lượng vũ trang thuộc tài sản công đề nghị xem xét"
694fb81aaedc69db48c73eef,144/2025/NĐ-CP,Trách nhiệm quy định tại điểm c khoản 1 điều 20 nghị định số 96/2024/NĐ-CP ngày 24 tháng 7 năm 2024 của Chính phủ do lãnh đạo phòng có chức năng quản lý thị trường bất động sản của sở xây dựng thực hiện
694fb81aaedc69db48c73f09,144/2025/NĐ-CP,Thời gian thực hiện thủ tục hành chính thứ đó là 10 ngày làm việc kể từ khi nhận đủ hồ sơ theo quy định
694fb81aaedc69db48c73f2d,144/2025/NĐ-CP,Ủy ban nhân dân cấp tỉnh nơi có công trình chấp thuận đối với đường ngang công cộng do mình tổ chức quản lý
694fb81aaedc69db48c73f2d,144/2025/NĐ-CP,Ủy ban nhân dân cấp tỉnh nơi có công trình chấp thuận đối với đường ngang công cộng do mình tổ chức bảo trì
694fb81aaedc69db48c73f2e,144/2025/NĐ-CP,Hồ sơ và trình tự thực hiện chấp thuận chủ trương xây dựng đường ngang được quy định rõ
694fb81aaedc69db48c7400b,131/2025/NĐ-CP,200 kg/năm trở lên phải lập hồ sơ đề nghị cấp giấy phép môi trường theo quy định tại điều 39 luật bảo vệ môi trường
694fb81aaedc69db48c740d0,03/2025/NĐ-CP,"Nhà, đất do đối tượng quy định tại điểm b khoản 2 điều 2 nghị định này quản lý"
694fb81aaedc69db48c740d0,03/2025/NĐ-CP,"Nhà, đất do đối tượng quy định tại điểm b khoản 2 điều 2 nghị định này sử dụng"
694fb81aaedc69db48c740d2,03/2025/NĐ-CP,"Nhà, đất do các đối tượng sau đây quản lý và sử dụng"
694fb81aaedc69db48c740d4,03/2025/NĐ-CP,"Nhà, đất do các cơ quan, tổ chức, đơn vị quy định tại khoản 1 điều 2 nghị định này quản lý, sử dụng"
694fb81aaedc69db48c740d5,03/2025/NĐ-CP,"Nhà, đất do các cơ quan, tổ chức, đơn vị quy định tại khoản 1 điều 2 nghị định này quản lý, sử dụng"
694fb81aaedc69db48c740d6,03/2025/NĐ-CP,"Nhà, đất do các cơ quan, tổ chức, đơn vị quy định tại khoản 1 điều 2 nghị định này quản lý và sử dụng"
694fb81aaedc69db48c740d7,03/2025/NĐ-CP,"Nhà, đất do các cơ quan, tổ chức, đơn vị quy định tại khoản 1 điều 2 nghị định này quản lý và sử dụng"
694fb81aaedc69db48c740d9,03/2025/NĐ-CP,"Nhà, đất do các cơ quan, tổ chức, đơn vị quy định tại khoản 1 điều 2 nghị định này quản lý, sử dụng"
694fb81aaedc69db48c740db,03/2025/NĐ-CP,"Nhà, đất do các cơ quan, tổ chức, đơn vị quy định tại khoản 1 điều 2 nghị định này quản lý, sử dụng"
694fb81aaedc69db48c740dd,03/2025/NĐ-CP,"Nhà, đất do các cơ quan, tổ chức, đơn vị quy định tại khoản 1 điều 2 nghị định này quản lý, sử dụng"
694fb81aaedc69db48c740e1,03/2025/NĐ-CP,"Trong thời gian liên doanh, liên kết bao gồm cả thời gian gia hạn hợp đồng thì không thực hiện sắp xếp lại, xử lý theo quy định tại nghị định này"
694fb81aaedc69db48c740e3,03/2025/NĐ-CP,"Trường hợp sau khi có hiệu lực của bản án, quyết định của tòa án thì thực hiện sắp xếp lại, xử lý theo quy định tại nghị định này"
694fb81aaedc69db48c740e3,03/2025/NĐ-CP,"Trường hợp sau khi có hiệu lực của quyết định hoặc phán quyết của trọng tài thương mại Việt Nam thì thực hiện sắp xếp lại, xử lý theo quy định tại nghị định này"
694fb81aaedc69db48c740e3,03/2025/NĐ-CP,"Trường hợp sau khi có hiệu lực của quyết định thi hành án thì thực hiện sắp xếp lại, xử lý theo quy định tại nghị định này"
694fb81aaedc69db48c740e3,03/2025/NĐ-CP,"Trường hợp sau khi có hiệu lực của quyết định giải quyết tranh chấp thì thực hiện sắp xếp lại, xử lý theo quy định tại nghị định này"
694fb81aaedc69db48c740e3,03/2025/NĐ-CP,"Trường hợp sau khi có hiệu lực của quyết định giải quyết khiếu nại thì thực hiện sắp xếp lại, xử lý theo quy định tại nghị định này"
694fb81aaedc69db48c740e3,03/2025/NĐ-CP,"Trường hợp sau khi có hiệu lực của quyết định giải quyết tố cáo về đất đai thì thực hiện sắp xếp lại, xử lý theo quy định tại nghị định này"
694fb81aaedc69db48c740e3,03/2025/NĐ-CP,"Trường hợp sau khi có hiệu lực của quyết định giải quyết các kiến nghị của cơ quan thanh tra, kiểm tra, kiểm toán thì thực hiện sắp xếp lại, xử lý theo quy định tại nghị định này"
694fb81aaedc69db48c740e3,03/2025/NĐ-CP,"Trường hợp sau khi có hiệu lực của bản án của cơ quan, người có thẩm quyền thì thực hiện sắp xếp lại, xử lý theo quy định tại nghị định này"
694fb81aaedc69db48c740ee,03/2025/NĐ-CP,Việc xác định đối tượng được thực hiện theo quy định
694fb81aaedc69db48c740ee,03/2025/NĐ-CP,"Việc xác định nhà, đất để sắp xếp lại, xử lý nhà, đất được thực hiện theo quy định"
694fb81aaedc69db48c740ee,03/2025/NĐ-CP,"Trường hợp một cơ sở nhà, đất do nhiều đối tượng quy định tại khoản 1 quản lý"
694fb81aaedc69db48c740f0,03/2025/NĐ-CP,"Nhà, đất do cơ quan, tổ chức, đơn vị quy định tại khoản 1 điều 2 nghị định này quản lý, sử dụng"
694fb81aaedc69db48c740f2,03/2025/NĐ-CP,"Việc xác định đối tượng và nhà, đất để sắp xếp lại, xử lý nhà, đất được thực hiện theo quy định"
694fb81aaedc69db48c74100,03/2025/NĐ-CP,"Bộ, cơ quan trung ương giao cho các cơ quan, tổ chức, đơn vị khác thuộc phạm vi quản lý chủ trì kiểm tra hiện trạng nhà, đất trong trường hợp các cơ quan, tổ chức, đơn vị đó không phải là cơ quan có thẩm quyền lập phương án quy định tại điểm a khoản 3 điều 4 nghị định này"
694fb81aaedc69db48c74101,03/2025/NĐ-CP,Cơ quan tổng hợp tiếp theo có thể không có
694fb81aaedc69db48c74124,03/2025/NĐ-CP,Văn bản giao cơ quan chủ trì kiểm tra hiện trạng được gửi để phối hợp
694fb81aaedc69db48c74124,03/2025/NĐ-CP,Văn bản giao cơ quan chủ trì kiểm tra hiện trạng được gửi để thực hiện
694fb81aaedc69db48c74138,03/2025/NĐ-CP,Ủy ban nhân dân cấp tỉnh quy định tại điểm b khoản 3 điều này có đề nghị
694fb81aaedc69db48c7415f,03/2025/NĐ-CP,"Ủy ban nhân dân cấp tỉnh quyết định chuyển giao nhà, đất của cơ quan, tổ chức, đơn vị thuộc địa phương quản lý trên địa bàn địa phương khác về ủy ban nhân dân cấp tỉnh (nơi có nhà, đất) quản lý, xử lý"
694fb81aaedc69db48c74160,03/2025/NĐ-CP,"Ủy ban nhân dân cấp tỉnh quyết định chuyển giao nhà, đất của cơ quan, tổ chức, đơn vị thuộc địa phương quản lý về các cơ quan chức năng của địa phương quản lý, xử lý"
694fb81aaedc69db48c74169,03/2025/NĐ-CP,"Việc bàn giao nhà, đất chuyển giao đối với nhà, đất chuyển giao là trụ sở làm việc, cơ sở hoạt động sự nghiệp hiện có của cơ quan, tổ chức, đơn vị được nhà nước giao trụ sở làm việc, cơ sở hoạt động sự nghiệp khác được thực hiện theo quy định"
694fb81aaedc69db48c74169,03/2025/NĐ-CP,"Việc bàn giao nhà, đất chuyển giao đối với nhà, đất chuyển giao là trụ sở làm việc, cơ sở hoạt động sự nghiệp hiện có của cơ quan, tổ chức, đơn vị được đầu tư xây dựng trụ sở làm việc, cơ sở hoạt động sự nghiệp tại địa điểm mới mà trụ sở cũ không còn nhu cầu sử dụng được thực hiện theo quy định"
694fb81aaedc69db48c7416d,03/2025/NĐ-CP,"Trường hợp nhà, đất đã được giao, bố trí làm nhà ở không đúng thẩm quyền trước ngày 19 tháng 01 năm 2007 phải được xử lý"
694fb81aaedc69db48c74175,03/2025/NĐ-CP,"Việc người được giao đất, cho thuê đất phải hoàn trả giá trị còn lại của tài sản gắn liền với đất được thông báo cho tổ chức, cá nhân có nhu cầu giao đất, cho thuê đất biết"
694fb81aaedc69db48c74184,03/2025/NĐ-CP,"Trường hợp sử dụng toàn bộ cơ sở nhà, đất để cho mượn, cho thuê, hợp tác, kinh doanh, liên doanh, liên kết không đúng quy định thì xử lý theo quy định"
694fb81aaedc69db48c74184,03/2025/NĐ-CP,"Trường hợp sử dụng một phần cơ sở nhà, đất để cho mượn, cho thuê, hợp tác, kinh doanh, liên doanh, liên kết không đúng quy định thì xử lý theo quy định"
694fb81aaedc69db48c74184,03/2025/NĐ-CP,"Trường hợp sử dụng toàn bộ cơ sở nhà, đất không đúng quy định thì xử lý thu hồi"
694fb81aaedc69db48c74184,03/2025/NĐ-CP,"Trường hợp sử dụng cơ sở nhà, đất theo các hình thức khác không đúng quy định của pháp luật về đất đai, pháp luật về quản lý, sử dụng tài sản công, pháp luật khác có liên quan thì xử lý theo quy định"
694fb81aaedc69db48c74185,03/2025/NĐ-CP,"Trường hợp sử dụng toàn bộ cơ sở nhà, đất theo các hình thức sử dụng khác không đúng quy định của pháp luật về đất đai, pháp luật về quản lý, sử dụng tài sản công, pháp luật khác có liên quan thì xử lý như sau"
694fb81aaedc69db48c74185,03/2025/NĐ-CP,"Trường hợp sử dụng một phần cơ sở nhà, đất theo các hình thức sử dụng khác không đúng quy định của pháp luật về đất đai, pháp luật về quản lý, sử dụng tài sản công, pháp luật khác có liên quan thì xử lý như sau"
694fb81aaedc69db48c74185,03/2025/NĐ-CP,"Trường hợp sử dụng một phần cơ sở nhà, đất không đúng quy định mà có thể tách phần diện tích sử dụng không đúng quy định thành khuôn viên độc lập thì xử lý thu hồi"
694fb81aaedc69db48c74185,03/2025/NĐ-CP,"Trường hợp sử dụng một phần cơ sở nhà, đất không đúng quy định mà có thể tách phần diện tích sử dụng không đúng quy định thành khuôn viên độc lập có lối đi riêng thì xử lý thu hồi"
694fb81aaedc69db48c74186,03/2025/NĐ-CP,"Trường hợp sử dụng toàn bộ cơ sở nhà, đất không đúng quy định của pháp luật về đất đai, pháp luật về quản lý, sử dụng tài sản công, pháp luật khác có liên quan thì xử lý như sau"
694fb81aaedc69db48c74186,03/2025/NĐ-CP,"Trường hợp sử dụng một phần cơ sở nhà, đất không đúng quy định của pháp luật về đất đai, pháp luật về quản lý, sử dụng tài sản công, pháp luật khác có liên quan thì xử lý như sau"
694fb81aaedc69db48c74187,03/2025/NĐ-CP,"Trường hợp sử dụng toàn bộ cơ sở nhà, đất theo các hình thức sử dụng khác không đúng quy định của pháp luật về đất đai, pháp luật về quản lý, sử dụng tài sản công, pháp luật khác có liên quan thì xử lý như sau"
694fb81aaedc69db48c74191,03/2025/NĐ-CP,"Nhà, đất mà trong quá trình thực hiện phải thay đổi phương án đã được phê duyệt sang các phương án khác được quy định tại Điều 9 Nghị định này thì phải báo cáo cơ quan, người có thẩm quyền để thay đổi phương án xử lý"
694fb81aaedc69db48c74193,03/2025/NĐ-CP,"Trong quá trình thực hiện, cần phải thay đổi phương án đã được phê duyệt sang các phương án khác được quy định tại điều 9 nghị định này"
694fb81aaedc69db48c74196,03/2025/NĐ-CP,"Đối với nhà, đất được phê duyệt phương án giữ lại tiếp tục sử dụng thì không thực hiện thủ tục thay đổi phương án"
694fb81aaedc69db48c74196,03/2025/NĐ-CP,"Trong trường hợp này, tổ chức thực hiện quản lý, sử dụng nhà, đất theo quy định của pháp luật về quản lý, sử dụng tài sản công"
694fb81aaedc69db48c74197,03/2025/NĐ-CP,"Đối với nhà, đất được phê duyệt phương án giữ lại tiếp tục sử dụng thì không thực hiện thủ tục thay đổi phương án"
694fb81aaedc69db48c74198,03/2025/NĐ-CP,"Đối với nhà, đất được phê duyệt phương án giữ lại tiếp tục sử dụng thì không thực hiện thủ tục thay đổi phương án"
694fb81aaedc69db48c74199,03/2025/NĐ-CP,"Đối với nhà, đất được phê duyệt phương án giữ lại tiếp tục sử dụng thì không thực hiện thủ tục thay đổi phương án"
694fb81aaedc69db48c7419a,03/2025/NĐ-CP,"Đối với nhà, đất được phê duyệt phương án giữ lại tiếp tục sử dụng thì không thực hiện thủ tục thay đổi phương án"
694fb81aaedc69db48c7419c,03/2025/NĐ-CP,"Trong quá trình tổ chức thực hiện phương án đã được phê duyệt phát sinh tranh chấp, khiếu nại, tố cáo hoặc bị lấn, chiếm"
694fb81aaedc69db48c7419c,03/2025/NĐ-CP,"Sau khi hoàn thành việc xử lý tranh chấp, khiếu nại, tố cáo, lấn, chiếm thực hiện như sau"
694fb81aaedc69db48c7419d,03/2025/NĐ-CP,"Trong quá trình tổ chức thực hiện phương án đã được phê duyệt phát sinh tranh chấp, khiếu nại, tố cáo hoặc bị lấn, chiếm"
694fb81aaedc69db48c7419d,03/2025/NĐ-CP,"Sau khi hoàn thành việc xử lý tranh chấp, khiếu nại, tố cáo, lấn, chiếm thực hiện như sau"
694fb81aaedc69db48c7419d,03/2025/NĐ-CP,Thì dừng thực hiện phương án đã được phê duyệt
694fb81aaedc69db48c741a8,03/2025/NĐ-CP,"Đối với nhà, đất đã được phê duyệt phương án tạm giữ lại tiếp tục sử dụng"
694fb81aaedc69db48c741a9,03/2025/NĐ-CP,"Đối với nhà, đất đã được phê duyệt phương án tạm giữ lại tiếp tục sử dụng"
694fb81aaedc69db48c741a9,03/2025/NĐ-CP,"Nhà, đất thuộc quy hoạch, kế hoạch sử dụng đất phục vụ mục đích quốc phòng, an ninh, phát triển kinh tế - xã hội vì lợi ích quốc gia, công cộng phải thu hồi"
694fb81aaedc69db48c741a9,03/2025/NĐ-CP,"Chưa có quyết định thu hồi của cơ quan nhà nước có thẩm quyền theo quy định của pháp luật về đất đai đối với nhà, đất đó"
694fb81aaedc69db48c741aa,03/2025/NĐ-CP,"Đối với nhà, đất đã được phê duyệt phương án tạm giữ lại tiếp tục sử dụng"
694fb81aaedc69db48c741ac,03/2025/NĐ-CP,"Đối với nhà, đất đã được cơ quan, người có thẩm quyền phê duyệt phương án bán tài sản gắn liền với đất, chuyển nhượng quyền sử dụng đất theo hình thức đấu giá, hình thức chỉ định"
694fb81aaedc69db48c741b2,03/2025/NĐ-CP,"Đối với nhà, đất đã được phê duyệt phương án thu hồi, điều chuyển, chuyển giao về địa phương quản lý, xử lý"
694fb81aaedc69db48c741ba,03/2025/NĐ-CP,"Đối với nhà, đất đã được phê duyệt phương án sắp xếp lại, xử lý nhà, đất theo quy định của pháp luật về sắp xếp lại, xử lý nhà, đất trước ngày nghị định này có hiệu lực thi hành nhưng chưa hoàn thành việc thực hiện phương án, cơ quan của Đảng thực hiện theo quy định"
694fb81aaedc69db48c741e6,03/2025/NĐ-CP,ngày do
694fb81aaedc69db48c741e6,03/2025/NĐ-CP,lập
694fb81aaedc69db48c741e6,03/2025/NĐ-CP,do
694fb81aaedc69db48c741e6,03/2025/NĐ-CP,lập
694fb81aaedc69db48c741e8,03/2025/NĐ-CP,Diện tích cho mượn là
694fb81aaedc69db48c741e8,03/2025/NĐ-CP,mét vuông
694fb81aaedc69db48c741e8,03/2025/NĐ-CP,Diện tích cho thuê là
694fb81aaedc69db48c741e8,03/2025/NĐ-CP,mét vuông
694fb81aaedc69db48c741e8,03/2025/NĐ-CP,mét vuông
694fb81aaedc69db48c741e8,03/2025/NĐ-CP,"Diện tích đang bị lấn, chiếm là"
694fb81aaedc69db48c741e8,03/2025/NĐ-CP,mét vuông
694fb81aaedc69db48c741e8,03/2025/NĐ-CP,mét vuông
694fb81aaedc69db48c741e8,03/2025/NĐ-CP,"Diện tích bỏ trống, chưa sử dụng là"
694fb81aaedc69db48c741e8,03/2025/NĐ-CP,mét vuông
694fb81aaedc69db48c741f4,03/2025/NĐ-CP,m
694fb81aaedc69db48c741f5,03/2025/NĐ-CP,Tổng số ngôi nhà là
694fb81aaedc69db48c741f5,03/2025/NĐ-CP,ngôi
694fb81aaedc69db48c741f6,03/2025/NĐ-CP,m
694fb81aaedc69db48c741f6,03/2025/NĐ-CP,Tổng diện tích sàn xây dựng nhà là
694fb81aaedc69db48c741f6,03/2025/NĐ-CP,m
694fb81aaedc69db48c741f6,03/2025/NĐ-CP,Tổng diện tích sàn sử dụng nhà là
694fb81aaedc69db48c741f6,03/2025/NĐ-CP,m
694fb81aaedc69db48c74226,178/2025/NĐ-CP,Nội dung quy hoạch đã được phê duyệt sẽ được thực hiện
694fb81aaedc69db48c7428d,178/2025/NĐ-CP,Chủ tịch hội đồng thi tuyển do hội đồng bầu ra
694fb81aaedc69db48c7428d,178/2025/NĐ-CP,Chủ tịch hội đồng thi tuyển do cơ quan tổ chức lập quy hoạch mời
694fb81aaedc69db48c742d5,178/2025/NĐ-CP,Trách nhiệm quản lý vận hành hệ thống cơ sở dữ liệu quy hoạch đô thị và nông thôn được quy định
694fb81aaedc69db48c7438c,140/2025/NĐ-CP,"Nhiệm vụ, thẩm quyền trong tổ chức lập, điều chỉnh danh mục công trình kiến trúc có giá trị được quy định rõ ràng"
694fb81aaedc69db48c74392,140/2025/NĐ-CP,"Nhiệm vụ, thẩm quyền trong phê duyệt, ban hành quy chế quản lý kiến trúc điểm dân cư nông thôn được quy định"
694fb81aaedc69db48c74395,140/2025/NĐ-CP,Nhiệm vụ và thẩm quyền trong thẩm định quy chế quản lý kiến trúc điểm dân cư nông thôn được quy định
694fb81aaedc69db48c743ff,140/2025/NĐ-CP,Kế hoạch phát triển nhà ở cấp tỉnh của từng địa phương trước sáp nhập đã được phê duyệt
694fb81aaedc69db48c74404,140/2025/NĐ-CP,"Trường hợp các danh mục công trình kiến trúc có giá trị được cơ quan có thẩm quyền phê duyệt, quy chế quản lý kiến trúc được cơ quan có thẩm quyền phê duyệt"
694fb81aaedc69db48c7440f,123/2024/NĐ-CP,Trường hợp điều ước quốc tế mà Việt Nam là thành viên có quy định khác được trừ
694fb81aaedc69db48c74427,123/2024/NĐ-CP,Biện pháp khắc phục hậu quả ngoài các biện pháp khắc phục hậu quả quy định tại điểm a và điểm i khoản 1 điều 28 luật xử lý vi phạm hành chính được áp dụng
694fb81aaedc69db48c74428,123/2024/NĐ-CP,Biện pháp khắc phục hậu quả ngoài các biện pháp khắc phục hậu quả quy định tại điểm a và điểm i khoản 1 điều 28 luật xử lý vi phạm hành chính được áp dụng
694fb81aaedc69db48c7442c,123/2024/NĐ-CP,Biện pháp khắc phục hậu quả ngoài các biện pháp khắc phục hậu quả quy định tại điểm a và điểm i khoản 1 điều 28 Luật Xử lý vi phạm hành chính được áp dụng
694fb81aaedc69db48c7442e,123/2024/NĐ-CP,Biện pháp khắc phục hậu quả ngoài các biện pháp khắc phục hậu quả quy định tại điểm a và điểm i khoản 1 điều 28 Luật xử lý vi phạm hành chính được áp dụng
694fb81aaedc69db48c74442,123/2024/NĐ-CP,"Thời gian để tính số năm vi phạm đối với trường hợp có lẻ ngày, tháng được quy định cụ thể"
694fb81aaedc69db48c7444b,123/2024/NĐ-CP,Hành vi chuyển đất trồng lúa sang loại đất khác trong nhóm đất nông nghiệp bị xử phạt
694fb81aaedc69db48c7444b,123/2024/NĐ-CP,000
694fb81aaedc69db48c7444b,123/2024/NĐ-CP,000 đồng đến 3
694fb81aaedc69db48c7444b,123/2024/NĐ-CP,000
694fb81aaedc69db48c7444b,123/2024/NĐ-CP,"000 đồng đối với diện tích đất dưới 0,5 héc ta"
694fb81aaedc69db48c7444c,123/2024/NĐ-CP,Hành vi chuyển đất trồng lúa sang loại đất khác trong nhóm đất nông nghiệp bị xử phạt
694fb81aaedc69db48c7444c,123/2024/NĐ-CP,000
694fb81aaedc69db48c7444c,123/2024/NĐ-CP,000 đồng đến 5
694fb81aaedc69db48c7444c,123/2024/NĐ-CP,000
694fb81aaedc69db48c7444c,123/2024/NĐ-CP,000 đồng
694fb81aaedc69db48c7444d,123/2024/NĐ-CP,000
694fb81aaedc69db48c7444d,123/2024/NĐ-CP,000 đồng đến 10
694fb81aaedc69db48c7444d,123/2024/NĐ-CP,000
694fb81aaedc69db48c7444d,123/2024/NĐ-CP,000 đồng
694fb81aaedc69db48c7444e,123/2024/NĐ-CP,000
694fb81aaedc69db48c7444e,123/2024/NĐ-CP,000 đồng đến 30
694fb81aaedc69db48c7444e,123/2024/NĐ-CP,000
694fb81aaedc69db48c7444e,123/2024/NĐ-CP,000 đồng đối với diện tích đất từ 03 héc ta trở lên
694fb81aaedc69db48c74450,123/2024/NĐ-CP,Hành vi chuyển đất trồng lúa sang đất phi nông nghiệp (không phải là đất ở) thuộc địa giới hành chính của xã bị xử phạt
694fb81aaedc69db48c74450,123/2024/NĐ-CP,000
694fb81aaedc69db48c74450,123/2024/NĐ-CP,000 đồng đến 5
694fb81aaedc69db48c74450,123/2024/NĐ-CP,000
694fb81aaedc69db48c74450,123/2024/NĐ-CP,000 đồng
694fb81aaedc69db48c74451,123/2024/NĐ-CP,Hành vi chuyển đất trồng lúa sang đất phi nông nghiệp (không phải là đất ở) thuộc địa giới hành chính của xã vi phạm quy định
694fb81aaedc69db48c74451,123/2024/NĐ-CP,000
694fb81aaedc69db48c74451,123/2024/NĐ-CP,000 đồng đến 10
694fb81aaedc69db48c74451,123/2024/NĐ-CP,000
694fb81aaedc69db48c74451,123/2024/NĐ-CP,"000 đồng đối với diện tích đất từ 0,05 héc ta đến dưới 0,1 héc ta"
694fb81aaedc69db48c74452,123/2024/NĐ-CP,Hành vi chuyển đất trồng lúa sang đất phi nông nghiệp (không phải là đất ở) thuộc địa giới hành chính của xã bị xử phạt
694fb81aaedc69db48c74452,123/2024/NĐ-CP,000
694fb81aaedc69db48c74452,123/2024/NĐ-CP,000 đồng đến 20
694fb81aaedc69db48c74452,123/2024/NĐ-CP,000
694fb81aaedc69db48c74452,123/2024/NĐ-CP,000 đồng
694fb81aaedc69db48c74453,123/2024/NĐ-CP,000
694fb81aaedc69db48c74453,123/2024/NĐ-CP,000 đồng đến 50
694fb81aaedc69db48c74453,123/2024/NĐ-CP,000
694fb81aaedc69db48c74453,123/2024/NĐ-CP,000 đồng
694fb81aaedc69db48c74454,123/2024/NĐ-CP,000
694fb81aaedc69db48c74454,123/2024/NĐ-CP,000 đồng đến 100
694fb81aaedc69db48c74454,123/2024/NĐ-CP,000
694fb81aaedc69db48c74454,123/2024/NĐ-CP,000 đồng đối với diện tích đất từ 01 héc ta đến dưới 02 héc ta
694fb81aaedc69db48c74455,123/2024/NĐ-CP,Hành vi chuyển đất trồng lúa sang đất phi nông nghiệp không phải là đất ở thuộc địa giới hành chính của xã bị xử phạt
694fb81aaedc69db48c74455,123/2024/NĐ-CP,000
694fb81aaedc69db48c74455,123/2024/NĐ-CP,000 đồng đến 150
694fb81aaedc69db48c74455,123/2024/NĐ-CP,000
694fb81aaedc69db48c74455,123/2024/NĐ-CP,000 đồng
694fb81aaedc69db48c74457,123/2024/NĐ-CP,000
694fb81aaedc69db48c74457,123/2024/NĐ-CP,000 đồng đến 30
694fb81aaedc69db48c74457,123/2024/NĐ-CP,000
694fb81aaedc69db48c74457,123/2024/NĐ-CP,000 đồng
694fb81aaedc69db48c74458,123/2024/NĐ-CP,Hành vi chuyển đất trồng lúa sang đất ở thuộc địa giới hành chính của xã bị xử phạt
694fb81aaedc69db48c74458,123/2024/NĐ-CP,000
694fb81aaedc69db48c74458,123/2024/NĐ-CP,000 đồng đến 50
694fb81aaedc69db48c74458,123/2024/NĐ-CP,000
694fb81aaedc69db48c74458,123/2024/NĐ-CP,"000 đồng đối với diện tích đất từ 0,01 héc ta đến dưới 0,03 héc ta"
694fb81aaedc69db48c74459,123/2024/NĐ-CP,000
694fb81aaedc69db48c74459,123/2024/NĐ-CP,000 đồng đến 100
694fb81aaedc69db48c74459,123/2024/NĐ-CP,000
694fb81aaedc69db48c74459,123/2024/NĐ-CP,000 đồng
694fb81aaedc69db48c7445a,123/2024/NĐ-CP,Hình thức và mức phạt tiền áp dụng cho hành vi chuyển đất này được quy định cụ thể
694fb81aaedc69db48c7445a,123/2024/NĐ-CP,000
694fb81aaedc69db48c7445a,123/2024/NĐ-CP,000 đồng đến 150
694fb81aaedc69db48c7445a,123/2024/NĐ-CP,000
694fb81aaedc69db48c7445b,123/2024/NĐ-CP,Hành vi chuyển đất trồng lúa sang đất ở thuộc địa giới hành chính của xã bị xử phạt
694fb81aaedc69db48c7445b,123/2024/NĐ-CP,000
694fb81aaedc69db48c7445b,123/2024/NĐ-CP,000 đồng đến 200
694fb81aaedc69db48c7445b,123/2024/NĐ-CP,000
694fb81aaedc69db48c7445b,123/2024/NĐ-CP,000 đồng
694fb81aaedc69db48c7445b,123/2024/NĐ-CP,000
694fb81aaedc69db48c7445b,123/2024/NĐ-CP,000 đồng đến 200
694fb81aaedc69db48c7445b,123/2024/NĐ-CP,000
694fb81aaedc69db48c74462,123/2024/NĐ-CP,Hành vi chuyển đất rừng đặc dụng sang loại đất khác trong nhóm đất nông nghiệp bị xử phạt
694fb81aaedc69db48c74462,123/2024/NĐ-CP,Hành vi chuyển đất rừng phòng hộ sang loại đất khác trong nhóm đất nông nghiệp bị xử phạt
694fb81aaedc69db48c74462,123/2024/NĐ-CP,Hành vi chuyển đất rừng sản xuất sang loại đất khác trong nhóm đất nông nghiệp bị xử phạt
694fb81aaedc69db48c74462,123/2024/NĐ-CP,000
694fb81aaedc69db48c74462,123/2024/NĐ-CP,000 đồng đến 3
694fb81aaedc69db48c74462,123/2024/NĐ-CP,000
694fb81aaedc69db48c74462,123/2024/NĐ-CP,"000 đồng đối với diện tích đất dưới 0,5 héc ta"
694fb81aaedc69db48c74463,123/2024/NĐ-CP,Hành vi chuyển đất rừng đặc dụng sang loại đất khác trong nhóm đất nông nghiệp bị xử phạt
694fb81aaedc69db48c74463,123/2024/NĐ-CP,Hành vi chuyển đất rừng phòng hộ sang loại đất khác trong nhóm đất nông nghiệp bị xử phạt
694fb81aaedc69db48c74463,123/2024/NĐ-CP,Hành vi chuyển đất rừng sản xuất sang loại đất khác trong nhóm đất nông nghiệp bị xử phạt
694fb81aaedc69db48c74463,123/2024/NĐ-CP,000
694fb81aaedc69db48c74463,123/2024/NĐ-CP,000 đồng đến 5
694fb81aaedc69db48c74463,123/2024/NĐ-CP,000
694fb81aaedc69db48c74463,123/2024/NĐ-CP,000 đồng
694fb81aaedc69db48c74464,123/2024/NĐ-CP,000
694fb81aaedc69db48c74464,123/2024/NĐ-CP,000 đồng đến 10
694fb81aaedc69db48c74464,123/2024/NĐ-CP,000
694fb81aaedc69db48c74464,123/2024/NĐ-CP,000 đồng đối với diện tích đất từ 01 héc ta đến dưới 02 héc ta
694fb81aaedc69db48c74464,123/2024/NĐ-CP,000
694fb81aaedc69db48c74464,123/2024/NĐ-CP,000 đồng đến 10
694fb81aaedc69db48c74464,123/2024/NĐ-CP,000
694fb81aaedc69db48c74464,123/2024/NĐ-CP,000 đồng đối với diện tích đất từ 01 héc ta đến dưới 02 héc ta
694fb81aaedc69db48c74464,123/2024/NĐ-CP,000
694fb81aaedc69db48c74464,123/2024/NĐ-CP,000 đồng đến 10
694fb81aaedc69db48c74464,123/2024/NĐ-CP,000
694fb81aaedc69db48c74464,123/2024/NĐ-CP,000 đồng đối với diện tích đất từ 01 héc ta đến dưới 02 héc ta
694fb81aaedc69db48c74465,123/2024/NĐ-CP,000
694fb81aaedc69db48c74465,123/2024/NĐ-CP,000 đồng đến 30
694fb81aaedc69db48c74465,123/2024/NĐ-CP,000
694fb81aaedc69db48c74465,123/2024/NĐ-CP,000 đồng đối với diện tích đất từ 02 héc ta trở lên
694fb81aaedc69db48c74465,123/2024/NĐ-CP,000
694fb81aaedc69db48c74465,123/2024/NĐ-CP,000 đồng đến 30
694fb81aaedc69db48c74465,123/2024/NĐ-CP,000
694fb81aaedc69db48c74465,123/2024/NĐ-CP,000 đồng đối với diện tích đất từ 02 héc ta trở lên
694fb81aaedc69db48c74465,123/2024/NĐ-CP,000
694fb81aaedc69db48c74465,123/2024/NĐ-CP,000 đồng đến 30
694fb81aaedc69db48c74465,123/2024/NĐ-CP,000
694fb81aaedc69db48c74465,123/2024/NĐ-CP,000 đồng đối với diện tích đất từ 02 héc ta trở lên
694fb81aaedc69db48c74467,123/2024/NĐ-CP,000
694fb81aaedc69db48c74467,123/2024/NĐ-CP,000 đồng đến 5
694fb81aaedc69db48c74467,123/2024/NĐ-CP,000
694fb81aaedc69db48c74467,123/2024/NĐ-CP,"000 đồng đối với diện tích đất dưới 0,05 héc ta"
694fb81aaedc69db48c74467,123/2024/NĐ-CP,000
694fb81aaedc69db48c74467,123/2024/NĐ-CP,000 đồng đến 5
694fb81aaedc69db48c74467,123/2024/NĐ-CP,000
694fb81aaedc69db48c74467,123/2024/NĐ-CP,"000 đồng đối với diện tích đất dưới 0,05 héc ta"
694fb81aaedc69db48c74467,123/2024/NĐ-CP,000
694fb81aaedc69db48c74467,123/2024/NĐ-CP,000 đồng đến 5
694fb81aaedc69db48c74467,123/2024/NĐ-CP,000
694fb81aaedc69db48c74467,123/2024/NĐ-CP,"000 đồng đối với diện tích đất dưới 0,05 héc ta"
694fb81aaedc69db48c74468,123/2024/NĐ-CP,"Hành vi chuyển đất rừng đặc dụng, đất rừng phòng hộ, đất rừng sản xuất sang đất phi nông nghiệp (không phải là đất ở) thuộc địa giới hành chính của xã bị xử phạt"
694fb81aaedc69db48c74468,123/2024/NĐ-CP,000
694fb81aaedc69db48c74468,123/2024/NĐ-CP,000 đồng đến 10
694fb81aaedc69db48c74468,123/2024/NĐ-CP,000
694fb81aaedc69db48c74468,123/2024/NĐ-CP,"000 đồng đối với diện tích đất từ 0,05 héc ta đến dưới 0,1 héc ta"
694fb81aaedc69db48c74469,123/2024/NĐ-CP,000
694fb81aaedc69db48c74469,123/2024/NĐ-CP,000 đồng đến 20
694fb81aaedc69db48c74469,123/2024/NĐ-CP,000
694fb81aaedc69db48c74469,123/2024/NĐ-CP,"000 đồng đối với diện tích đất từ 0,1 héc ta đến dưới 0,5 héc ta"
694fb81aaedc69db48c74469,123/2024/NĐ-CP,000
694fb81aaedc69db48c74469,123/2024/NĐ-CP,000 đồng đến 20
694fb81aaedc69db48c74469,123/2024/NĐ-CP,000
694fb81aaedc69db48c74469,123/2024/NĐ-CP,"000 đồng đối với diện tích đất từ 0,1 héc ta đến dưới 0,5 héc ta"
694fb81aaedc69db48c74469,123/2024/NĐ-CP,000
694fb81aaedc69db48c74469,123/2024/NĐ-CP,000 đồng đến 20
694fb81aaedc69db48c74469,123/2024/NĐ-CP,000
694fb81aaedc69db48c74469,123/2024/NĐ-CP,"000 đồng đối với diện tích đất từ 0,1 héc ta đến dưới 0,5 héc ta"
694fb81aaedc69db48c7446a,123/2024/NĐ-CP,Hành vi chuyển đất rừng đặc dụng sang đất phi nông nghiệp không phải là đất ở thuộc địa giới hành chính của xã bị xử phạt
694fb81aaedc69db48c7446a,123/2024/NĐ-CP,Hành vi chuyển đất rừng phòng hộ sang đất phi nông nghiệp không phải là đất ở thuộc địa giới hành chính của xã bị xử phạt
694fb81aaedc69db48c7446a,123/2024/NĐ-CP,Hành vi chuyển đất rừng sản xuất sang đất phi nông nghiệp không phải là đất ở thuộc địa giới hành chính của xã bị xử phạt
694fb81aaedc69db48c7446a,123/2024/NĐ-CP,000
694fb81aaedc69db48c7446a,123/2024/NĐ-CP,000 đồng đến 50
694fb81aaedc69db48c7446a,123/2024/NĐ-CP,000
694fb81aaedc69db48c7446a,123/2024/NĐ-CP,000 đồng
694fb81aaedc69db48c7446b,123/2024/NĐ-CP,Hành vi chuyển đất rừng đặc dụng sang đất phi nông nghiệp không phải là đất ở thuộc địa giới hành chính của xã bị xử phạt
694fb81aaedc69db48c7446b,123/2024/NĐ-CP,Hành vi chuyển đất rừng phòng hộ sang đất phi nông nghiệp không phải là đất ở thuộc địa giới hành chính của xã bị xử phạt
694fb81aaedc69db48c7446b,123/2024/NĐ-CP,Hành vi chuyển đất rừng sản xuất sang đất phi nông nghiệp không phải là đất ở thuộc địa giới hành chính của xã bị xử phạt
694fb81aaedc69db48c7446b,123/2024/NĐ-CP,000
694fb81aaedc69db48c7446b,123/2024/NĐ-CP,000 đồng đến 100
694fb81aaedc69db48c7446b,123/2024/NĐ-CP,000
694fb81aaedc69db48c7446b,123/2024/NĐ-CP,000 đồng đối với diện tích đất từ 01 héc ta đến dưới 02 héc ta
694fb81aaedc69db48c7446c,123/2024/NĐ-CP,"Hành vi chuyển đất rừng đặc dụng, đất rừng phòng hộ, đất rừng sản xuất sang đất phi nông nghiệp (không phải là đất ở) thuộc địa giới hành chính của xã bị xử phạt"
694fb81aaedc69db48c7446c,123/2024/NĐ-CP,000
694fb81aaedc69db48c7446c,123/2024/NĐ-CP,000 đồng đến 150
694fb81aaedc69db48c7446c,123/2024/NĐ-CP,000
694fb81aaedc69db48c7446c,123/2024/NĐ-CP,000 đồng đối với diện tích đất từ 02 héc ta trở lên
694fb81aaedc69db48c7446e,123/2024/NĐ-CP,000
694fb81aaedc69db48c7446e,123/2024/NĐ-CP,000 đồng đến 20
694fb81aaedc69db48c7446e,123/2024/NĐ-CP,000
694fb81aaedc69db48c7446e,123/2024/NĐ-CP,"000 đồng đối với diện tích đất từ dưới 0,02 héc ta"
694fb81aaedc69db48c7446e,123/2024/NĐ-CP,000
694fb81aaedc69db48c7446e,123/2024/NĐ-CP,000 đồng đến 20
694fb81aaedc69db48c7446e,123/2024/NĐ-CP,000
694fb81aaedc69db48c7446e,123/2024/NĐ-CP,"000 đồng đối với diện tích đất từ dưới 0,02 héc ta"
694fb81aaedc69db48c7446e,123/2024/NĐ-CP,000
694fb81aaedc69db48c7446e,123/2024/NĐ-CP,000 đồng đến 20
694fb81aaedc69db48c7446e,123/2024/NĐ-CP,000
694fb81aaedc69db48c7446e,123/2024/NĐ-CP,"000 đồng đối với diện tích đất từ dưới 0,02 héc ta"
694fb81aaedc69db48c7446f,123/2024/NĐ-CP,000
694fb81aaedc69db48c7446f,123/2024/NĐ-CP,000 đồng đến 50
694fb81aaedc69db48c7446f,123/2024/NĐ-CP,000
694fb81aaedc69db48c7446f,123/2024/NĐ-CP,"000 đồng đối với diện tích đất từ 0,02 héc ta đến dưới 0,05 héc ta"
694fb81aaedc69db48c7446f,123/2024/NĐ-CP,000
694fb81aaedc69db48c7446f,123/2024/NĐ-CP,000 đồng đến 50
694fb81aaedc69db48c7446f,123/2024/NĐ-CP,000
694fb81aaedc69db48c7446f,123/2024/NĐ-CP,"000 đồng đối với diện tích đất từ 0,02 héc ta đến dưới 0,05 héc ta"
694fb81aaedc69db48c7446f,123/2024/NĐ-CP,000
694fb81aaedc69db48c7446f,123/2024/NĐ-CP,000 đồng đến 50
694fb81aaedc69db48c7446f,123/2024/NĐ-CP,000
694fb81aaedc69db48c7446f,123/2024/NĐ-CP,"000 đồng đối với diện tích đất từ 0,02 héc ta đến dưới 0,05 héc ta"
694fb81aaedc69db48c74470,123/2024/NĐ-CP,000
694fb81aaedc69db48c74470,123/2024/NĐ-CP,000 đồng đến 100
694fb81aaedc69db48c74470,123/2024/NĐ-CP,000
694fb81aaedc69db48c74470,123/2024/NĐ-CP,"000 đồng đối với diện tích đất từ 0,05 héc ta đến dưới 0,1 héc ta"
694fb81aaedc69db48c74470,123/2024/NĐ-CP,000
694fb81aaedc69db48c74470,123/2024/NĐ-CP,000 đồng đến 100
694fb81aaedc69db48c74470,123/2024/NĐ-CP,000
694fb81aaedc69db48c74470,123/2024/NĐ-CP,"000 đồng đối với diện tích đất từ 0,05 héc ta đến dưới 0,1 héc ta"
694fb81aaedc69db48c74470,123/2024/NĐ-CP,000
694fb81aaedc69db48c74470,123/2024/NĐ-CP,000 đồng đến 100
694fb81aaedc69db48c74470,123/2024/NĐ-CP,000
694fb81aaedc69db48c74470,123/2024/NĐ-CP,"000 đồng đối với diện tích đất từ 0,05 héc ta đến dưới 0,1 héc ta"
694fb81aaedc69db48c74471,123/2024/NĐ-CP,000
694fb81aaedc69db48c74471,123/2024/NĐ-CP,000 đồng đến 150
694fb81aaedc69db48c74471,123/2024/NĐ-CP,000
694fb81aaedc69db48c74471,123/2024/NĐ-CP,"000 đồng đối với diện tích đất từ 0,1 héc ta đến dưới 0,5 héc ta"
694fb81aaedc69db48c74471,123/2024/NĐ-CP,000
694fb81aaedc69db48c74471,123/2024/NĐ-CP,000 đồng đến 150
694fb81aaedc69db48c74471,123/2024/NĐ-CP,000
694fb81aaedc69db48c74471,123/2024/NĐ-CP,"000 đồng đối với diện tích đất từ 0,1 héc ta đến dưới 0,5 héc ta"
694fb81aaedc69db48c74471,123/2024/NĐ-CP,000
694fb81aaedc69db48c74471,123/2024/NĐ-CP,000 đồng đến 150
694fb81aaedc69db48c74471,123/2024/NĐ-CP,000
694fb81aaedc69db48c74471,123/2024/NĐ-CP,"000 đồng đối với diện tích đất từ 0,1 héc ta đến dưới 0,5 héc ta"
694fb81aaedc69db48c74472,123/2024/NĐ-CP,Hành vi chuyển đất rừng đặc dụng sang đất ở thuộc địa giới hành chính của xã bị xử phạt
694fb81aaedc69db48c74472,123/2024/NĐ-CP,Hành vi chuyển đất rừng phòng hộ sang đất ở thuộc địa giới hành chính của xã bị xử phạt
694fb81aaedc69db48c74472,123/2024/NĐ-CP,Hành vi chuyển đất rừng sản xuất sang đất ở thuộc địa giới hành chính của xã bị xử phạt
694fb81aaedc69db48c74472,123/2024/NĐ-CP,000
694fb81aaedc69db48c74472,123/2024/NĐ-CP,000 đồng đến 200
694fb81aaedc69db48c74472,123/2024/NĐ-CP,000
694fb81aaedc69db48c74472,123/2024/NĐ-CP,000 đồng
694fb81aaedc69db48c74472,123/2024/NĐ-CP,000
694fb81aaedc69db48c74472,123/2024/NĐ-CP,000 đồng đến 200
694fb81aaedc69db48c74472,123/2024/NĐ-CP,000
694fb81aaedc69db48c74479,123/2024/NĐ-CP,Hành vi chuyển đất nông nghiệp không phải là đất trồng lúa và không phải là đất lâm nghiệp sang đất phi nông nghiệp không phải đất ở thuộc địa giới hành chính của xã bị xử phạt
694fb81aaedc69db48c74479,123/2024/NĐ-CP,000
694fb81aaedc69db48c74479,123/2024/NĐ-CP,000 đồng đến 5
694fb81aaedc69db48c74479,123/2024/NĐ-CP,000
694fb81aaedc69db48c74479,123/2024/NĐ-CP,"000 đồng đối với diện tích đất dưới 0,05 héc ta"
694fb81aaedc69db48c7447a,123/2024/NĐ-CP,Hành vi chuyển đất nông nghiệp không phải là đất trồng lúa sang đất phi nông nghiệp không phải đất ở thuộc địa giới hành chính của xã bị xử phạt
694fb81aaedc69db48c7447a,123/2024/NĐ-CP,Hành vi chuyển đất không phải là đất lâm nghiệp sang đất phi nông nghiệp không phải đất ở thuộc địa giới hành chính của xã bị xử phạt
694fb81aaedc69db48c7447a,123/2024/NĐ-CP,000
694fb81aaedc69db48c7447a,123/2024/NĐ-CP,000 đồng đến 10
694fb81aaedc69db48c7447a,123/2024/NĐ-CP,000
694fb81aaedc69db48c7447a,123/2024/NĐ-CP,000 đồng
694fb81aaedc69db48c7447a,123/2024/NĐ-CP,000
694fb81aaedc69db48c7447a,123/2024/NĐ-CP,000 đồng đến 10
694fb81aaedc69db48c7447a,123/2024/NĐ-CP,000
694fb81aaedc69db48c7447b,123/2024/NĐ-CP,000
694fb81aaedc69db48c7447b,123/2024/NĐ-CP,000 đồng đến 20
694fb81aaedc69db48c7447b,123/2024/NĐ-CP,000
694fb81aaedc69db48c7447b,123/2024/NĐ-CP,"000 đồng đối với diện tích đất từ 0,1 héc ta đến dưới 0,5 héc ta"
694fb81aaedc69db48c7447b,123/2024/NĐ-CP,000
694fb81aaedc69db48c7447b,123/2024/NĐ-CP,000 đồng đến 20
694fb81aaedc69db48c7447b,123/2024/NĐ-CP,000
694fb81aaedc69db48c7447b,123/2024/NĐ-CP,"000 đồng đối với diện tích đất từ 0,1 héc ta đến dưới 0,5 héc ta"
694fb81aaedc69db48c7447c,123/2024/NĐ-CP,"Hành vi chuyển đất nông nghiệp không phải là đất trồng lúa, không phải là đất lâm nghiệp sang đất phi nông nghiệp (không phải đất ở) thuộc địa giới hành chính của xã bị xử phạt"
694fb81aaedc69db48c7447c,123/2024/NĐ-CP,000
694fb81aaedc69db48c7447c,123/2024/NĐ-CP,000 đồng đến 50
694fb81aaedc69db48c7447c,123/2024/NĐ-CP,000
694fb81aaedc69db48c7447c,123/2024/NĐ-CP,000 đồng
694fb81aaedc69db48c7447d,123/2024/NĐ-CP,Hành vi chuyển đất nông nghiệp không phải là đất trồng lúa sang đất phi nông nghiệp không phải đất ở thuộc địa giới hành chính của xã bị xử phạt
694fb81aaedc69db48c7447d,123/2024/NĐ-CP,Hành vi chuyển đất không phải là đất lâm nghiệp sang đất phi nông nghiệp không phải đất ở thuộc địa giới hành chính của xã bị xử phạt
694fb81aaedc69db48c7447d,123/2024/NĐ-CP,Hình thức và mức xử phạt đối với hành vi chuyển đất nông nghiệp không phải là đất trồng lúa và không phải là đất lâm nghiệp sang đất phi nông nghiệp không phải đất ở thuộc địa giới hành chính của xã được quy định
694fb81aaedc69db48c7447d,123/2024/NĐ-CP,000
694fb81aaedc69db48c7447d,123/2024/NĐ-CP,000 đồng đến 100
694fb81aaedc69db48c7447d,123/2024/NĐ-CP,000
694fb81aaedc69db48c7447d,123/2024/NĐ-CP,000 đồng
694fb81aaedc69db48c7447e,123/2024/NĐ-CP,Hành vi chuyển đất nông nghiệp không phải là đất trồng lúa sang đất phi nông nghiệp không phải đất ở thuộc địa giới hành chính của xã bị xử phạt
694fb81aaedc69db48c7447e,123/2024/NĐ-CP,Hành vi chuyển đất nông nghiệp không phải là đất lâm nghiệp sang đất phi nông nghiệp không phải đất ở thuộc địa giới hành chính của xã bị xử phạt
694fb81aaedc69db48c7447e,123/2024/NĐ-CP,000
694fb81aaedc69db48c7447e,123/2024/NĐ-CP,000 đồng đến 150
694fb81aaedc69db48c7447e,123/2024/NĐ-CP,000
694fb81aaedc69db48c7447e,123/2024/NĐ-CP,000 đồng
694fb81aaedc69db48c74480,123/2024/NĐ-CP,000
694fb81aaedc69db48c74480,123/2024/NĐ-CP,000 đồng đến 20
694fb81aaedc69db48c74480,123/2024/NĐ-CP,000
694fb81aaedc69db48c74480,123/2024/NĐ-CP,"000 đồng đối với diện tích đất từ dưới 0,01 héc ta"
694fb81aaedc69db48c74480,123/2024/NĐ-CP,000
694fb81aaedc69db48c74480,123/2024/NĐ-CP,000 đồng đến 20
694fb81aaedc69db48c74480,123/2024/NĐ-CP,000
694fb81aaedc69db48c74480,123/2024/NĐ-CP,"000 đồng đối với diện tích đất từ dưới 0,01 héc ta"
694fb81aaedc69db48c74481,123/2024/NĐ-CP,000
694fb81aaedc69db48c74481,123/2024/NĐ-CP,000 đồng đến 30
694fb81aaedc69db48c74481,123/2024/NĐ-CP,000
694fb81aaedc69db48c74481,123/2024/NĐ-CP,"000 đồng đối với diện tích đất từ 0,01 héc ta đến dưới 0,03 héc ta"
694fb81aaedc69db48c74481,123/2024/NĐ-CP,000
694fb81aaedc69db48c74481,123/2024/NĐ-CP,000 đồng đến 30
694fb81aaedc69db48c74481,123/2024/NĐ-CP,000
694fb81aaedc69db48c74481,123/2024/NĐ-CP,"000 đồng đối với diện tích đất từ 0,01 héc ta đến dưới 0,03 héc ta"
694fb81aaedc69db48c74482,123/2024/NĐ-CP,"Hành vi chuyển đất nông nghiệp không phải là đất trồng lúa, không phải là đất lâm nghiệp sang đất ở thuộc địa giới hành chính của xã bị xử phạt"
694fb81aaedc69db48c74482,123/2024/NĐ-CP,000
694fb81aaedc69db48c74482,123/2024/NĐ-CP,000 đồng đến 50
694fb81aaedc69db48c74482,123/2024/NĐ-CP,000
694fb81aaedc69db48c74482,123/2024/NĐ-CP,000 đồng
694fb81aaedc69db48c74483,123/2024/NĐ-CP,Hành vi chuyển đất nông nghiệp không phải là đất trồng lúa sang đất ở thuộc địa giới hành chính của xã bị xử phạt
694fb81aaedc69db48c74483,123/2024/NĐ-CP,Hành vi chuyển đất nông nghiệp không phải là đất lâm nghiệp sang đất ở thuộc địa giới hành chính của xã bị xử phạt
694fb81aaedc69db48c74483,123/2024/NĐ-CP,000
694fb81aaedc69db48c74483,123/2024/NĐ-CP,000 đồng đến 100
694fb81aaedc69db48c74483,123/2024/NĐ-CP,000
694fb81aaedc69db48c74483,123/2024/NĐ-CP,000 đồng
694fb81aaedc69db48c74484,123/2024/NĐ-CP,"Hành vi chuyển đất nông nghiệp không phải là đất trồng lúa, không phải là đất lâm nghiệp sang đất ở thuộc địa giới hành chính của xã bị xử phạt"
694fb81aaedc69db48c74484,123/2024/NĐ-CP,000
694fb81aaedc69db48c74484,123/2024/NĐ-CP,000 đồng đến 150
694fb81aaedc69db48c74484,123/2024/NĐ-CP,000
694fb81aaedc69db48c74484,123/2024/NĐ-CP,000 đồng
694fb81aaedc69db48c7448b,123/2024/NĐ-CP,Hành vi chuyển các loại đất khác sang đất chăn nuôi tập trung khi thực hiện dự án chăn nuôi tập trung quy mô lớn bị xử phạt
694fb81aaedc69db48c7448b,123/2024/NĐ-CP,000
694fb81aaedc69db48c7448b,123/2024/NĐ-CP,000 đồng đến 50
694fb81aaedc69db48c7448b,123/2024/NĐ-CP,000
694fb81aaedc69db48c7448b,123/2024/NĐ-CP,000 đồng
694fb81aaedc69db48c7448c,123/2024/NĐ-CP,Hành vi chuyển các loại đất khác sang đất chăn nuôi tập trung khi thực hiện dự án chăn nuôi tập trung quy mô lớn bị xử phạt
694fb81aaedc69db48c7448c,123/2024/NĐ-CP,000
694fb81aaedc69db48c7448c,123/2024/NĐ-CP,000 đồng đến 100
694fb81aaedc69db48c7448c,123/2024/NĐ-CP,000
694fb81aaedc69db48c7448c,123/2024/NĐ-CP,000 đồng
694fb81aaedc69db48c74492,123/2024/NĐ-CP,Hành vi chuyển đất phi nông nghiệp được nhà nước giao đất không thu tiền sử dụng đất sang loại đất phi nông nghiệp khác không phải là đất ở được nhà nước giao đất có thu tiền sử dụng đất hoặc cho thuê đất thuộc địa giới hành chính của xã bị xử phạt
694fb81aaedc69db48c74492,123/2024/NĐ-CP,000
694fb81aaedc69db48c74492,123/2024/NĐ-CP,000 đồng đến 20
694fb81aaedc69db48c74492,123/2024/NĐ-CP,000
694fb81aaedc69db48c74492,123/2024/NĐ-CP,"000 đồng đối với diện tích đất dưới 0,1 héc ta"
694fb81aaedc69db48c74493,123/2024/NĐ-CP,Hành vi chuyển đất phi nông nghiệp được nhà nước giao đất không thu tiền sử dụng đất sang loại đất phi nông nghiệp khác không phải là đất ở được nhà nước giao đất có thu tiền sử dụng đất hoặc cho thuê đất thuộc địa giới hành chính của xã bị xử phạt
694fb81aaedc69db48c74493,123/2024/NĐ-CP,Phạt tiền từ 20
694fb81aaedc69db48c74493,123/2024/NĐ-CP,000
694fb81aaedc69db48c74493,123/2024/NĐ-CP,000 đồng đến 50
694fb81aaedc69db48c74493,123/2024/NĐ-CP,000
694fb81aaedc69db48c74493,123/2024/NĐ-CP,"000 đồng đối với diện tích đất từ 0,1 héc ta đến dưới 0,5 héc ta"
694fb81aaedc69db48c74494,123/2024/NĐ-CP,Hành vi chuyển đất phi nông nghiệp được nhà nước giao đất không thu tiền sử dụng đất sang loại đất phi nông nghiệp khác không phải là đất ở được nhà nước giao đất có thu tiền sử dụng đất hoặc cho thuê đất thuộc địa giới hành chính của xã bị xử phạt
694fb81aaedc69db48c74494,123/2024/NĐ-CP,000
694fb81aaedc69db48c74494,123/2024/NĐ-CP,000 đồng đến 100
694fb81aaedc69db48c74494,123/2024/NĐ-CP,000
694fb81aaedc69db48c74494,123/2024/NĐ-CP,"000 đồng đối với diện tích đất từ 0,5 héc ta đến dưới 01 héc ta"
694fb81aaedc69db48c74495,123/2024/NĐ-CP,Hành vi chuyển đất phi nông nghiệp được nhà nước giao đất không thu tiền sử dụng đất sang loại đất phi nông nghiệp khác (không phải là đất ở) được nhà nước giao đất có thu tiền sử dụng đất hoặc cho thuê đất thuộc địa giới hành chính của xã bị xử phạt
694fb81aaedc69db48c74495,123/2024/NĐ-CP,000
694fb81aaedc69db48c74495,123/2024/NĐ-CP,000 đồng đến 150
694fb81aaedc69db48c74495,123/2024/NĐ-CP,000
694fb81aaedc69db48c74495,123/2024/NĐ-CP,000 đồng
694fb81aaedc69db48c74496,123/2024/NĐ-CP,Hành vi chuyển đất phi nông nghiệp được nhà nước giao đất không thu tiền sử dụng đất sang loại đất phi nông nghiệp khác không phải là đất ở được nhà nước giao đất có thu tiền sử dụng đất hoặc cho thuê đất thuộc địa giới hành chính của xã bị xử phạt
694fb81aaedc69db48c74496,123/2024/NĐ-CP,000
694fb81aaedc69db48c74496,123/2024/NĐ-CP,000 đồng đến 200
694fb81aaedc69db48c74496,123/2024/NĐ-CP,000
694fb81aaedc69db48c74496,123/2024/NĐ-CP,000 đồng
694fb81aaedc69db48c74498,123/2024/NĐ-CP,Hành vi chuyển đất phi nông nghiệp không phải là đất ở thuộc địa giới hành chính của xã bị xử phạt
694fb81aaedc69db48c74498,123/2024/NĐ-CP,000
694fb81aaedc69db48c74498,123/2024/NĐ-CP,000 đồng đến 20
694fb81aaedc69db48c74498,123/2024/NĐ-CP,000
694fb81aaedc69db48c74498,123/2024/NĐ-CP,000 đồng
694fb81aaedc69db48c74499,123/2024/NĐ-CP,Hành vi chuyển đất phi nông nghiệp không phải là đất ở thuộc địa giới hành chính của xã bị xử phạt
694fb81aaedc69db48c74499,123/2024/NĐ-CP,000
694fb81aaedc69db48c74499,123/2024/NĐ-CP,000 đồng đến 50
694fb81aaedc69db48c74499,123/2024/NĐ-CP,000
694fb81aaedc69db48c74499,123/2024/NĐ-CP,000 đồng
694fb81aaedc69db48c7449a,123/2024/NĐ-CP,000
694fb81aaedc69db48c7449a,123/2024/NĐ-CP,000 đồng đến 100
694fb81aaedc69db48c7449a,123/2024/NĐ-CP,000
694fb81aaedc69db48c7449a,123/2024/NĐ-CP,000 đồng
694fb81aaedc69db48c7449b,123/2024/NĐ-CP,000
694fb81aaedc69db48c7449b,123/2024/NĐ-CP,000 đồng đến 150
694fb81aaedc69db48c7449b,123/2024/NĐ-CP,000
694fb81aaedc69db48c7449b,123/2024/NĐ-CP,000 đồng
694fb81aaedc69db48c7449c,123/2024/NĐ-CP,000
694fb81aaedc69db48c7449c,123/2024/NĐ-CP,000 đồng đến 200
694fb81aaedc69db48c7449c,123/2024/NĐ-CP,000
694fb81aaedc69db48c7449c,123/2024/NĐ-CP,"000 đồng đối với diện tích đất từ 0,5 héc ta trở lên"
694fb81aaedc69db48c7449e,123/2024/NĐ-CP,"Hành vi chuyển đất xây dựng công trình sự nghiệp sang đất sản xuất, kinh doanh phi nông nghiệp thuộc địa giới hành chính của xã bị xử phạt"
694fb81aaedc69db48c7449e,123/2024/NĐ-CP,"Hành vi chuyển đất sử dụng vào mục đích công cộng có mục đích kinh doanh sang đất sản xuất, kinh doanh phi nông nghiệp thuộc địa giới hành chính của xã bị xử phạt"
694fb81aaedc69db48c7449e,123/2024/NĐ-CP,000
694fb81aaedc69db48c7449e,123/2024/NĐ-CP,000 đồng đến 10
694fb81aaedc69db48c7449e,123/2024/NĐ-CP,000
694fb81aaedc69db48c7449e,123/2024/NĐ-CP,"000 đồng đối với diện tích đất dưới 0,05 héc ta"
694fb81aaedc69db48c7449f,123/2024/NĐ-CP,"Hành vi chuyển đất xây dựng công trình sự nghiệp, đất sử dụng vào mục đích công cộng có mục đích kinh doanh sang đất sản xuất, kinh doanh phi nông nghiệp thuộc địa giới hành chính của xã bị xử phạt"
694fb81aaedc69db48c7449f,123/2024/NĐ-CP,000
694fb81aaedc69db48c7449f,123/2024/NĐ-CP,000 đồng đến 30
694fb81aaedc69db48c7449f,123/2024/NĐ-CP,000
694fb81aaedc69db48c7449f,123/2024/NĐ-CP,"000 đồng đối với diện tích đất từ 0,05 héc ta đến dưới 0,1 héc ta"
694fb81aaedc69db48c744a0,123/2024/NĐ-CP,"Hành vi chuyển đất xây dựng công trình sự nghiệp, đất sử dụng vào mục đích công cộng có mục đích kinh doanh sang đất sản xuất, kinh doanh phi nông nghiệp thuộc địa giới hành chính của xã bị xử phạt"
694fb81aaedc69db48c744a0,123/2024/NĐ-CP,000
694fb81aaedc69db48c744a0,123/2024/NĐ-CP,000 đồng đến 50
694fb81aaedc69db48c744a0,123/2024/NĐ-CP,000
694fb81aaedc69db48c744a0,123/2024/NĐ-CP,000 đồng
694fb81aaedc69db48c744a1,123/2024/NĐ-CP,"Hành vi chuyển đất xây dựng công trình sự nghiệp, đất sử dụng vào mục đích công cộng có mục đích kinh doanh sang đất sản xuất, kinh doanh phi nông nghiệp thuộc địa giới hành chính của xã bị xử phạt"
694fb81aaedc69db48c744a1,123/2024/NĐ-CP,000
694fb81aaedc69db48c744a1,123/2024/NĐ-CP,000 đồng đến 100
694fb81aaedc69db48c744a1,123/2024/NĐ-CP,000
694fb81aaedc69db48c744a1,123/2024/NĐ-CP,000 đồng
694fb81aaedc69db48c744a2,123/2024/NĐ-CP,"Hành vi chuyển đất xây dựng công trình sự nghiệp sang đất sản xuất, kinh doanh phi nông nghiệp thuộc địa giới hành chính của xã bị xử phạt"
694fb81aaedc69db48c744a2,123/2024/NĐ-CP,"Hành vi chuyển đất sử dụng vào mục đích công cộng có mục đích kinh doanh sang đất sản xuất, kinh doanh phi nông nghiệp thuộc địa giới hành chính của xã bị xử phạt"
694fb81aaedc69db48c744a2,123/2024/NĐ-CP,000
694fb81aaedc69db48c744a2,123/2024/NĐ-CP,000 đồng đến 150
694fb81aaedc69db48c744a2,123/2024/NĐ-CP,000
694fb81aaedc69db48c744a2,123/2024/NĐ-CP,000 đồng đối với diện tích đất từ 01 héc ta đến dưới 02 héc ta
694fb81aaedc69db48c744a3,123/2024/NĐ-CP,000
694fb81aaedc69db48c744a3,123/2024/NĐ-CP,000 đồng đến 200
694fb81aaedc69db48c744a3,123/2024/NĐ-CP,000
694fb81aaedc69db48c744a3,123/2024/NĐ-CP,000 đồng đối với diện tích đất từ 02 héc ta trở lên
694fb81aaedc69db48c744a5,123/2024/NĐ-CP,"Hành vi chuyển đất sản xuất, kinh doanh phi nông nghiệp không phải đất thương mại, dịch vụ sang đất thương mại, dịch vụ thuộc địa giới hành chính của xã bị xử phạt"
694fb81aaedc69db48c744a5,123/2024/NĐ-CP,000
694fb81aaedc69db48c744a5,123/2024/NĐ-CP,000 đồng đến 20
694fb81aaedc69db48c744a5,123/2024/NĐ-CP,000
694fb81aaedc69db48c744a5,123/2024/NĐ-CP,000 đồng
694fb81aaedc69db48c744a6,123/2024/NĐ-CP,"Hành vi chuyển đất sản xuất, kinh doanh phi nông nghiệp không phải đất thương mại, dịch vụ sang đất thương mại, dịch vụ thuộc địa giới hành chính của xã bị xử phạt"
694fb81aaedc69db48c744a6,123/2024/NĐ-CP,000
694fb81aaedc69db48c744a6,123/2024/NĐ-CP,000 đồng đến 50
694fb81aaedc69db48c744a6,123/2024/NĐ-CP,000
694fb81aaedc69db48c744a6,123/2024/NĐ-CP,000 đồng
694fb81aaedc69db48c744a7,123/2024/NĐ-CP,"Hành vi chuyển đất sản xuất, kinh doanh phi nông nghiệp không phải đất thương mại, dịch vụ sang đất thương mại, dịch vụ thuộc địa giới hành chính của xã bị xử phạt"
694fb81aaedc69db48c744a7,123/2024/NĐ-CP,000
694fb81aaedc69db48c744a7,123/2024/NĐ-CP,000 đồng đến 100
694fb81aaedc69db48c744a7,123/2024/NĐ-CP,000
694fb81aaedc69db48c744a7,123/2024/NĐ-CP,000 đồng
694fb81aaedc69db48c744a8,123/2024/NĐ-CP,"Hành vi chuyển đất sản xuất, kinh doanh phi nông nghiệp không phải đất thương mại, dịch vụ sang đất thương mại, dịch vụ thuộc địa giới hành chính của xã bị xử phạt"
694fb81aaedc69db48c744a8,123/2024/NĐ-CP,000
694fb81aaedc69db48c744a8,123/2024/NĐ-CP,000 đồng đến 150
694fb81aaedc69db48c744a8,123/2024/NĐ-CP,000
694fb81aaedc69db48c744a8,123/2024/NĐ-CP,000 đồng đối với diện tích đất từ 01 héc ta đến dưới 02 héc ta
694fb81aaedc69db48c744a9,123/2024/NĐ-CP,"Hành vi chuyển đất sản xuất, kinh doanh phi nông nghiệp không phải đất thương mại, dịch vụ sang đất thương mại, dịch vụ thuộc địa giới hành chính của xã bị xử phạt"
694fb81aaedc69db48c744a9,123/2024/NĐ-CP,000
694fb81aaedc69db48c744a9,123/2024/NĐ-CP,000 đồng đến 200
694fb81aaedc69db48c744a9,123/2024/NĐ-CP,000
694fb81aaedc69db48c744a9,123/2024/NĐ-CP,000 đồng
694fb81aaedc69db48c744b0,123/2024/NĐ-CP,000
694fb81aaedc69db48c744b0,123/2024/NĐ-CP,000 đồng đến 5
694fb81aaedc69db48c744b0,123/2024/NĐ-CP,000
694fb81aaedc69db48c744b0,123/2024/NĐ-CP,"000 đồng đối với diện tích dưới 0,02 héc ta"
694fb81aaedc69db48c744b1,123/2024/NĐ-CP,000
694fb81aaedc69db48c744b1,123/2024/NĐ-CP,000 đồng đến 10
694fb81aaedc69db48c744b1,123/2024/NĐ-CP,000
694fb81aaedc69db48c744b1,123/2024/NĐ-CP,"000 đồng đối với diện tích từ 0,02 héc ta đến dưới 0,05 héc ta"
694fb81aaedc69db48c744b2,123/2024/NĐ-CP,000
694fb81aaedc69db48c744b2,123/2024/NĐ-CP,000 đồng đến 20
694fb81aaedc69db48c744b2,123/2024/NĐ-CP,000
694fb81aaedc69db48c744b2,123/2024/NĐ-CP,"000 đồng đối với diện tích từ 0,05 héc ta đến dưới 0,1 héc ta"
694fb81aaedc69db48c744b3,123/2024/NĐ-CP,000
694fb81aaedc69db48c744b3,123/2024/NĐ-CP,000 đồng đến 50
694fb81aaedc69db48c744b3,123/2024/NĐ-CP,000
694fb81aaedc69db48c744b3,123/2024/NĐ-CP,"000 đồng đối với diện tích từ 0,1 héc ta đến dưới 0,5 héc ta"
694fb81aaedc69db48c744b4,123/2024/NĐ-CP,Phạt tiền từ 50
694fb81aaedc69db48c744b4,123/2024/NĐ-CP,000
694fb81aaedc69db48c744b4,123/2024/NĐ-CP,000 đồng đến 100
694fb81aaedc69db48c744b4,123/2024/NĐ-CP,000
694fb81aaedc69db48c744b4,123/2024/NĐ-CP,"000 đồng đối với diện tích từ 0,5 héc ta đến dưới 01 héc ta"
694fb81aaedc69db48c744b5,123/2024/NĐ-CP,000
694fb81aaedc69db48c744b5,123/2024/NĐ-CP,000 đồng đến 150
694fb81aaedc69db48c744b5,123/2024/NĐ-CP,000
694fb81aaedc69db48c744b5,123/2024/NĐ-CP,000 đồng đối với diện tích từ 01 héc ta đến dưới 02 héc ta
694fb81aaedc69db48c744b6,123/2024/NĐ-CP,000
694fb81aaedc69db48c744b6,123/2024/NĐ-CP,000 đồng đến 200
694fb81aaedc69db48c744b6,123/2024/NĐ-CP,000
694fb81aaedc69db48c744b6,123/2024/NĐ-CP,000 đồng đối với diện tích từ 02 héc ta trở lên
694fb81aaedc69db48c744b8,123/2024/NĐ-CP,000
694fb81aaedc69db48c744b8,123/2024/NĐ-CP,000 đồng đến 5
694fb81aaedc69db48c744b8,123/2024/NĐ-CP,000
694fb81aaedc69db48c744b8,123/2024/NĐ-CP,000 đồng
694fb81aaedc69db48c744b9,123/2024/NĐ-CP,Phạt tiền từ 5
694fb81aaedc69db48c744b9,123/2024/NĐ-CP,000
694fb81aaedc69db48c744b9,123/2024/NĐ-CP,000 đồng đến 10
694fb81aaedc69db48c744b9,123/2024/NĐ-CP,000
694fb81aaedc69db48c744b9,123/2024/NĐ-CP,000 đồng
694fb81aaedc69db48c744ba,123/2024/NĐ-CP,000
694fb81aaedc69db48c744ba,123/2024/NĐ-CP,000 đồng đến 30
694fb81aaedc69db48c744ba,123/2024/NĐ-CP,000
694fb81aaedc69db48c744ba,123/2024/NĐ-CP,000 đồng
694fb81aaedc69db48c744bb,123/2024/NĐ-CP,000
694fb81aaedc69db48c744bb,123/2024/NĐ-CP,000 đồng đến 50
694fb81aaedc69db48c744bb,123/2024/NĐ-CP,000
694fb81aaedc69db48c744bb,123/2024/NĐ-CP,000 đồng
694fb81aaedc69db48c744bc,123/2024/NĐ-CP,000
694fb81aaedc69db48c744bc,123/2024/NĐ-CP,000 đồng đến 100
694fb81aaedc69db48c744bc,123/2024/NĐ-CP,000
694fb81aaedc69db48c744bc,123/2024/NĐ-CP,000 đồng
694fb81aaedc69db48c744bd,123/2024/NĐ-CP,000
694fb81aaedc69db48c744bd,123/2024/NĐ-CP,000 đồng đến 150
694fb81aaedc69db48c744bd,123/2024/NĐ-CP,000
694fb81aaedc69db48c744bd,123/2024/NĐ-CP,000 đồng
694fb81aaedc69db48c744be,123/2024/NĐ-CP,000
694fb81aaedc69db48c744be,123/2024/NĐ-CP,000 đồng đến 200
694fb81aaedc69db48c744be,123/2024/NĐ-CP,000
694fb81aaedc69db48c744be,123/2024/NĐ-CP,000 đồng
694fb81aaedc69db48c744c0,123/2024/NĐ-CP,000
694fb81aaedc69db48c744c0,123/2024/NĐ-CP,000 đồng đến 10
694fb81aaedc69db48c744c0,123/2024/NĐ-CP,000
694fb81aaedc69db48c744c0,123/2024/NĐ-CP,000 đồng
694fb81aaedc69db48c744c1,123/2024/NĐ-CP,000
694fb81aaedc69db48c744c1,123/2024/NĐ-CP,000 đồng đến 20
694fb81aaedc69db48c744c1,123/2024/NĐ-CP,000
694fb81aaedc69db48c744c1,123/2024/NĐ-CP,000 đồng
694fb81aaedc69db48c744c2,123/2024/NĐ-CP,000
694fb81aaedc69db48c744c2,123/2024/NĐ-CP,000 đồng đến 30
694fb81aaedc69db48c744c2,123/2024/NĐ-CP,000
694fb81aaedc69db48c744c2,123/2024/NĐ-CP,000 đồng
694fb81aaedc69db48c744c3,123/2024/NĐ-CP,000
694fb81aaedc69db48c744c3,123/2024/NĐ-CP,000 đồng đến 50
694fb81aaedc69db48c744c3,123/2024/NĐ-CP,000
694fb81aaedc69db48c744c3,123/2024/NĐ-CP,000 đồng
694fb81aaedc69db48c744c4,123/2024/NĐ-CP,000
694fb81aaedc69db48c744c4,123/2024/NĐ-CP,000 đồng đến 100
694fb81aaedc69db48c744c4,123/2024/NĐ-CP,000
694fb81aaedc69db48c744c4,123/2024/NĐ-CP,000 đồng
694fb81aaedc69db48c744c5,123/2024/NĐ-CP,000
694fb81aaedc69db48c744c5,123/2024/NĐ-CP,000 đồng đến 200
694fb81aaedc69db48c744c5,123/2024/NĐ-CP,000
694fb81aaedc69db48c744c5,123/2024/NĐ-CP,000 đồng
694fb81aaedc69db48c744c7,123/2024/NĐ-CP,000
694fb81aaedc69db48c744c7,123/2024/NĐ-CP,000 đồng đến 10
694fb81aaedc69db48c744c7,123/2024/NĐ-CP,000
694fb81aaedc69db48c744c7,123/2024/NĐ-CP,"000 đồng đối với diện tích dưới 0,02 héc ta"
694fb81aaedc69db48c744c8,123/2024/NĐ-CP,000
694fb81aaedc69db48c744c8,123/2024/NĐ-CP,000 đồng đến 30
694fb81aaedc69db48c744c8,123/2024/NĐ-CP,000
694fb81aaedc69db48c744c8,123/2024/NĐ-CP,000 đồng
694fb81aaedc69db48c744c9,123/2024/NĐ-CP,000
694fb81aaedc69db48c744c9,123/2024/NĐ-CP,000 đồng đến 50
694fb81aaedc69db48c744c9,123/2024/NĐ-CP,000
694fb81aaedc69db48c744c9,123/2024/NĐ-CP,000 đồng
694fb81aaedc69db48c744ca,123/2024/NĐ-CP,000
694fb81aaedc69db48c744ca,123/2024/NĐ-CP,000 đồng đến 100
694fb81aaedc69db48c744ca,123/2024/NĐ-CP,000
694fb81aaedc69db48c744ca,123/2024/NĐ-CP,000 đồng
694fb81aaedc69db48c744cb,123/2024/NĐ-CP,000
694fb81aaedc69db48c744cb,123/2024/NĐ-CP,000 đồng đến 150
694fb81aaedc69db48c744cb,123/2024/NĐ-CP,000
694fb81aaedc69db48c744cb,123/2024/NĐ-CP,"000 đồng đối với diện tích từ 0,5 héc ta đến dưới 01 héc ta"
694fb81aaedc69db48c744cc,123/2024/NĐ-CP,000
694fb81aaedc69db48c744cc,123/2024/NĐ-CP,000 đồng đến 200
694fb81aaedc69db48c744cc,123/2024/NĐ-CP,000
694fb81aaedc69db48c744cc,123/2024/NĐ-CP,000 đồng
694fb81aaedc69db48c744ce,123/2024/NĐ-CP,"Hành vi sử dụng đất mà nhà nước đã có quyết định giao đất, cho thuê đất nhưng người được giao đất, cho thuê đất chưa được bàn giao đất trên thực địa bị xử phạt"
694fb81aaedc69db48c744ce,123/2024/NĐ-CP,000
694fb81aaedc69db48c744ce,123/2024/NĐ-CP,000 đồng đến 30
694fb81aaedc69db48c744ce,123/2024/NĐ-CP,000
694fb81aaedc69db48c744ce,123/2024/NĐ-CP,"000 đồng đối với diện tích dưới 0,05 héc ta"
694fb81aaedc69db48c744cf,123/2024/NĐ-CP,000
694fb81aaedc69db48c744cf,123/2024/NĐ-CP,000 đồng đến 50
694fb81aaedc69db48c744cf,123/2024/NĐ-CP,000
694fb81aaedc69db48c744cf,123/2024/NĐ-CP,000 đồng
694fb81aaedc69db48c744d0,123/2024/NĐ-CP,Mức phạt tiền đối với hành vi này là từ 50
694fb81aaedc69db48c744d0,123/2024/NĐ-CP,000
694fb81aaedc69db48c744d0,123/2024/NĐ-CP,000 đồng đến 100
694fb81aaedc69db48c744d0,123/2024/NĐ-CP,000
694fb81aaedc69db48c744d0,123/2024/NĐ-CP,000 đồng
694fb81aaedc69db48c744d1,123/2024/NĐ-CP,"Hành vi sử dụng đất mà nhà nước đã có quyết định giao đất, cho thuê đất nhưng người được giao đất, cho thuê đất chưa được bàn giao đất trên thực địa bị xử phạt"
694fb81aaedc69db48c744d1,123/2024/NĐ-CP,000
694fb81aaedc69db48c744d1,123/2024/NĐ-CP,000 đồng đến 150
694fb81aaedc69db48c744d1,123/2024/NĐ-CP,000
694fb81aaedc69db48c744d1,123/2024/NĐ-CP,000 đồng
694fb81aaedc69db48c744d2,123/2024/NĐ-CP,"Hành vi sử dụng đất mà Nhà nước đã có quyết định giao đất, cho thuê đất nhưng người được giao đất, cho thuê đất chưa được bàn giao đất trên thực địa bị xử phạt"
694fb81aaedc69db48c744d2,123/2024/NĐ-CP,000
694fb81aaedc69db48c744d2,123/2024/NĐ-CP,000 đồng đến 300
694fb81aaedc69db48c744d2,123/2024/NĐ-CP,000
694fb81aaedc69db48c744d2,123/2024/NĐ-CP,000 đồng đối với diện tích từ 01 héc ta đến dưới 02 héc ta
694fb81aaedc69db48c744d3,123/2024/NĐ-CP,000
694fb81aaedc69db48c744d3,123/2024/NĐ-CP,000 đồng đến 500
694fb81aaedc69db48c744d3,123/2024/NĐ-CP,000
694fb81aaedc69db48c744d3,123/2024/NĐ-CP,000 đồng đối với diện tích từ 02 héc ta trở lên
694fb81aaedc69db48c744d7,123/2024/NĐ-CP,"Trường hợp đủ điều kiện cấp giấy chứng nhận quyền sử dụng đất, quyền sở hữu tài sản gắn liền với đất thì không áp dụng biện pháp đó"
694fb81aaedc69db48c744dc,123/2024/NĐ-CP,000
694fb81aaedc69db48c744dc,123/2024/NĐ-CP,000 đồng đến 5
694fb81aaedc69db48c744dc,123/2024/NĐ-CP,000
694fb81aaedc69db48c744dc,123/2024/NĐ-CP,"000 đồng đối với diện tích đất dưới 0,05 héc ta"
694fb81aaedc69db48c744dd,123/2024/NĐ-CP,"Khi xảy ra hành vi làm suy giảm chất lượng đất, hình thức và mức xử phạt như sau"
694fb81aaedc69db48c744dd,123/2024/NĐ-CP,000
694fb81aaedc69db48c744dd,123/2024/NĐ-CP,000 đồng đến 10
694fb81aaedc69db48c744dd,123/2024/NĐ-CP,000
694fb81aaedc69db48c744dd,123/2024/NĐ-CP,"000 đồng đối với diện tích đất từ 0,05 héc ta đến dưới 0,1 héc ta"
694fb81aaedc69db48c744de,123/2024/NĐ-CP,"Hành vi làm suy giảm chất lượng đất thuộc trường hợp gây bạc màu, gây xói mòn, rửa trôi đất nông nghiệp dẫn đến làm mất hoặc giảm khả năng sử dụng đất đã được xác định"
694fb81aaedc69db48c744de,123/2024/NĐ-CP,000
694fb81aaedc69db48c744de,123/2024/NĐ-CP,000 đồng đến 30
694fb81aaedc69db48c744de,123/2024/NĐ-CP,000
694fb81aaedc69db48c744de,123/2024/NĐ-CP,000 đồng
694fb81aaedc69db48c744df,123/2024/NĐ-CP,000
694fb81aaedc69db48c744df,123/2024/NĐ-CP,000 đồng đến 50
694fb81aaedc69db48c744df,123/2024/NĐ-CP,000
694fb81aaedc69db48c744e0,123/2024/NĐ-CP,Hành vi làm suy giảm chất lượng đất dẫn đến làm mất hoặc giảm khả năng sử dụng đất đã được xác định
694fb81aaedc69db48c744e0,123/2024/NĐ-CP,000
694fb81aaedc69db48c744e0,123/2024/NĐ-CP,000 đồng đến 100
694fb81aaedc69db48c744e0,123/2024/NĐ-CP,000
694fb81aaedc69db48c744e0,123/2024/NĐ-CP,000 đồng
694fb81aaedc69db48c744e2,123/2024/NĐ-CP,000
694fb81aaedc69db48c744e2,123/2024/NĐ-CP,000 đồng đến 10
694fb81aaedc69db48c744e2,123/2024/NĐ-CP,000
694fb81aaedc69db48c744e2,123/2024/NĐ-CP,"000 đồng đối với diện tích đất dưới 0,05 héc ta"
694fb81aaedc69db48c744e3,123/2024/NĐ-CP,000
694fb81aaedc69db48c744e3,123/2024/NĐ-CP,000 đồng đến 20
694fb81aaedc69db48c744e3,123/2024/NĐ-CP,000
694fb81aaedc69db48c744e4,123/2024/NĐ-CP,Mức phạt tiền đối với hành vi làm biến dạng địa hình là từ 20
694fb81aaedc69db48c744e4,123/2024/NĐ-CP,000
694fb81aaedc69db48c744e4,123/2024/NĐ-CP,000 đồng đến 50
694fb81aaedc69db48c744e4,123/2024/NĐ-CP,000
694fb81aaedc69db48c744e4,123/2024/NĐ-CP,000 đồng
694fb81aaedc69db48c744e5,123/2024/NĐ-CP,000
694fb81aaedc69db48c744e5,123/2024/NĐ-CP,000 đồng đến 100
694fb81aaedc69db48c744e5,123/2024/NĐ-CP,000
694fb81aaedc69db48c744e5,123/2024/NĐ-CP,000 đồng
694fb81aaedc69db48c744e6,123/2024/NĐ-CP,000
694fb81aaedc69db48c744e6,123/2024/NĐ-CP,000 đồng đến 200
694fb81aaedc69db48c744e6,123/2024/NĐ-CP,000
694fb81aaedc69db48c744e6,123/2024/NĐ-CP,000 đồng
694fb81aaedc69db48c744f4,123/2024/NĐ-CP,Hành vi chuyển đổi quyền sử dụng đất nông nghiệp mà không đủ điều kiện theo quy định bị xử phạt
694fb81aaedc69db48c744f4,123/2024/NĐ-CP,Phạt tiền từ 2
694fb81aaedc69db48c744f4,123/2024/NĐ-CP,000
694fb81aaedc69db48c744f4,123/2024/NĐ-CP,000 đồng đến 3
694fb81aaedc69db48c744f4,123/2024/NĐ-CP,000
694fb81aaedc69db48c744f5,123/2024/NĐ-CP,Hành vi chuyển đổi quyền sử dụng đất nông nghiệp mà không đủ điều kiện theo quy định bị xử phạt
694fb81aaedc69db48c744f5,123/2024/NĐ-CP,000
694fb81aaedc69db48c744f5,123/2024/NĐ-CP,000 đồng đến 5
694fb81aaedc69db48c744f5,123/2024/NĐ-CP,000
694fb81aaedc69db48c744f5,123/2024/NĐ-CP,000 đồng
694fb81aaedc69db48c744f6,123/2024/NĐ-CP,Hành vi chuyển đổi quyền sử dụng đất nông nghiệp mà không đủ điều kiện theo quy định bị xử phạt
694fb81aaedc69db48c744f6,123/2024/NĐ-CP,000
694fb81aaedc69db48c744f6,123/2024/NĐ-CP,000 đồng đến 10
694fb81aaedc69db48c744f6,123/2024/NĐ-CP,000
694fb81aaedc69db48c744f6,123/2024/NĐ-CP,000 đồng
694fb81aaedc69db48c744f9,123/2024/NĐ-CP,000
694fb81aaedc69db48c744f9,123/2024/NĐ-CP,000 đồng đến 5
694fb81aaedc69db48c744f9,123/2024/NĐ-CP,000
694fb81aaedc69db48c744f9,123/2024/NĐ-CP,000 đồng
694fb81aaedc69db48c744fa,123/2024/NĐ-CP,Phạt tiền từ 20
694fb81aaedc69db48c744fa,123/2024/NĐ-CP,000
694fb81aaedc69db48c744fa,123/2024/NĐ-CP,000 đồng đến 30
694fb81aaedc69db48c744fa,123/2024/NĐ-CP,000
694fb81aaedc69db48c744fa,123/2024/NĐ-CP,000 đồng đối với hành vi cho thuê
694fb81aaedc69db48c744fa,123/2024/NĐ-CP,Phạt tiền từ 20
694fb81aaedc69db48c744fa,123/2024/NĐ-CP,000
694fb81aaedc69db48c744fa,123/2024/NĐ-CP,000 đồng đến 30
694fb81aaedc69db48c744fa,123/2024/NĐ-CP,000
694fb81aaedc69db48c744fa,123/2024/NĐ-CP,000 đồng đối với hành vi cho thuê lại
694fb81aaedc69db48c744fa,123/2024/NĐ-CP,Phạt tiền từ 20
694fb81aaedc69db48c744fa,123/2024/NĐ-CP,000
694fb81aaedc69db48c744fa,123/2024/NĐ-CP,000 đồng đến 30
694fb81aaedc69db48c744fa,123/2024/NĐ-CP,000
694fb81aaedc69db48c744fb,123/2024/NĐ-CP,"Hành vi chuyển nhượng, cho thuê, cho thuê lại, thừa kế, tặng cho quyền sử dụng đất; thế chấp, góp vốn bằng quyền sử dụng đất không đủ một trong các điều kiện theo quy định tại khoản 1 điều 45 luật đất đai thì bị xử phạt"
694fb81aaedc69db48c744fb,123/2024/NĐ-CP,000
694fb81aaedc69db48c744fb,123/2024/NĐ-CP,000 đồng đến 50
694fb81aaedc69db48c744fb,123/2024/NĐ-CP,000
694fb81aaedc69db48c744fb,123/2024/NĐ-CP,000 đồng
694fb81aaedc69db48c74504,123/2024/NĐ-CP,Phạt tiền từ 3
694fb81aaedc69db48c74504,123/2024/NĐ-CP,000
694fb81aaedc69db48c74504,123/2024/NĐ-CP,000 đồng đến 5
694fb81aaedc69db48c74504,123/2024/NĐ-CP,000
694fb81aaedc69db48c74505,123/2024/NĐ-CP,"Hành vi chuyển đổi quyền sử dụng đất đối với đất được nhà nước giao đất hoặc công nhận quyền sử dụng đất theo hình thức giao đất không thu tiền sử dụng đất (trừ trường hợp đất nông nghiệp của hộ gia đình, cá nhân) bị xử phạt"
694fb81aaedc69db48c74505,123/2024/NĐ-CP,"Hành vi thế chấp quyền sử dụng đất đối với đất được nhà nước giao đất hoặc công nhận quyền sử dụng đất theo hình thức giao đất không thu tiền sử dụng đất (trừ trường hợp đất nông nghiệp của hộ gia đình, cá nhân) bị xử phạt"
694fb81aaedc69db48c74505,123/2024/NĐ-CP,Hành vi chuyển đổi quyền sử dụng đất đối với đất được nhà nước cho thuê trả tiền thuê hằng năm bị xử phạt
694fb81aaedc69db48c74505,123/2024/NĐ-CP,Hành vi thế chấp quyền sử dụng đất đối với đất được nhà nước cho thuê trả tiền thuê hằng năm bị xử phạt
694fb81aaedc69db48c74505,123/2024/NĐ-CP,Hành vi chuyển đổi quyền sử dụng đất đối với đất được nhà nước công nhận quyền sử dụng đất theo hình thức giao đất có thu tiền sử dụng đất bị xử phạt
694fb81aaedc69db48c74505,123/2024/NĐ-CP,Hành vi thế chấp quyền sử dụng đất đối với đất được nhà nước công nhận quyền sử dụng đất theo hình thức giao đất có thu tiền sử dụng đất bị xử phạt
694fb81aaedc69db48c74505,123/2024/NĐ-CP,Hành vi chuyển đổi quyền sử dụng đất đối với đất được nhà nước cho thuê đất theo hình thức trả tiền thuê đất một lần cho cả thời gian thuê mà chưa hoàn thành nghĩa vụ tài chính bị xử phạt
694fb81aaedc69db48c74505,123/2024/NĐ-CP,Hành vi thế chấp quyền sử dụng đất đối với đất được nhà nước cho thuê đất theo hình thức trả tiền thuê đất một lần cho cả thời gian thuê mà chưa hoàn thành nghĩa vụ tài chính bị xử phạt
694fb81aaedc69db48c74505,123/2024/NĐ-CP,000
694fb81aaedc69db48c74505,123/2024/NĐ-CP,000 đồng đến 10
694fb81aaedc69db48c74505,123/2024/NĐ-CP,000
694fb81aaedc69db48c74505,123/2024/NĐ-CP,"000 đồng đối với diện tích đất từ 0,05 héc ta đến dưới 0,1 héc ta"
694fb81aaedc69db48c74506,123/2024/NĐ-CP,000
694fb81aaedc69db48c74506,123/2024/NĐ-CP,000 đồng đến 20
694fb81aaedc69db48c74506,123/2024/NĐ-CP,000
694fb81aaedc69db48c74506,123/2024/NĐ-CP,"000 đồng đối với diện tích đất từ 0,1 héc ta đến dưới 0,5 héc ta"
694fb81aaedc69db48c74507,123/2024/NĐ-CP,"Hành vi chuyển đổi quyền sử dụng đất được nhà nước giao đất hoặc công nhận quyền sử dụng đất theo hình thức giao đất không thu tiền sử dụng đất (trừ trường hợp đất nông nghiệp của hộ gia đình, cá nhân) bị xử phạt"
694fb81aaedc69db48c74507,123/2024/NĐ-CP,Hành vi chuyển đổi quyền sử dụng đất được nhà nước cho thuê đất trả tiền thuê hằng năm bị xử phạt
694fb81aaedc69db48c74507,123/2024/NĐ-CP,Hành vi chuyển đổi quyền sử dụng đất được nhà nước công nhận quyền sử dụng đất theo hình thức giao đất có thu tiền sử dụng đất bị xử phạt
694fb81aaedc69db48c74507,123/2024/NĐ-CP,Hành vi chuyển đổi quyền sử dụng đất được nhà nước cho thuê đất theo hình thức trả tiền thuê đất một lần cho cả thời gian thuê mà chưa hoàn thành nghĩa vụ tài chính bị xử phạt
694fb81aaedc69db48c74507,123/2024/NĐ-CP,000
694fb81aaedc69db48c74507,123/2024/NĐ-CP,000 đồng đến 30
694fb81aaedc69db48c74507,123/2024/NĐ-CP,000
694fb81aaedc69db48c74507,123/2024/NĐ-CP,"000 đồng đối với diện tích đất từ 0,5 héc ta đến dưới 01 héc ta"
694fb81aaedc69db48c74508,123/2024/NĐ-CP,000
694fb81aaedc69db48c74508,123/2024/NĐ-CP,000 đồng đến 50
694fb81aaedc69db48c74508,123/2024/NĐ-CP,000
694fb81aaedc69db48c74508,123/2024/NĐ-CP,000 đồng đối với diện tích đất từ 01 héc ta trở lên
694fb81aaedc69db48c7450a,123/2024/NĐ-CP,Hành vi cho thuê quyền sử dụng đất đối với đất được nhà nước cho thuê đất trả tiền thuê hằng năm vi phạm quy định
694fb81aaedc69db48c7450a,123/2024/NĐ-CP,Hành vi cho thuê lại quyền sử dụng đất đối với đất được nhà nước cho thuê đất trả tiền thuê hằng năm vi phạm quy định
694fb81aaedc69db48c7450a,123/2024/NĐ-CP,Hành vi cho thuê quyền sử dụng đất đối với đất được nhà nước công nhận quyền sử dụng đất theo hình thức giao đất có thu tiền sử dụng đất vi phạm quy định
694fb81aaedc69db48c7450a,123/2024/NĐ-CP,Hành vi cho thuê lại quyền sử dụng đất đối với đất được nhà nước công nhận quyền sử dụng đất theo hình thức giao đất có thu tiền sử dụng đất vi phạm quy định
694fb81aaedc69db48c7450a,123/2024/NĐ-CP,Phạt tiền từ 5
694fb81aaedc69db48c7450a,123/2024/NĐ-CP,000
694fb81aaedc69db48c7450a,123/2024/NĐ-CP,000 đồng đến 10
694fb81aaedc69db48c7450a,123/2024/NĐ-CP,000
694fb81aaedc69db48c7450b,123/2024/NĐ-CP,000
694fb81aaedc69db48c7450b,123/2024/NĐ-CP,000 đồng đến 20
694fb81aaedc69db48c7450b,123/2024/NĐ-CP,000
694fb81aaedc69db48c7450b,123/2024/NĐ-CP,"000 đồng đối với diện tích đất từ 0,05 héc ta đến dưới 0,1 héc ta"
694fb81aaedc69db48c7450c,123/2024/NĐ-CP,Hành vi cho thuê quyền sử dụng đất đối với đất được Nhà nước giao đất không thu tiền sử dụng đất bị xử phạt
694fb81aaedc69db48c7450c,123/2024/NĐ-CP,Hành vi cho thuê lại quyền sử dụng đất đối với đất được Nhà nước giao đất không thu tiền sử dụng đất bị xử phạt
694fb81aaedc69db48c7450c,123/2024/NĐ-CP,Hành vi cho thuê quyền sử dụng đất đối với đất được Nhà nước công nhận quyền sử dụng đất theo hình thức giao đất không thu tiền sử dụng đất bị xử phạt
694fb81aaedc69db48c7450c,123/2024/NĐ-CP,Hành vi cho thuê lại quyền sử dụng đất đối với đất được Nhà nước công nhận quyền sử dụng đất theo hình thức giao đất không thu tiền sử dụng đất bị xử phạt
694fb81aaedc69db48c7450c,123/2024/NĐ-CP,Hành vi cho thuê quyền sử dụng đất đối với đất được Nhà nước cho thuê đất trả tiền thuê hằng năm bị xử phạt
694fb81aaedc69db48c7450c,123/2024/NĐ-CP,Hành vi cho thuê lại quyền sử dụng đất đối với đất được Nhà nước cho thuê đất trả tiền thuê hằng năm bị xử phạt
694fb81aaedc69db48c7450c,123/2024/NĐ-CP,Hành vi cho thuê quyền sử dụng đất đối với đất được Nhà nước công nhận quyền sử dụng đất theo hình thức giao đất có thu tiền sử dụng đất bị xử phạt
694fb81aaedc69db48c7450c,123/2024/NĐ-CP,Hành vi cho thuê lại quyền sử dụng đất đối với đất được Nhà nước công nhận quyền sử dụng đất theo hình thức giao đất có thu tiền sử dụng đất bị xử phạt
694fb81aaedc69db48c7450c,123/2024/NĐ-CP,Hành vi cho thuê quyền sử dụng đất theo hình thức trả tiền thuê đất một lần cho cả thời gian thuê mà chưa hoàn thành nghĩa vụ tài chính bị xử phạt
694fb81aaedc69db48c7450c,123/2024/NĐ-CP,Hành vi cho thuê lại quyền sử dụng đất theo hình thức trả tiền thuê đất một lần cho cả thời gian thuê mà chưa hoàn thành nghĩa vụ tài chính bị xử phạt
694fb81aaedc69db48c7450c,123/2024/NĐ-CP,000
694fb81aaedc69db48c7450c,123/2024/NĐ-CP,000 đồng đến 50
694fb81aaedc69db48c7450c,123/2024/NĐ-CP,000
694fb81aaedc69db48c7450c,123/2024/NĐ-CP,000 đồng
694fb81aaedc69db48c7450d,123/2024/NĐ-CP,Hành vi cho thuê quyền sử dụng đất đối với đất được nhà nước giao đất hoặc công nhận quyền sử dụng đất theo hình thức giao đất không thu tiền sử dụng đất bị xử phạt
694fb81aaedc69db48c7450d,123/2024/NĐ-CP,Hành vi cho thuê lại quyền sử dụng đất đối với đất được nhà nước giao đất hoặc công nhận quyền sử dụng đất theo hình thức giao đất không thu tiền sử dụng đất bị xử phạt
694fb81aaedc69db48c7450d,123/2024/NĐ-CP,Hành vi cho thuê quyền sử dụng đất đối với đất được nhà nước cho thuê đất trả tiền thuê hằng năm bị xử phạt
694fb81aaedc69db48c7450d,123/2024/NĐ-CP,Hành vi cho thuê lại quyền sử dụng đất đối với đất được nhà nước cho thuê đất trả tiền thuê hằng năm bị xử phạt
694fb81aaedc69db48c7450d,123/2024/NĐ-CP,Hành vi cho thuê quyền sử dụng đất đối với đất được nhà nước công nhận quyền sử dụng đất theo hình thức giao đất có thu tiền sử dụng đất bị xử phạt
694fb81aaedc69db48c7450d,123/2024/NĐ-CP,Hành vi cho thuê lại quyền sử dụng đất đối với đất được nhà nước công nhận quyền sử dụng đất theo hình thức giao đất có thu tiền sử dụng đất bị xử phạt
694fb81aaedc69db48c7450d,123/2024/NĐ-CP,Hành vi cho thuê quyền sử dụng đất theo hình thức trả tiền thuê đất một lần cho cả thời gian thuê mà chưa hoàn thành nghĩa vụ tài chính bị xử phạt
694fb81aaedc69db48c7450d,123/2024/NĐ-CP,Hành vi cho thuê lại quyền sử dụng đất theo hình thức trả tiền thuê đất một lần cho cả thời gian thuê mà chưa hoàn thành nghĩa vụ tài chính bị xử phạt
694fb81aaedc69db48c7450d,123/2024/NĐ-CP,000
694fb81aaedc69db48c7450d,123/2024/NĐ-CP,000 đồng đến 100
694fb81aaedc69db48c7450d,123/2024/NĐ-CP,000
694fb81aaedc69db48c7450d,123/2024/NĐ-CP,"000 đồng đối với diện tích đất từ 0,5 héc ta đến dưới 1 héc ta"
694fb81aaedc69db48c7450e,123/2024/NĐ-CP,Hành vi cho thuê quyền sử dụng đất đối với đất được nhà nước cho thuê đất trả tiền thuê hằng năm bị xử phạt
694fb81aaedc69db48c7450e,123/2024/NĐ-CP,Hành vi cho thuê lại quyền sử dụng đất đối với đất được nhà nước cho thuê đất trả tiền thuê hằng năm bị xử phạt
694fb81aaedc69db48c7450e,123/2024/NĐ-CP,Hành vi cho thuê quyền sử dụng đất đối với đất được nhà nước công nhận quyền sử dụng đất theo hình thức giao đất có thu tiền sử dụng đất bị xử phạt
694fb81aaedc69db48c7450e,123/2024/NĐ-CP,Hành vi cho thuê lại quyền sử dụng đất đối với đất được nhà nước công nhận quyền sử dụng đất theo hình thức giao đất có thu tiền sử dụng đất bị xử phạt
694fb81aaedc69db48c7450e,123/2024/NĐ-CP,Hành vi cho thuê quyền sử dụng đất đối với đất được nhà nước cho thuê đất theo hình thức trả tiền thuê đất một lần cho cả thời gian thuê mà chưa hoàn thành nghĩa vụ tài chính bị xử phạt
694fb81aaedc69db48c7450e,123/2024/NĐ-CP,Hành vi cho thuê lại quyền sử dụng đất đối với đất được nhà nước cho thuê đất theo hình thức trả tiền thuê đất một lần cho cả thời gian thuê mà chưa hoàn thành nghĩa vụ tài chính bị xử phạt
694fb81aaedc69db48c7450e,123/2024/NĐ-CP,000
694fb81aaedc69db48c7450e,123/2024/NĐ-CP,000 đồng đến 150
694fb81aaedc69db48c7450e,123/2024/NĐ-CP,000
694fb81aaedc69db48c7450e,123/2024/NĐ-CP,000 đồng đối với diện tích đất từ 01 héc ta trở lên
694fb81aaedc69db48c74510,123/2024/NĐ-CP,Hành vi chuyển nhượng quyền sử dụng đất đối với đất được nhà nước giao đất không thu tiền sử dụng đất bị xử phạt
694fb81aaedc69db48c74510,123/2024/NĐ-CP,Hành vi tặng cho quyền sử dụng đất đối với đất được nhà nước giao đất không thu tiền sử dụng đất bị xử phạt
694fb81aaedc69db48c74510,123/2024/NĐ-CP,Hành vi thừa kế quyền sử dụng đất đối với đất được nhà nước giao đất không thu tiền sử dụng đất bị xử phạt
694fb81aaedc69db48c74510,123/2024/NĐ-CP,Hành vi góp vốn bằng quyền sử dụng đất đối với đất được nhà nước giao đất không thu tiền sử dụng đất bị xử phạt
694fb81aaedc69db48c74510,123/2024/NĐ-CP,Hành vi chuyển nhượng quyền sử dụng đất đối với đất được nhà nước công nhận quyền sử dụng đất theo hình thức giao đất có thu tiền sử dụng đất bị xử phạt
694fb81aaedc69db48c74510,123/2024/NĐ-CP,Hành vi chuyển nhượng quyền sử dụng đất đối với đất được nhà nước cho thuê đất theo hình thức trả tiền thuê đất một lần cho cả thời gian thuê mà chưa hoàn thành nghĩa vụ tài chính bị xử phạt
694fb81aaedc69db48c74510,123/2024/NĐ-CP,000
694fb81aaedc69db48c74510,123/2024/NĐ-CP,000 đồng đến 20
694fb81aaedc69db48c74510,123/2024/NĐ-CP,000
694fb81aaedc69db48c74511,123/2024/NĐ-CP,Hành vi chuyển nhượng quyền sử dụng đất được nhà nước giao đất không thu tiền sử dụng đất bị xử phạt
694fb81aaedc69db48c74511,123/2024/NĐ-CP,Hành vi tặng cho quyền sử dụng đất được nhà nước giao đất không thu tiền sử dụng đất bị xử phạt
694fb81aaedc69db48c74511,123/2024/NĐ-CP,Hành vi thừa kế quyền sử dụng đất được nhà nước giao đất không thu tiền sử dụng đất bị xử phạt
694fb81aaedc69db48c74511,123/2024/NĐ-CP,Hành vi góp vốn bằng quyền sử dụng đất được nhà nước giao đất không thu tiền sử dụng đất bị xử phạt
694fb81aaedc69db48c74511,123/2024/NĐ-CP,Đất được nhà nước công nhận quyền sử dụng đất theo hình thức giao đất có thu tiền sử dụng đất bị xử phạt
694fb81aaedc69db48c74511,123/2024/NĐ-CP,Người chưa hoàn thành nghĩa vụ tài chính bị xử phạt
694fb81aaedc69db48c74511,123/2024/NĐ-CP,000
694fb81aaedc69db48c74511,123/2024/NĐ-CP,000 đồng đến 50
694fb81aaedc69db48c74511,123/2024/NĐ-CP,000
694fb81aaedc69db48c74511,123/2024/NĐ-CP,000 đồng
694fb81aaedc69db48c74512,123/2024/NĐ-CP,000
694fb81aaedc69db48c74512,123/2024/NĐ-CP,000 đồng đến 100
694fb81aaedc69db48c74512,123/2024/NĐ-CP,000
694fb81aaedc69db48c74512,123/2024/NĐ-CP,"000 đồng đối với diện tích đất từ 0,1 héc ta đến dưới 0,2 héc ta"
694fb81aaedc69db48c74513,123/2024/NĐ-CP,Đất cho thuê theo hình thức trả tiền thuê đất một lần cho cả thời gian thuê mà chưa hoàn thành nghĩa vụ tài chính thì hình thức và mức xử phạt được áp dụng
694fb81aaedc69db48c74513,123/2024/NĐ-CP,000
694fb81aaedc69db48c74513,123/2024/NĐ-CP,000 đồng đến 150
694fb81aaedc69db48c74513,123/2024/NĐ-CP,000
694fb81aaedc69db48c74513,123/2024/NĐ-CP,000 đồng
694fb81aaedc69db48c74514,123/2024/NĐ-CP,"Hành vi chuyển nhượng, tặng cho, thừa kế, góp vốn bằng quyền sử dụng đất đối với đất được nhà nước giao đất hoặc công nhận quyền sử dụng đất theo hình thức giao đất không thu tiền sử dụng đất (trừ trường hợp đất nông nghiệp của hộ gia đình, cá nhân) bị xử phạt"
694fb81aaedc69db48c74514,123/2024/NĐ-CP,"Hành vi chuyển nhượng, tặng cho, thừa kế, góp vốn bằng quyền sử dụng đất đối với đất được nhà nước công nhận quyền sử dụng đất theo hình thức giao đất có thu tiền sử dụng đất bị xử phạt"
694fb81aaedc69db48c74514,123/2024/NĐ-CP,"Hành vi chuyển nhượng, tặng cho, thừa kế, góp vốn bằng quyền sử dụng đất đối với đất được cho thuê theo hình thức trả tiền thuê đất một lần cho cả thời gian thuê mà chưa hoàn thành nghĩa vụ tài chính bị xử phạt"
694fb81aaedc69db48c74514,123/2024/NĐ-CP,000
694fb81aaedc69db48c74514,123/2024/NĐ-CP,000 đồng đến 200
694fb81aaedc69db48c74514,123/2024/NĐ-CP,000
694fb81aaedc69db48c74514,123/2024/NĐ-CP,"000 đồng đối với diện tích đất từ 0,5 héc ta trở lên"
694fb81aaedc69db48c74516,123/2024/NĐ-CP,000
694fb81aaedc69db48c74516,123/2024/NĐ-CP,000 đồng đến 10
694fb81aaedc69db48c74516,123/2024/NĐ-CP,000
694fb81aaedc69db48c74516,123/2024/NĐ-CP,000 đồng
694fb81aaedc69db48c74517,123/2024/NĐ-CP,"Hành vi chuyển nhượng đối với đất do nhà nước giao đất cho tổ chức kinh tế, tổ chức khác để quản lý bị xử phạt"
694fb81aaedc69db48c74517,123/2024/NĐ-CP,"Hành vi tặng cho đối với đất do nhà nước giao đất cho tổ chức kinh tế, tổ chức khác để quản lý bị xử phạt"
694fb81aaedc69db48c74517,123/2024/NĐ-CP,"Hành vi góp vốn đối với đất do nhà nước giao đất cho tổ chức kinh tế, tổ chức khác để quản lý bị xử phạt"
694fb81aaedc69db48c74517,123/2024/NĐ-CP,"Hành vi cho thuê đối với đất do nhà nước giao đất cho tổ chức kinh tế, tổ chức khác để quản lý bị xử phạt"
694fb81aaedc69db48c74517,123/2024/NĐ-CP,"Hành vi thế chấp đối với đất do nhà nước giao đất cho tổ chức kinh tế, tổ chức khác để quản lý bị xử phạt"
694fb81aaedc69db48c74517,123/2024/NĐ-CP,Phạt tiền từ 10
694fb81aaedc69db48c74517,123/2024/NĐ-CP,000
694fb81aaedc69db48c74517,123/2024/NĐ-CP,000 đồng đến 20
694fb81aaedc69db48c74517,123/2024/NĐ-CP,000
694fb81aaedc69db48c74518,123/2024/NĐ-CP,"Hành vi chuyển nhượng, tặng cho, góp vốn, cho thuê, thế chấp đối với đất do nhà nước giao đất cho tổ chức kinh tế, tổ chức khác để quản lý bị xử phạt"
694fb81aaedc69db48c74518,123/2024/NĐ-CP,000
694fb81aaedc69db48c74518,123/2024/NĐ-CP,000 đồng đến 50
694fb81aaedc69db48c74518,123/2024/NĐ-CP,000
694fb81aaedc69db48c74518,123/2024/NĐ-CP,000 đồng
694fb81aaedc69db48c74519,123/2024/NĐ-CP,000
694fb81aaedc69db48c74519,123/2024/NĐ-CP,000 đồng đến 100
694fb81aaedc69db48c74519,123/2024/NĐ-CP,000
694fb81aaedc69db48c74519,123/2024/NĐ-CP,000 đồng
694fb81aaedc69db48c7451a,123/2024/NĐ-CP,"Hành vi chuyển nhượng, tặng cho, góp vốn, cho thuê, thế chấp đối với đất do nhà nước giao đất cho tổ chức kinh tế, tổ chức khác để quản lý bị xử phạt"
694fb81aaedc69db48c7451a,123/2024/NĐ-CP,000
694fb81aaedc69db48c7451a,123/2024/NĐ-CP,000 đồng đến 200
694fb81aaedc69db48c7451a,123/2024/NĐ-CP,000
694fb81aaedc69db48c7451a,123/2024/NĐ-CP,000 đồng
694fb81aaedc69db48c7451c,123/2024/NĐ-CP,000
694fb81aaedc69db48c7451c,123/2024/NĐ-CP,000 đồng đến 20
694fb81aaedc69db48c7451c,123/2024/NĐ-CP,000
694fb81aaedc69db48c7451c,123/2024/NĐ-CP,"000 đồng đối với diện tích đất dưới 0,05 héc ta"
694fb81aaedc69db48c7451d,123/2024/NĐ-CP,Hành vi tổ chức được nhà nước giao đất có thu tiền sử dụng đất hoặc cho thuê đất trả tiền một lần cho cả thời gian thuê tặng cho quyền sử dụng đất không đúng đối tượng theo quy định tại điểm d khoản 1 điều 33 luật đất đai bị xử phạt
694fb81aaedc69db48c7451d,123/2024/NĐ-CP,000
694fb81aaedc69db48c7451d,123/2024/NĐ-CP,000 đồng đến 50
694fb81aaedc69db48c7451d,123/2024/NĐ-CP,000
694fb81aaedc69db48c7451d,123/2024/NĐ-CP,000 đồng
694fb81aaedc69db48c7451e,123/2024/NĐ-CP,000
694fb81aaedc69db48c7451e,123/2024/NĐ-CP,000 đồng đến 100
694fb81aaedc69db48c7451e,123/2024/NĐ-CP,000
694fb81aaedc69db48c7451e,123/2024/NĐ-CP,"000 đồng đối với diện tích đất từ 0,1 héc ta đến dưới 0,5 héc ta"
694fb81aaedc69db48c7451f,123/2024/NĐ-CP,Hành vi tổ chức được nhà nước giao đất có thu tiền sử dụng đất hoặc cho thuê đất trả tiền một lần cho cả thời gian thuê mà tặng cho quyền sử dụng đất không đúng đối tượng theo quy định tại điểm d khoản 1 điều 33 luật đất đai bị xử phạt
694fb81aaedc69db48c7451f,123/2024/NĐ-CP,000
694fb81aaedc69db48c7451f,123/2024/NĐ-CP,000 đồng đến 150
694fb81aaedc69db48c7451f,123/2024/NĐ-CP,000
694fb81aaedc69db48c7451f,123/2024/NĐ-CP,000 đồng
694fb81aaedc69db48c74520,123/2024/NĐ-CP,Hành vi tổ chức được nhà nước giao đất có thu tiền sử dụng đất hoặc cho thuê đất trả tiền một lần cho cả thời gian thuê mà tặng cho quyền sử dụng đất không đúng đối tượng theo quy định tại điểm d khoản 1 điều 33 luật đất đai bị xử phạt
694fb81aaedc69db48c74520,123/2024/NĐ-CP,000
694fb81aaedc69db48c74520,123/2024/NĐ-CP,000 đồng đến 200
694fb81aaedc69db48c74520,123/2024/NĐ-CP,000
694fb81aaedc69db48c74520,123/2024/NĐ-CP,000 đồng đối với diện tích đất từ 01 héc ta trở lên
694fb81aaedc69db48c74522,123/2024/NĐ-CP,Đơn vị sự nghiệp công lập sử dụng đất mà bán tài sản gắn liền với đất và quyền thuê trong hợp đồng thuê đất thì bị xử phạt
694fb81aaedc69db48c74522,123/2024/NĐ-CP,Đơn vị sự nghiệp công lập sử dụng đất mà góp vốn bằng tài sản gắn liền với đất và quyền thuê trong hợp đồng thuê đất thì bị xử phạt
694fb81aaedc69db48c74522,123/2024/NĐ-CP,000
694fb81aaedc69db48c74522,123/2024/NĐ-CP,000 đồng đến 100
694fb81aaedc69db48c74522,123/2024/NĐ-CP,000
694fb81aaedc69db48c74522,123/2024/NĐ-CP,000 đồng
694fb81aaedc69db48c74523,123/2024/NĐ-CP,000
694fb81aaedc69db48c74523,123/2024/NĐ-CP,000 đồng đến 150
694fb81aaedc69db48c74523,123/2024/NĐ-CP,000
694fb81aaedc69db48c74523,123/2024/NĐ-CP,"000 đồng đối với diện tích đất từ 0,05 héc ta đến dưới 0,1 héc ta"
694fb81aaedc69db48c74524,123/2024/NĐ-CP,000
694fb81aaedc69db48c74524,123/2024/NĐ-CP,000 đồng đến 200
694fb81aaedc69db48c74524,123/2024/NĐ-CP,000
694fb81aaedc69db48c74524,123/2024/NĐ-CP,"000 đồng đối với diện tích đất từ 0,1 héc ta đến dưới 0,5 héc ta"
694fb81aaedc69db48c74525,123/2024/NĐ-CP,Phạt tiền từ 200
694fb81aaedc69db48c74525,123/2024/NĐ-CP,000
694fb81aaedc69db48c74525,123/2024/NĐ-CP,000 đồng đến 250
694fb81aaedc69db48c74525,123/2024/NĐ-CP,000
694fb81aaedc69db48c74525,123/2024/NĐ-CP,"000 đồng đối với diện tích đất từ 0,5 héc ta đến dưới 01 héc ta"
694fb81aaedc69db48c74526,123/2024/NĐ-CP,000
694fb81aaedc69db48c74526,123/2024/NĐ-CP,000 đồng đến 300
694fb81aaedc69db48c74526,123/2024/NĐ-CP,000
694fb81aaedc69db48c74526,123/2024/NĐ-CP,000 đồng đối với diện tích đất từ 01 héc ta trở lên
694fb81aaedc69db48c7452e,123/2024/NĐ-CP,000
694fb81aaedc69db48c7452e,123/2024/NĐ-CP,000 đồng đến 30
694fb81aaedc69db48c7452e,123/2024/NĐ-CP,000
694fb81aaedc69db48c7452e,123/2024/NĐ-CP,000 đồng
694fb81aaedc69db48c7452f,123/2024/NĐ-CP,000
694fb81aaedc69db48c7452f,123/2024/NĐ-CP,000 đồng đến 50
694fb81aaedc69db48c7452f,123/2024/NĐ-CP,000
694fb81aaedc69db48c7452f,123/2024/NĐ-CP,"000 đồng đối với diện tích đất từ 0,5 héc ta đến dưới 1,0 héc ta"
694fb81aaedc69db48c74530,123/2024/NĐ-CP,000
694fb81aaedc69db48c74530,123/2024/NĐ-CP,000 đồng đến 100
694fb81aaedc69db48c74530,123/2024/NĐ-CP,000
694fb81aaedc69db48c74530,123/2024/NĐ-CP,000 đồng
694fb81aaedc69db48c74530,123/2024/NĐ-CP,000
694fb81aaedc69db48c74530,123/2024/NĐ-CP,000 đồng đến 100
694fb81aaedc69db48c74530,123/2024/NĐ-CP,000
694fb81aaedc69db48c74530,123/2024/NĐ-CP,"000 đồng đối với diện tích đất từ 1,0 héc ta đến dưới 3,0 héc ta"
694fb81aaedc69db48c74531,123/2024/NĐ-CP,000
694fb81aaedc69db48c74531,123/2024/NĐ-CP,000 đồng đến 200
694fb81aaedc69db48c74531,123/2024/NĐ-CP,000
694fb81aaedc69db48c74531,123/2024/NĐ-CP,000 đồng đối với diện tích đất từ 03 héc ta trở lên
694fb81aaedc69db48c74538,123/2024/NĐ-CP,"Mức phạt tiền đối với cá nhân, cộng đồng dân cư, người gốc Việt Nam định cư ở nước ngoài là từ 20"
694fb81aaedc69db48c74538,123/2024/NĐ-CP,000
694fb81aaedc69db48c74538,123/2024/NĐ-CP,000 đồng đến 50
694fb81aaedc69db48c74538,123/2024/NĐ-CP,000
694fb81aaedc69db48c74538,123/2024/NĐ-CP,000 đồng
694fb81aaedc69db48c74539,123/2024/NĐ-CP,"Mức phạt tiền đối với tổ chức, tổ chức tôn giáo, tổ chức tôn giáo trực thuộc, tổ chức kinh tế có vốn đầu tư nước ngoài là từ 50"
694fb81aaedc69db48c74539,123/2024/NĐ-CP,000
694fb81aaedc69db48c74539,123/2024/NĐ-CP,000 đồng đến 100
694fb81aaedc69db48c74539,123/2024/NĐ-CP,000
694fb81aaedc69db48c74539,123/2024/NĐ-CP,000 đồng
694fb81aaedc69db48c74548,123/2024/NĐ-CP,000
694fb81aaedc69db48c74548,123/2024/NĐ-CP,000 đồng đến 50
694fb81aaedc69db48c74548,123/2024/NĐ-CP,000
694fb81aaedc69db48c74548,123/2024/NĐ-CP,"000 đồng đối với diện tích đất dưới 0,5 héc ta"
694fb81aaedc69db48c74549,123/2024/NĐ-CP,000
694fb81aaedc69db48c74549,123/2024/NĐ-CP,000 đồng đến 100
694fb81aaedc69db48c74549,123/2024/NĐ-CP,000
694fb81aaedc69db48c7454a,123/2024/NĐ-CP,000
694fb81aaedc69db48c7454a,123/2024/NĐ-CP,000 đồng đến 150
694fb81aaedc69db48c7454a,123/2024/NĐ-CP,000
694fb81aaedc69db48c7454a,123/2024/NĐ-CP,000 đồng
694fb81aaedc69db48c7454b,123/2024/NĐ-CP,Hành vi chủ đầu tư đã được nhà nước cho thuê đất để đầu tư xây dựng kinh doanh kết cấu hạ tầng khu công nghiệp vi phạm quy định
694fb81aaedc69db48c7454b,123/2024/NĐ-CP,000
694fb81aaedc69db48c7454b,123/2024/NĐ-CP,000 đồng đến 200
694fb81aaedc69db48c7454b,123/2024/NĐ-CP,000
694fb81aaedc69db48c7454b,123/2024/NĐ-CP,000 đồng đối với diện tích đất từ 02 héc ta trở lên
694fb81aaedc69db48c7454f,123/2024/NĐ-CP,000
694fb81aaedc69db48c7454f,123/2024/NĐ-CP,000 đồng đến 30
694fb81aaedc69db48c7454f,123/2024/NĐ-CP,000
694fb81aaedc69db48c7454f,123/2024/NĐ-CP,"000 đồng đối với diện tích đất dưới 0,2 héc ta"
694fb81aaedc69db48c74550,123/2024/NĐ-CP,Hành vi nhận quyền sử dụng đất để thực hiện dự án phát triển kinh tế - xã hội mà không đủ điều kiện theo quy định bị xử phạt
694fb81aaedc69db48c74550,123/2024/NĐ-CP,000
694fb81aaedc69db48c74550,123/2024/NĐ-CP,000 đồng đến 50
694fb81aaedc69db48c74550,123/2024/NĐ-CP,000
694fb81aaedc69db48c74550,123/2024/NĐ-CP,"000 đồng đối với diện tích đất từ 0,2 héc ta đến dưới 0,5 héc ta"
694fb81aaedc69db48c74551,123/2024/NĐ-CP,Hành vi nhận quyền sử dụng đất để thực hiện dự án phát triển kinh tế - xã hội mà không đủ điều kiện theo quy định bị xử phạt
694fb81aaedc69db48c74551,123/2024/NĐ-CP,000
694fb81aaedc69db48c74551,123/2024/NĐ-CP,000 đồng đến 100
694fb81aaedc69db48c74551,123/2024/NĐ-CP,000
694fb81aaedc69db48c74551,123/2024/NĐ-CP,"000 đồng đối với diện tích đất từ 0,5 héc ta đến dưới 01 héc ta"
694fb81aaedc69db48c74552,123/2024/NĐ-CP,Hành vi nhận quyền sử dụng đất để thực hiện dự án phát triển kinh tế - xã hội mà không đủ điều kiện theo quy định bị xử phạt
694fb81aaedc69db48c74552,123/2024/NĐ-CP,000
694fb81aaedc69db48c74552,123/2024/NĐ-CP,000 đồng đến 150
694fb81aaedc69db48c74552,123/2024/NĐ-CP,000
694fb81aaedc69db48c74552,123/2024/NĐ-CP,000 đồng
694fb81aaedc69db48c74553,123/2024/NĐ-CP,Hành vi nhận quyền sử dụng đất để thực hiện dự án phát triển kinh tế - xã hội mà không đủ điều kiện theo quy định thì bị xử phạt
694fb81aaedc69db48c74553,123/2024/NĐ-CP,000
694fb81aaedc69db48c74553,123/2024/NĐ-CP,000 đồng đến 200
694fb81aaedc69db48c74553,123/2024/NĐ-CP,000
694fb81aaedc69db48c74553,123/2024/NĐ-CP,000 đồng
694fb81aaedc69db48c74557,123/2024/NĐ-CP,Hành vi không sử dụng đất trồng cây hằng năm và đất nuôi trồng thủy sản trong thời hạn 12 tháng liên tục bị xử phạt
694fb81aaedc69db48c74557,123/2024/NĐ-CP,000
694fb81aaedc69db48c74557,123/2024/NĐ-CP,000 đồng đến 5
694fb81aaedc69db48c74557,123/2024/NĐ-CP,000
694fb81aaedc69db48c74557,123/2024/NĐ-CP,000 đồng
694fb81aaedc69db48c74557,123/2024/NĐ-CP,Phạt tiền từ 2
694fb81aaedc69db48c74557,123/2024/NĐ-CP,000
694fb81aaedc69db48c74557,123/2024/NĐ-CP,000 đồng đến 5
694fb81aaedc69db48c74557,123/2024/NĐ-CP,000
694fb81aaedc69db48c74558,123/2024/NĐ-CP,"Hành vi không sử dụng đất trồng cây hằng năm, đất nuôi trồng thủy sản trong thời hạn 12 tháng liên tục bị xử phạt"
694fb81aaedc69db48c74558,123/2024/NĐ-CP,000
694fb81aaedc69db48c74558,123/2024/NĐ-CP,000 đồng đến 10
694fb81aaedc69db48c74558,123/2024/NĐ-CP,000
694fb81aaedc69db48c74558,123/2024/NĐ-CP,"000 đồng đối với diện tích đất từ 0,5 héc ta đến dưới 01 héc ta"
694fb81aaedc69db48c74559,123/2024/NĐ-CP,"Hành vi không sử dụng đất trồng cây hằng năm, đất nuôi trồng thủy sản trong thời hạn 12 tháng liên tục bị xử phạt"
694fb81aaedc69db48c74559,123/2024/NĐ-CP,000
694fb81aaedc69db48c74559,123/2024/NĐ-CP,000 đồng đến 20
694fb81aaedc69db48c74559,123/2024/NĐ-CP,000
694fb81aaedc69db48c74559,123/2024/NĐ-CP,000 đồng đối với diện tích đất từ 01 héc ta trở lên
694fb81aaedc69db48c7455b,123/2024/NĐ-CP,Hành vi không sử dụng đất trồng cây lâu năm trong thời hạn 18 tháng liên tục bị xử phạt
694fb81aaedc69db48c7455b,123/2024/NĐ-CP,000
694fb81aaedc69db48c7455b,123/2024/NĐ-CP,000 đồng đến 5
694fb81aaedc69db48c7455b,123/2024/NĐ-CP,000
694fb81aaedc69db48c7455b,123/2024/NĐ-CP,000 đồng
694fb81aaedc69db48c7455c,123/2024/NĐ-CP,Hành vi không sử dụng đất trồng cây lâu năm trong thời hạn 18 tháng liên tục bị xử phạt
694fb81aaedc69db48c7455c,123/2024/NĐ-CP,000
694fb81aaedc69db48c7455c,123/2024/NĐ-CP,000 đồng đến 10
694fb81aaedc69db48c7455c,123/2024/NĐ-CP,000
694fb81aaedc69db48c7455c,123/2024/NĐ-CP,000 đồng
694fb81aaedc69db48c7455d,123/2024/NĐ-CP,Hành vi không sử dụng đất trồng cây lâu năm trong thời hạn 18 tháng liên tục bị xử phạt
694fb81aaedc69db48c7455d,123/2024/NĐ-CP,000
694fb81aaedc69db48c7455d,123/2024/NĐ-CP,000 đồng đến 20
694fb81aaedc69db48c7455d,123/2024/NĐ-CP,000
694fb81aaedc69db48c7455d,123/2024/NĐ-CP,000 đồng đối với diện tích đất từ 01 héc ta trở lên
694fb81aaedc69db48c7455f,123/2024/NĐ-CP,Hành vi không sử dụng đất trồng rừng trong thời hạn 24 tháng liên tục bị xử phạt
694fb81aaedc69db48c7455f,123/2024/NĐ-CP,000
694fb81aaedc69db48c7455f,123/2024/NĐ-CP,000 đồng đến 5
694fb81aaedc69db48c7455f,123/2024/NĐ-CP,000
694fb81aaedc69db48c7455f,123/2024/NĐ-CP,"000 đồng đối với diện tích đất dưới 0,5 héc ta"
694fb81aaedc69db48c74560,123/2024/NĐ-CP,Hành vi không sử dụng đất trồng rừng trong thời hạn 24 tháng liên tục bị xử phạt
694fb81aaedc69db48c74560,123/2024/NĐ-CP,000
694fb81aaedc69db48c74560,123/2024/NĐ-CP,000 đồng đến 10
694fb81aaedc69db48c74560,123/2024/NĐ-CP,000
694fb81aaedc69db48c74560,123/2024/NĐ-CP,"000 đồng đối với diện tích đất từ 0,5 héc ta đến dưới 01 héc ta"
694fb81aaedc69db48c74561,123/2024/NĐ-CP,Hành vi không sử dụng đất trồng rừng trong thời hạn 24 tháng liên tục bị xử phạt
694fb81aaedc69db48c74561,123/2024/NĐ-CP,000
694fb81aaedc69db48c74561,123/2024/NĐ-CP,000 đồng đến 20
694fb81aaedc69db48c74561,123/2024/NĐ-CP,000
694fb81aaedc69db48c74561,123/2024/NĐ-CP,000 đồng
694fb81aaedc69db48c74565,123/2024/NĐ-CP,000
694fb81aaedc69db48c74565,123/2024/NĐ-CP,000 đồng đến 20
694fb81aaedc69db48c74565,123/2024/NĐ-CP,000
694fb81aaedc69db48c74565,123/2024/NĐ-CP,"000 đồng đối với diện tích đất dưới 0,5 héc ta"
694fb81aaedc69db48c74566,123/2024/NĐ-CP,000
694fb81aaedc69db48c74566,123/2024/NĐ-CP,000 đồng đến 30
694fb81aaedc69db48c74566,123/2024/NĐ-CP,000
694fb81aaedc69db48c74566,123/2024/NĐ-CP,000 đồng
694fb81aaedc69db48c74567,123/2024/NĐ-CP,000
694fb81aaedc69db48c74567,123/2024/NĐ-CP,000 đồng đến 50
694fb81aaedc69db48c74567,123/2024/NĐ-CP,000
694fb81aaedc69db48c74567,123/2024/NĐ-CP,000 đồng đối với diện tích đất từ 01 héc ta đến dưới 02 héc ta
694fb81aaedc69db48c74568,123/2024/NĐ-CP,000
694fb81aaedc69db48c74568,123/2024/NĐ-CP,000 đồng đến 100
694fb81aaedc69db48c74568,123/2024/NĐ-CP,000
694fb81aaedc69db48c74568,123/2024/NĐ-CP,000 đồng đối với diện tích đất từ 02 héc ta trở lên
694fb81aaedc69db48c7457b,123/2024/NĐ-CP,Phạt tiền từ 20
694fb81aaedc69db48c7457b,123/2024/NĐ-CP,000
694fb81aaedc69db48c7457b,123/2024/NĐ-CP,000 đồng đến 30
694fb81aaedc69db48c7457b,123/2024/NĐ-CP,000
694fb81aaedc69db48c7457c,123/2024/NĐ-CP,Phạt tiền từ 20
694fb81aaedc69db48c7457c,123/2024/NĐ-CP,000
694fb81aaedc69db48c7457c,123/2024/NĐ-CP,000 đồng đến 30
694fb81aaedc69db48c7457c,123/2024/NĐ-CP,000
694fb81aaedc69db48c7457c,123/2024/NĐ-CP,000
694fb81aaedc69db48c7457c,123/2024/NĐ-CP,000 đồng đến 30
694fb81aaedc69db48c7457c,123/2024/NĐ-CP,000
694fb81aaedc69db48c7457c,123/2024/NĐ-CP,000 đồng
694fb81aaedc69db48c7457e,123/2024/NĐ-CP,Phạt tiền từ 30
694fb81aaedc69db48c7457e,123/2024/NĐ-CP,000
694fb81aaedc69db48c7457e,123/2024/NĐ-CP,000 đồng đến 50
694fb81aaedc69db48c7457e,123/2024/NĐ-CP,000
694fb81aaedc69db48c7457e,123/2024/NĐ-CP,Phạt tiền từ 30
694fb81aaedc69db48c7457e,123/2024/NĐ-CP,000
694fb81aaedc69db48c7457e,123/2024/NĐ-CP,000 đồng đến 50
694fb81aaedc69db48c7457e,123/2024/NĐ-CP,000
694fb81aaedc69db48c7457f,123/2024/NĐ-CP,Phạt tiền từ 30
694fb81aaedc69db48c7457f,123/2024/NĐ-CP,000
694fb81aaedc69db48c7457f,123/2024/NĐ-CP,000 đồng đến 50
694fb81aaedc69db48c7457f,123/2024/NĐ-CP,000
694fb81aaedc69db48c7457f,123/2024/NĐ-CP,Phạt tiền từ 30
694fb81aaedc69db48c7457f,123/2024/NĐ-CP,000
694fb81aaedc69db48c7457f,123/2024/NĐ-CP,000 đồng đến 50
694fb81aaedc69db48c7457f,123/2024/NĐ-CP,000
694fb81aaedc69db48c7457f,123/2024/NĐ-CP,Phạt tiền từ 30
694fb81aaedc69db48c7457f,123/2024/NĐ-CP,000
694fb81aaedc69db48c7457f,123/2024/NĐ-CP,000 đồng đến 50
694fb81aaedc69db48c7457f,123/2024/NĐ-CP,000
694fb81aaedc69db48c74581,123/2024/NĐ-CP,000
694fb81aaedc69db48c74581,123/2024/NĐ-CP,000 đồng đến 100
694fb81aaedc69db48c74581,123/2024/NĐ-CP,000
694fb81aaedc69db48c74582,123/2024/NĐ-CP,Phạt tiền từ 50
694fb81aaedc69db48c74582,123/2024/NĐ-CP,000
694fb81aaedc69db48c74582,123/2024/NĐ-CP,000 đồng đến 100
694fb81aaedc69db48c74582,123/2024/NĐ-CP,000
694fb81aaedc69db48c7458d,123/2024/NĐ-CP,000
694fb81aaedc69db48c7458d,123/2024/NĐ-CP,000 đồng
694fb81aaedc69db48c74592,123/2024/NĐ-CP,000
694fb81aaedc69db48c74592,123/2024/NĐ-CP,000 đồng
694fb81aaedc69db48c74598,123/2024/NĐ-CP,000
694fb81aaedc69db48c74598,123/2024/NĐ-CP,000 đồng
694fb81aaedc69db48c7459f,123/2024/NĐ-CP,000
694fb81aaedc69db48c7459f,123/2024/NĐ-CP,000 đồng
694fb81aaedc69db48c7459f,123/2024/NĐ-CP,000
694fb81aaedc69db48c7459f,123/2024/NĐ-CP,000 đồng
694fb81aaedc69db48c7459f,123/2024/NĐ-CP,000
694fb81aaedc69db48c7459f,123/2024/NĐ-CP,000 đồng
694fb81aaedc69db48c745a5,123/2024/NĐ-CP,000
694fb81aaedc69db48c745a5,123/2024/NĐ-CP,000 đồng
694fb81aaedc69db48c745a5,123/2024/NĐ-CP,000
694fb81aaedc69db48c745a5,123/2024/NĐ-CP,000 đồng
694fb81aaedc69db48c745ab,123/2024/NĐ-CP,000
694fb81aaedc69db48c745ab,123/2024/NĐ-CP,000 đồng
694fb81aaedc69db48c745ab,123/2024/NĐ-CP,000
694fb81aaedc69db48c745ab,123/2024/NĐ-CP,000 đồng
694fb81aaedc69db48c745c2,123/2024/NĐ-CP,"Trường hợp hết thời hiệu, thời hạn ban hành quyết định xử phạt vi phạm hành chính theo quy định tại điểm c khoản 1 điều 65 luật xử lý vi phạm hành chính thì không ban hành quyết định xử phạt"
694fb81aaedc69db48c745c2,123/2024/NĐ-CP,"Trường hợp hết thời hiệu, thời hạn ban hành quyết định xử phạt vi phạm hành chính phải ban hành quyết định tịch thu giấy tờ giả đã sử dụng"
694fb81aaedc69db48c745c2,123/2024/NĐ-CP,"Trường hợp hết thời hiệu, thời hạn ban hành quyết định xử phạt vi phạm hành chính phải ban hành quyết định áp dụng biện pháp khắc phục hậu quả (nếu có)"
694fb81aaedc69db48c745f8,115/2024/NĐ-CP,"Nhà đầu tư phải độc lập về pháp lý với nhà thầu tư vấn lập báo cáo nghiên cứu tiền khả thi trong trường hợp pháp luật quản lý ngành, lĩnh vực quy định phải lập báo cáo nghiên cứu tiền khả thi trước khi tổ chức mời quan tâm"
694fb81aaedc69db48c745fc,115/2024/NĐ-CP,Trừ trường hợp dự án do nhà đầu tư đề xuất
694fb81aaedc69db48c7460f,115/2024/NĐ-CP,"Chi phí lập hồ sơ mời quan tâm được tính bằng 0,05% tổng vốn đầu tư nhưng không quá 200"
694fb81aaedc69db48c7460f,115/2024/NĐ-CP,000
694fb81aaedc69db48c7460f,115/2024/NĐ-CP,000 (hai trăm triệu) đồng
694fb81aaedc69db48c7460f,115/2024/NĐ-CP,"Chi phí lập hồ sơ mời thầu được tính bằng 0,05% tổng vốn đầu tư nhưng không quá 200"
694fb81aaedc69db48c7460f,115/2024/NĐ-CP,000
694fb81aaedc69db48c7460f,115/2024/NĐ-CP,000 (hai trăm triệu) đồng
694fb81aaedc69db48c74610,115/2024/NĐ-CP,Kết quả lựa chọn nhà đầu tư không được vượt quá 100
694fb81aaedc69db48c74610,115/2024/NĐ-CP,000
694fb81aaedc69db48c74610,115/2024/NĐ-CP,000 (một trăm triệu) đồng
694fb81aaedc69db48c74611,115/2024/NĐ-CP,Chi phí đánh giá hồ sơ đăng ký thực hiện dự án và hồ sơ dự thầu không được vượt quá 200
694fb81aaedc69db48c74611,115/2024/NĐ-CP,000
694fb81aaedc69db48c74611,115/2024/NĐ-CP,000 đồng
694fb81aaedc69db48c74627,115/2024/NĐ-CP,Quản lý nguồn thu lựa chọn nhà đầu tư áp dụng đối với đấu thầu quốc tế
694fb81aaedc69db48c74627,115/2024/NĐ-CP,Giá bán của một bộ hồ sơ mời thầu bản điện tử không được vượt quá 30
694fb81aaedc69db48c74627,115/2024/NĐ-CP,000
694fb81aaedc69db48c74627,115/2024/NĐ-CP,000 (ba mươi triệu) đồng
694fb81aaedc69db48c74639,115/2024/NĐ-CP,"Đối với dự án áp dụng hình thức đấu thầu rộng rãi quy định tại khoản 1 điều 35 của luật đấu thầu, phải chuẩn bị đấu thầu lựa chọn nhà đầu tư"
694fb81aaedc69db48c74639,115/2024/NĐ-CP,"Đối với dự án áp dụng hình thức đấu thầu hạn chế theo phương thức một giai đoạn một túi hồ sơ quy định tại khoản 1 điều 35 của luật đấu thầu, phải chuẩn bị đấu thầu lựa chọn nhà đầu tư"
694fb81aaedc69db48c7463a,115/2024/NĐ-CP,"Đối với dự án áp dụng hình thức đấu thầu rộng rãi, tổ chức đấu thầu lựa chọn nhà đầu tư"
694fb81aaedc69db48c7463a,115/2024/NĐ-CP,"Đối với dự án áp dụng hình thức đấu thầu hạn chế theo phương thức một giai đoạn một túi hồ sơ quy định tại khoản 1 điều 35 của luật đấu thầu, tổ chức đấu thầu lựa chọn nhà đầu tư"
694fb81aaedc69db48c7463c,115/2024/NĐ-CP,"Đối với dự án áp dụng hình thức đấu thầu hạn chế theo phương thức một giai đoạn một túi hồ sơ quy định tại khoản 1 điều 35 của Luật Đấu thầu, phải thẩm định kết quả lựa chọn nhà đầu tư"
694fb81aaedc69db48c7463c,115/2024/NĐ-CP,"Đối với dự án áp dụng hình thức đấu thầu hạn chế theo phương thức một giai đoạn một túi hồ sơ quy định tại khoản 1 điều 35 của Luật Đấu thầu, phải công khai kết quả lựa chọn nhà đầu tư"
694fb81aaedc69db48c74645,115/2024/NĐ-CP,Các bước trong phương thức này gồm đàm phán
694fb81aaedc69db48c74648,115/2024/NĐ-CP,"Đối với dự án có yêu cầu đặc thù phát triển kinh tế, xã hội của ngành, vùng, địa phương nhưng chưa xác định được cụ thể tiêu chuẩn về kỹ thuật, xã hội, môi trường, áp dụng hình thức đấu thầu rộng rãi theo phương thức hai giai đoạn một túi hồ sơ"
694fb81aaedc69db48c74649,115/2024/NĐ-CP,"Đối với dự án có yêu cầu đặc thù phát triển kinh tế, xã hội của ngành, vùng, địa phương nhưng chưa xác định được cụ thể tiêu chuẩn về kỹ thuật, xã hội, môi trường, áp dụng hình thức đấu thầu rộng rãi theo phương thức hai giai đoạn một túi hồ sơ quy định tại khoản 3 điều 35 của luật đấu thầu"
694fb81aaedc69db48c7464a,115/2024/NĐ-CP,"Đối với dự án có yêu cầu đặc thù phát triển kinh tế, xã hội của ngành, vùng, địa phương nhưng chưa xác định được cụ thể tiêu chuẩn về kỹ thuật, xã hội, môi trường, áp dụng hình thức đấu thầu rộng rãi theo phương thức hai giai đoạn một túi hồ sơ"
694fb81aaedc69db48c7464c,115/2024/NĐ-CP,"Đối với dự án có yêu cầu đặc thù phát triển kinh tế, xã hội của ngành, vùng, địa phương nhưng chưa xác định được cụ thể tiêu chuẩn về kỹ thuật, xã hội, môi trường, phải áp dụng hình thức đấu thầu rộng rãi theo phương thức hai giai đoạn một túi hồ sơ quy định tại khoản 3 điều 35 của Luật đấu thầu"
694fb81aaedc69db48c7464d,115/2024/NĐ-CP,"Đối với dự án có yêu cầu đặc thù phát triển kinh tế, xã hội của ngành, vùng, địa phương nhưng chưa xác định được cụ thể tiêu chuẩn về kỹ thuật, xã hội, môi trường, phải áp dụng hình thức đấu thầu rộng rãi theo phương thức hai giai đoạn một túi hồ sơ quy định tại khoản 3 điều 35 của luật đấu thầu"
694fb81aaedc69db48c74650,115/2024/NĐ-CP,"Đối với dự án phải xác định số lượng nhà đầu tư quan tâm quy định tại khoản 2 điều 46 của luật đấu thầu và các điểm e, g, h, i và k khoản 2 điều 4 của nghị định này, cơ quan có thẩm quyền mời quan tâm"
694fb81aaedc69db48c7465e,115/2024/NĐ-CP,"Nhà đầu tư không được đề xuất thực hiện dự án trong trường hợp pháp luật quản lý ngành, lĩnh vực quy định như vậy"
694fb81aaedc69db48c74661,115/2024/NĐ-CP,Nội dung hồ sơ đề xuất dự án thực hiện theo quy định
694fb81aaedc69db48c74661,115/2024/NĐ-CP,Trình tự lập hồ sơ đề xuất dự án thực hiện theo quy định
694fb81aaedc69db48c74661,115/2024/NĐ-CP,Thủ tục lập hồ sơ đề xuất dự án thực hiện theo quy định
694fb81aaedc69db48c74661,115/2024/NĐ-CP,Phê duyệt thông tin dự án thực hiện theo quy định
694fb81aaedc69db48c7466c,115/2024/NĐ-CP,000
694fb81aaedc69db48c7466c,115/2024/NĐ-CP,Các quy hoạch chi tiết hoặc quy hoạch phân khu tỷ lệ 1/2
694fb81aaedc69db48c7466c,115/2024/NĐ-CP,000 được cơ quan có thẩm quyền phê duyệt
694fb81aaedc69db48c74684,115/2024/NĐ-CP,Thông báo mời thầu phải được đăng tải trên trang thông tin điện tử của Ủy ban nhân dân cấp tỉnh (nếu có)
694fb81aaedc69db48c74688,115/2024/NĐ-CP,"Đối với đấu thầu hạn chế trong nước, hồ sơ mời thầu được phát hành miễn phí"
694fb81aaedc69db48c746b8,115/2024/NĐ-CP,Đơn dự thầu được đại diện hợp pháp của nhà đầu tư ký tên
694fb81aaedc69db48c746b8,115/2024/NĐ-CP,"Các đơn dự thầu của nhà đầu tư liên danh được ký tên, đóng dấu (nếu có)"
694fb81aaedc69db48c746b9,115/2024/NĐ-CP,Giá trị ghi trong đơn dự thầu phải cụ thể
694fb81aaedc69db48c746bb,115/2024/NĐ-CP,Hồ sơ dự thầu của nhà đầu tư được đánh giá là hợp lệ
694fb81aaedc69db48c746d4,115/2024/NĐ-CP,Đơn dự thầu được đại diện hợp pháp của nhà đầu tư ký tên
694fb81aaedc69db48c746d8,115/2024/NĐ-CP,Hồ sơ đề xuất về kỹ thuật được đánh giá là hợp lệ
694fb81aaedc69db48c746de,115/2024/NĐ-CP,Nguyên tắc đánh giá hồ sơ đề xuất về kỹ thuật thực hiện theo quy định tại
694fb81aaedc69db48c746df,115/2024/NĐ-CP,Hồ sơ đề xuất về kỹ thuật hợp lệ được xem xét
694fb81aaedc69db48c74718,115/2024/NĐ-CP,Những nội dung này chưa rõ hoặc còn khác nhau
694fb81aaedc69db48c74718,115/2024/NĐ-CP,"Nội dung chưa phù hợp, thống nhất giữa hồ sơ mời thầu và hồ sơ dự thầu có thể dẫn đến tranh chấp"
694fb81aaedc69db48c74735,115/2024/NĐ-CP,Hồ sơ mời thầu giai đoạn một được lập
694fb81aaedc69db48c74796,115/2024/NĐ-CP,Điểm tổng hợp bảo đảm tổng tỷ trọng là 100%
694fb81aaedc69db48c74797,115/2024/NĐ-CP,Điểm tổng hợp bảo đảm tổng tỷ trọng là 100%
694fb81aaedc69db48c7479a,115/2024/NĐ-CP,Điểm tổng hợp bảo đảm tổng tỷ trọng là 100%
694fb81aaedc69db48c7479b,115/2024/NĐ-CP,Điểm tổng hợp bảo đảm tổng tỷ trọng là 100%
694fb81aaedc69db48c7479b,115/2024/NĐ-CP,Không áp dụng dự án quy định tại khoản 4 và khoản 7 điều này
694fb81aaedc69db48c7479c,115/2024/NĐ-CP,Điểm tổng hợp bảo đảm tổng tỷ trọng là 100%
694fb81aaedc69db48c7479e,115/2024/NĐ-CP,Điểm tổng hợp bảo đảm tổng tỷ trọng là 100%
694fb81aaedc69db48c7479f,115/2024/NĐ-CP,Điểm tổng hợp bảo đảm tổng tỷ trọng là 100%
694fb81aaedc69db48c747a0,115/2024/NĐ-CP,Điểm tổng hợp bảo đảm tổng tỷ trọng là 100%
694fb81aaedc69db48c747a3,115/2024/NĐ-CP,"Điểm tối thiểu của tiêu chuẩn, tiêu chuẩn chi tiết không thấp hơn 60% điểm tối đa của tiêu chuẩn đó"
694fb81aaedc69db48c747a3,115/2024/NĐ-CP,"Đối với dự án áp dụng phương thức một giai đoạn hai túi hồ sơ, điểm tối thiểu của tiêu chuẩn, tiêu chuẩn chi tiết quy định tại các điều 46 và 47 của nghị định này không thấp hơn 70% điểm tối đa của tiêu chuẩn đó"
694fb81aaedc69db48c747a4,115/2024/NĐ-CP,Điểm tối thiểu của từng tiêu chí không được thấp hơn 50% điểm tối đa của tiêu chí đó
694fb81aaedc69db48c747aa,115/2024/NĐ-CP,Yêu cầu về khả năng huy động vốn vay của nhà đầu tư được quy định
694fb81aaedc69db48c747ab,115/2024/NĐ-CP,Yêu cầu về các chỉ tiêu tài chính được áp dụng nếu có
694fb81aaedc69db48c747c0,115/2024/NĐ-CP,"Tiêu chuẩn đánh giá về kỹ thuật đối với dự án đầu tư xây dựng công trình dịch vụ hàng không tại cảng hàng không, sân bay được quy định"
694fb81aaedc69db48c747d9,115/2024/NĐ-CP,"Khu đất, quỹ đất, thửa đất tương đồng về địa điểm được xác định theo quy định"
694fb81aaedc69db48c747da,115/2024/NĐ-CP,Thời gian tham chiếu do người có thẩm quyền xem xét và quyết định cụ thể
694fb81aaedc69db48c747e7,115/2024/NĐ-CP,"Tiêu chuẩn đánh giá về hiệu quả đầu tư phát triển ngành, lĩnh vực, địa phương được xây dựng trên cơ sở một trong các tiêu chuẩn sau đây khi căn cứ yêu cầu phát triển ngành, lĩnh vực, địa phương và trừ dự án quy định tại các khoản 2, 3 và 4 điều này"
694fb81aaedc69db48c747e9,115/2024/NĐ-CP,"Tiêu chuẩn này được xây dựng căn cứ yêu cầu phát triển ngành, lĩnh vực, địa phương, trừ dự án quy định tại các khoản 2, 3 và 4 điều này"
694fb81aaedc69db48c747f0,115/2024/NĐ-CP,Tỷ lệ tăng thêm mà nhà đầu tư đã đề xuất trong hồ sơ dự thầu không thay đổi
694fb81aaedc69db48c747f4,115/2024/NĐ-CP,"Việc nộp vào ngân sách nhà nước các giá trị quy định tại điểm a, điểm b khoản 1 và điểm a, điểm b khoản 3 điều này được thực hiện"
694fb81aaedc69db48c74834,115/2024/NĐ-CP,"Bản chụp các hồ sơ, tài liệu gồm biên bản đóng thầu"
694fb81aaedc69db48c74834,115/2024/NĐ-CP,"Bản chụp các hồ sơ, tài liệu gồm những tài liệu khác có liên quan"
694fb81aaedc69db48c74857,115/2024/NĐ-CP,Tại thời điểm đóng thầu không có nhà đầu tư nào nộp hồ sơ đăng ký thực hiện dự án
694fb81aaedc69db48c74857,115/2024/NĐ-CP,Tại thời điểm đóng thầu không có nhà đầu tư nào nộp hồ sơ dự thầu
694fb81aaedc69db48c74858,115/2024/NĐ-CP,"Tại thời điểm đóng thầu không có nhà đầu tư nào nộp hồ sơ đăng ký thực hiện dự án, hồ sơ dự thầu"
694fb81aaedc69db48c74858,115/2024/NĐ-CP,"Bên mời quan tâm, bên mời thầu báo cáo người có thẩm quyền xem xét, giải quyết theo một trong hai cách sau đây"
694fb81aaedc69db48c74858,115/2024/NĐ-CP,"Bên mời quan tâm, bên mời thầu tổ chức lại việc lựa chọn nhà đầu tư"
694fb81aaedc69db48c7485b,115/2024/NĐ-CP,Người có thẩm quyền cho phép mở thầu ngay để tiến hành đánh giá
694fb81aaedc69db48c7488c,115/2024/NĐ-CP,Thông báo mời quan tâm qua mạng còn gọi tắt là e-tbmqt
694fb81aaedc69db48c7488d,115/2024/NĐ-CP,Bên mời quan tâm thông báo mời quan tâm
694fb81aaedc69db48c7488e,115/2024/NĐ-CP,Thời điểm hết hạn nộp hồ sơ đăng ký thực hiện dự án qua mạng được gọi tắt là e-hsđkthda
694fb81aaedc69db48c74892,115/2024/NĐ-CP,Thông báo gia hạn gồm thời điểm đóng thầu mới
694fb81aaedc69db48c7489d,115/2024/NĐ-CP,Thông báo mời thầu qua mạng được gọi là e-tbmt
694fb81aaedc69db48c748a3,115/2024/NĐ-CP,Thông báo gia hạn gồm thời điểm đóng thầu mới
694fb81aaedc69db48c748b6,115/2024/NĐ-CP,Khoản 4 điều 1 được sửa đổi
694fb81aaedc69db48c748b7,115/2024/NĐ-CP,Khoản 4 điều 1 được sửa đổi
694fb81aaedc69db48c748b7,115/2024/NĐ-CP,Khoản 5 điều 1 được sửa đổi
694fb81aaedc69db48c748c7,115/2024/NĐ-CP,Khoản 1 và khoản 2 điều 12 được sửa đổi
694fb81aaedc69db48c748c8,115/2024/NĐ-CP,Khoản 1 và khoản 2 điều 12 được sửa đổi
694fb81aaedc69db48c748c8,115/2024/NĐ-CP,Khoản 2 điều 12 được sửa đổi
694fb81aaedc69db48c748ca,115/2024/NĐ-CP,Khoản 2 điều 16 được sửa đổi
694fb81aaedc69db48c748ca,115/2024/NĐ-CP,Khoản 4 điều 16 được sửa đổi
694fb81aaedc69db48c748cb,115/2024/NĐ-CP,Sửa đổi khoản 2 điều 16
694fb81aaedc69db48c748cb,115/2024/NĐ-CP,Sửa đổi khoản 4 điều 16
694fb81aaedc69db48c748d0,115/2024/NĐ-CP,"Sửa đổi điểm b, điểm c khoản 2 điều 27"
694fb81aaedc69db48c748d0,115/2024/NĐ-CP,Bổ sung khoản 2a điều 27
694fb81aaedc69db48c748e4,115/2024/NĐ-CP,Khoản 2 điều 50 bị sửa đổi
694fb81aaedc69db48c748e4,115/2024/NĐ-CP,"Các khoản 3, 4, 5, 6, 7, 8 và 9 điều 50 được bổ sung"
694fb81aaedc69db48c748e4,115/2024/NĐ-CP,Khoản 3 điều 50 được bổ sung
694fb81aaedc69db48c748eb,115/2024/NĐ-CP,"Trong quá trình thực hiện dự án đầu tư kinh doanh, có yêu cầu phải điều chỉnh dự án đầu tư đối với dự án thuộc diện chấp thuận chủ trương đầu tư theo quy định tại điểm a khoản 1 điều 76 của luật đấu thầu"
694fb81aaedc69db48c748ef,115/2024/NĐ-CP,Khoản 2 được sửa đổi
694fb81aaedc69db48c748ef,115/2024/NĐ-CP,"Các khoản 9a, 9b, 9c, 9d, 9đ được bổ sung"
694fb81aaedc69db48c748ef,115/2024/NĐ-CP,Khoản 10 được sửa đổi để cho phép mở thầu ngay nhằm tiến hành đánh giá
694fb81aaedc69db48c748f4,115/2024/NĐ-CP,Sửa đổi khoản 2
694fb81aaedc69db48c748f4,115/2024/NĐ-CP,"Bổ sung các khoản 9a, 9b, 9c, 9d, 9đ"
694fb81aaedc69db48c748f4,115/2024/NĐ-CP,Sửa đổi khoản 10
694fb81aaedc69db48c748f4,115/2024/NĐ-CP,Bổ sung khoản 9đ khoản 10 như sau: “9đ
694fb81aaedc69db48c748f4,115/2024/NĐ-CP,”  Trừ trường hợp không được hoàn trả
694fb81aaedc69db48c748f5,115/2024/NĐ-CP,Khoản 2 được sửa đổi
694fb81aaedc69db48c748f5,115/2024/NĐ-CP,"Các khoản 9a, 9b, 9c, 9d, 9đ được bổ sung"
694fb81aaedc69db48c748f5,115/2024/NĐ-CP,Khoản 10 được sửa đổi
694fb81aaedc69db48c748fa,115/2024/NĐ-CP,Khoản 3 và khoản 4 điều 61 được sửa đổi
694fb81aaedc69db48c748fa,115/2024/NĐ-CP,Khoản 7 điều 61 được bổ sung
694fb81aaedc69db48c748fa,115/2024/NĐ-CP,Điểm a khoản 3 điều 61 được sửa đổi
694fb81aaedc69db48c748fb,115/2024/NĐ-CP,Khoản 4 điều 61 quy định “4
694fb81aaedc69db48c748fb,115/2024/NĐ-CP,e-hsđkthda được mở để đánh giá”
694fb81aaedc69db48c74902,115/2024/NĐ-CP,Khoản 3 Mục II được sửa đổi
694fb81aaedc69db48c74907,115/2024/NĐ-CP,"Trường hợp đã thành lập tổ chức kinh tế, mô hình tổ chức hoạt động của tổ chức kinh tế được quy định"
694fb81aaedc69db48c74907,115/2024/NĐ-CP,Vốn điều lệ của tổ chức kinh tế được quy định
694fb81aaedc69db48c74907,115/2024/NĐ-CP,"Trường hợp chưa thành lập tổ chức kinh tế, yêu cầu tổ chức kinh tế do nhà đầu tư thành lập kế thừa quyền và nghĩa vụ thực hiện dự án đầu tư đã được nhà đầu tư cam kết tại khoản 7 mục này được quy định"
694fb81aaedc69db48c74907,115/2024/NĐ-CP,"Trình tự sửa đổi hợp đồng để bổ sung tên, quyền, nghĩa vụ và trách nhiệm của tổ chức kinh tế do nhà đầu tư thành lập được quy định"
694fb81aaedc69db48c74909,115/2024/NĐ-CP,Điểm đ khoản 7 mục II được sửa đổi
694fb81aaedc69db48c7490a,115/2024/NĐ-CP,Sửa đổi điểm e khoản 7 mục II
694fb81aaedc69db48c7490b,115/2024/NĐ-CP,Điểm b khoản 9 mục II bị sửa đổi
694fb81aaedc69db48c7490b,115/2024/NĐ-CP,"Hồ sơ, trình tự, thủ tục chuyển nhượng dự án được quy định"
694fb81aaedc69db48c7490b,115/2024/NĐ-CP,"Hồ sơ, trình tự, thủ tục chuyển nhượng cổ phần, phần vốn góp được quy định"
694fb81aaedc69db48c74914,115/2024/NĐ-CP,Đã tổ chức đấu giá quyền sử dụng đất 02 lần mà chỉ có một nhà đầu tư đăng ký tham gia
694fb81aaedc69db48c74914,115/2024/NĐ-CP,Đã thực hiện thủ tục mời quan tâm nhưng chỉ có một nhà đầu tư đăng ký và đáp ứng điều kiện mời quan tâm
694fb81aaedc69db48c7491a,115/2024/NĐ-CP,Nhà đầu tư quy định tại điểm a khoản 3 điều 29 nghị định này được xem xét chấp thuận theo thủ tục sau:”
694fb81aaedc69db48c7491b,115/2024/NĐ-CP,"Khoản 1, điểm b khoản 2 và khoản 3 điều 30 được sửa đổi"
694fb81aaedc69db48c7491b,115/2024/NĐ-CP,Điểm b khoản 1 điều 30 được sửa đổi
694fb81aaedc69db48c7491c,115/2024/NĐ-CP,"Khoản 1, điểm b khoản 2 và khoản 3 điều 30 được sửa đổi"
694fb81aaedc69db48c7491d,115/2024/NĐ-CP,"Bộ, cơ quan ngang bộ, cơ quan thuộc Chính phủ tổ chức đấu thầu"
694fb81aaedc69db48c7491f,115/2024/NĐ-CP,Sửa đổi nội dung tại điểm a khoản 2 điều 31
694fb81aaedc69db48c7491f,115/2024/NĐ-CP,Bổ sung nội dung tại điểm b khoản 2 điều 31
694fb81aaedc69db48c7491f,115/2024/NĐ-CP,Bổ sung nội dung tại điểm đ khoản 2 điều 31
694fb81aaedc69db48c74920,115/2024/NĐ-CP,"Bản sao hợp lệ văn bản của ủy ban nhân dân cấp có thẩm quyền chấp thuận việc nhận chuyển nhượng, nhận góp vốn, thuê quyền sử dụng đất để thực hiện dự án đầu tư được sửa đổi"
694fb81aaedc69db48c74929,115/2024/NĐ-CP,Dự án trong danh mục thuộc kế hoạch sản xuất kinh doanh và đầu tư phát triển năm năm của doanh nghiệp do Thủ tướng Chính phủ quyết định thành lập không áp dụng quy định này
694fb81aaedc69db48c74929,115/2024/NĐ-CP,"Dự án thủy điện mở rộng, điện gió ngoài khơi, nguồn điện tự sử dụng (tự sản tự tiêu) không áp dụng quy định này"
694fb81aaedc69db48c74929,115/2024/NĐ-CP,Dự án điện lực khẩn cấp theo quy định của pháp luật về điện lực không áp dụng quy định này
694fb81aaedc69db48c74936,115/2024/NĐ-CP,"Trong trường hợp đó, thực hiện như sau"
694fb81aaedc69db48c74949,115/2024/NĐ-CP,Trường hợp này thực hiện chuyển tiếp theo quy định tại điểm b khoản 2 điều này
694fb81aaedc69db48c7494f,115/2024/NĐ-CP,"Không cần căn cứ kế hoạch sử dụng đất hằng năm khi thực hiện lập, thẩm định, phê duyệt, phát hành hồ sơ mời thầu"
694fb81baedc69db48c749b7,108/2024/NĐ-CP,"Cụ thể, khi thu hồi hoặc chuyển giao về địa phương quản lý đối với nhà, đất của đơn vị sự nghiệp công lập quy định tại điểm này, việc xử lý được thực hiện theo quy định"
694fb81baedc69db48c749dc,108/2024/NĐ-CP,"Quyết định giao nhà, đất bao gồm trách nhiệm tổ chức thực hiện"
694fb81baedc69db48c749e0,108/2024/NĐ-CP,"Trình tự, thủ tục giao nhà, đất quy định tại khoản 5 điều 5 nghị định này do ủy ban nhân dân cấp tỉnh thực hiện"
694fb81baedc69db48c749e4,108/2024/NĐ-CP,"Trình tự, thủ tục giao nhà, đất quy định tại khoản 6 điều 5 nghị định này cho tổ chức quản lý, kinh doanh nhà để quản lý, khai thác được thực hiện"
694fb81baedc69db48c749ec,108/2024/NĐ-CP,Hồ sơ khác liên quan đến việc khai thác tài sản được ghi nhận nếu có
694fb81baedc69db48c749f8,108/2024/NĐ-CP,Căn cứ khác được áp dụng nếu có
694fb81baedc69db48c74a08,108/2024/NĐ-CP,Khi gia hạn thời hạn cho thuê nhà thì không phải thực hiện thủ tục đấu giá hoặc niêm yết giá
694fb81baedc69db48c74a10,108/2024/NĐ-CP,Trường hợp cho thuê mới hoặc được gia hạn trong thời hạn ổn định bảng giá cho thuê nhà thì giá cho thuê nhà được điều chỉnh nếu giá đất do Ủy ban nhân dân cấp tỉnh ban hành có thay đổi
694fb81baedc69db48c74a11,108/2024/NĐ-CP,"Trường hợp cơ quan, người có thẩm quyền ban hành hệ số điều chỉnh giá đất thì giá cho thuê nhà tại cơ sở nhà, đất đó được điều chỉnh"
694fb81baedc69db48c74a1b,108/2024/NĐ-CP,"Trong số những người đăng ký thuê nhà, nếu có một đối tượng ưu tiên quy định tại điểm a khoản 2 điều 10 nghị định này, đối tượng ưu tiên đó là người được quyền thuê nhà"
694fb81baedc69db48c74a1e,108/2024/NĐ-CP,"Trong thời hạn 01 ngày làm việc, kể từ ngày hết thời hạn niêm yết và thông báo theo quy định tại khoản 3 điều này, việc bốc thăm phải thực hiện công khai"
694fb81baedc69db48c74a30,108/2024/NĐ-CP,Giá cho thuê nhà theo phương thức niêm yết giá được xác định theo quy định tại
694fb81baedc69db48c74a45,108/2024/NĐ-CP,"Trình tự, thủ tục cưỡng chế thu hồi nhà được thực hiện theo quy định"
694fb81baedc69db48c74a55,108/2024/NĐ-CP,Nội dung chủ yếu của hợp đồng thuê nhà gồm giải quyết tranh chấp
694fb81baedc69db48c74a5d,108/2024/NĐ-CP,"Trường hợp có nhu cầu cho thuê trong thời gian chưa thực hiện xử lý, tổ chức quản lý, kinh doanh nhà tổng hợp vào kế hoạch quản lý, khai thác nhà, đất"
694fb81baedc69db48c74a5e,108/2024/NĐ-CP,"Trường hợp có nhu cầu cho thuê trong thời gian chưa thực hiện xử lý, tổ chức quản lý, kinh doanh nhà tổng hợp vào kế hoạch quản lý, khai thác nhà, đất"
694fb81baedc69db48c74a76,108/2024/NĐ-CP,"Đối với nhà, đất giao cho tổ chức quản lý, kinh doanh nhà để cho thuê quy định tại điểm a khoản 1 điều 1 nghị định này, việc xử lý được thực hiện"
694fb81baedc69db48c74a76,108/2024/NĐ-CP,Một trong các hình thức xử lý là điều chuyển
694fb81baedc69db48c74a83,108/2024/NĐ-CP,"Trường hợp chuyển đổi mô hình hoạt động của đơn vị sự nghiệp công lập thành doanh nghiệp thì không được tính giá trị nhà, đất quy định tại khoản 1 điều 1 nghị định này vào phần vốn nhà nước tại doanh nghiệp chuyển đổi"
694fb81baedc69db48c74a83,108/2024/NĐ-CP,"Trường hợp cổ phần hóa đơn vị sự nghiệp công lập thì không được tính giá trị nhà, đất quy định tại khoản 1 điều 1 nghị định này vào phần vốn nhà nước tại doanh nghiệp chuyển đổi"
694fb81baedc69db48c74a83,108/2024/NĐ-CP,"Trường hợp cổ phần hóa công ty quản lý, kinh doanh nhà thì không được tính giá trị nhà, đất quy định tại khoản 1 điều 1 nghị định này vào phần vốn nhà nước tại doanh nghiệp chuyển đổi"
694fb81baedc69db48c74aa8,108/2024/NĐ-CP,"Cá nhân thuộc tổ chức quản lý, kinh doanh nhà có hành vi vi phạm pháp luật về quản lý, khai thác nhà, đất theo quy định tại nghị định này bị xử lý vi phạm"
694fb81baedc69db48c74ac0,108/2024/NĐ-CP,"Quỹ nhà, đất đang giao cho các cơ quan, tổ chức, đơn vị, doanh nghiệp quản lý theo các mục đích quy định tại khoản 1 điều 1 nghị định này được rà soát"
694fb81baedc69db48c74ac3,108/2024/NĐ-CP,Giá cho thuê được rà soát lại
694fb81baedc69db48c74ac3,108/2024/NĐ-CP,Thời hạn cho thuê được xử lý theo quy định
694fb81baedc69db48c74ac4,108/2024/NĐ-CP,"Thời hạn thuê tiếp theo do tổ chức quản lý, kinh doanh nhà và tổ chức, cá nhân đang thuê thỏa thuận"
694fb81baedc69db48c74aca,108/2024/NĐ-CP,Hồ sơ chứng minh chi phí phải được cơ quan kiểm toán nhà nước hoặc đơn vị kiểm toán độc lập xác nhận
694fb81baedc69db48c74aca,108/2024/NĐ-CP,"Trường hợp có thỏa thuận, cam kết giữa tổ chức, cá nhân thuê nhà với bên cho thuê hoặc cơ quan chức năng thì không khấu trừ hoặc hoàn trả chi phí mà tổ chức, cá nhân thuê nhà đã đầu tư xây dựng, nâng cấp, mở rộng, cải tạo nhà cho thuê"
694fb81baedc69db48c74acd,108/2024/NĐ-CP,"Trường hợp nhà, đất đã bố trí làm nhà ở trước ngày nghị định này có hiệu lực thi hành được xử lý"
694fb81baedc69db48c74ae4,108/2024/NĐ-CP,Tiền thuê đất là ……… đồng
694fb81baedc69db48c74ae6,108/2024/NĐ-CP,Nghĩa vụ tài chính khác là
694fb81baedc69db48c74ae6,108/2024/NĐ-CP,đồng
694fb81baedc69db48c74af0,108/2024/NĐ-CP,Bên nhận phải thực hiện
694fb81baedc69db48c74b0a,108/2024/NĐ-CP,/2024/NĐ-CP ngày …/…/2024 của Chính phủ
694fb81baedc69db48c74b14,108/2024/NĐ-CP,/…
694fb81baedc69db48c74b14,108/2024/NĐ-CP,/2024 của Chính phủ
694fb81baedc69db48c74b18,108/2024/NĐ-CP,/2024/nđ-cp ngày…/…/2024 của chính phủ
694fb81baedc69db48c74b1b,108/2024/NĐ-CP,/2024/nđ-cp ngày…/…/2024 của Chính phủ
694fb81baedc69db48c74b1c,108/2024/NĐ-CP,Nội dung các quyền khác không trái luật
694fb81baedc69db48c74b1c,108/2024/NĐ-CP,Nội dung các quyền khác không trái đạo đức xã hội
694fb81baedc69db48c74b23,108/2024/NĐ-CP,/2024/nđ- cp ngày…/…/2024 của chính phủ và pháp luật có liên quan
694fb81baedc69db48c74b24,108/2024/NĐ-CP,/2024/NĐ-CP ngày…/…/2024 của Chính phủ
694fb81baedc69db48c74b44,104/2024/NĐ-CP,Ủy ban nhân dân cấp tỉnh giao cho cơ quan chuyên môn thuộc ủy ban nhân dân cấp tỉnh chủ trì
694fb81baedc69db48c74b47,104/2024/NĐ-CP,Ủy ban nhân dân cấp tỉnh giao cho cơ quan chuyên môn thuộc ủy ban nhân dân cấp tỉnh chủ trì
694fb81baedc69db48c74b48,104/2024/NĐ-CP,Ủy ban nhân dân cấp tỉnh giao cho cơ quan chuyên môn thuộc ủy ban nhân dân cấp tỉnh chủ trì
694fb81baedc69db48c74b59,104/2024/NĐ-CP,Điều lệ tổ chức và hoạt động của quỹ phát triển đất bao gồm kiểm toán
694fb81baedc69db48c74bbc,104/2024/NĐ-CP,"Kế hoạch ứng vốn từ quỹ phát triển đất được cơ quan, người có thẩm quyền phê duyệt"
694fb81baedc69db48c74bd2,104/2024/NĐ-CP,"Hoàn trả vốn ứng từ nguồn vốn của dự án được cơ quan, người có thẩm quyền phê duyệt"
694fb81baedc69db48c74c1f,104/2024/NĐ-CP,Trường hợp đã xác định nguồn hoàn trả vốn ứng cho quỹ phát triển đất từ nguồn vốn của dự án hoặc nguồn đã được xác định theo quy định
694fb81baedc69db48c74c1f,104/2024/NĐ-CP,Việc hoàn trả vốn ứng cho quỹ từ nguồn đã được xác định thực hiện theo quy định
694fb81baedc69db48c74c42,103/2024/NĐ-CP,"Trong trường hợp đó, phải nộp tiền thuê đất"
694fb81baedc69db48c74c62,103/2024/NĐ-CP,"Trường hợp đóng tiền tương đương giá trị quỹ đất đã đầu tư xây dựng hệ thống hạ tầng kỹ thuật để xây dựng nhà ở xã hội theo quy định tại khoản 2 điều 83 của luật nhà ở, nghị định của Chính phủ quy định chi tiết một số điều của luật nhà ở về phát triển và quản lý nhà ở xã hội được áp dụng"
694fb81baedc69db48c74c64,103/2024/NĐ-CP,"Trường hợp đóng tiền tương đương giá trị quỹ đất đã đầu tư xây dựng hệ thống hạ tầng kỹ thuật để xây dựng nhà ở xã hội theo quy định tại khoản 2 điều 83 của luật nhà ở, nghị định của Chính phủ quy định chi tiết một số điều của luật nhà ở về phát triển và quản lý nhà ở xã hội áp dụng"
694fb81baedc69db48c74c6a,103/2024/NĐ-CP,Tiền đất trước khi chuyển mục đích sử dụng đất được tính theo quy định
694fb81baedc69db48c74c6a,103/2024/NĐ-CP,Đối với đất trước khi chuyển mục đích là đất phi nông nghiệp không phải là đất ở có thời hạn sử dụng ổn định lâu dài
694fb81baedc69db48c74c6c,103/2024/NĐ-CP,Tiền đất trước khi chuyển mục đích sử dụng đất được tính theo quy định
694fb81baedc69db48c74c78,103/2024/NĐ-CP,Tiền đất trước khi chuyển mục đích sử dụng đất được tính theo quy định
694fb81baedc69db48c74c97,103/2024/NĐ-CP,Phần diện tích đất được cấp giấy chứng nhận trong hạn mức công nhận đất ở theo quy định tại khoản 5 điều 141 luật đất đai được tính tiền sử dụng đất ở quy định
694fb81baedc69db48c74c98,103/2024/NĐ-CP,"Đối với phần diện tích đất được cấp giấy chứng nhận vượt hạn mức công nhận đất ở theo quy định tại khoản 5 điều 141 luật đất đai, diện tích đất được cấp tính theo giá đất ở quy tiền sử"
694fb81baedc69db48c74c99,103/2024/NĐ-CP,Giá đất của loại đất phi nông nghiệp được áp dụng
694fb81baedc69db48c74ca1,103/2024/NĐ-CP,Giá đất của loại đất được công nhận nhân với 70%
694fb81baedc69db48c74ca3,103/2024/NĐ-CP,Tiền sử dụng đất đối với diện tích đất này bằng cấp giấy chứng nhận nhân với 80%
694fb81baedc69db48c74ca3,103/2024/NĐ-CP,Tiền sử dụng đất đối với diện tích đất này bằng cấp giấy chứng nhận nhân với 80%
694fb81baedc69db48c74ca4,103/2024/NĐ-CP,Tiền sử dụng đất bằng giá đất của loại đất nhân với diện tích được công nhận nhân với 80%
694fb81baedc69db48c74ca9,103/2024/NĐ-CP,Tiền sử dụng đất được tính theo quy định
694fb81baedc69db48c74cc2,103/2024/NĐ-CP,Khi có quyết định điều chỉnh cục bộ quy hoạch chi tiết dự án của cơ quan nhà nước có thẩm quyền thì tiền sử dụng đất được tính theo quy định
694fb81baedc69db48c74cd1,103/2024/NĐ-CP,Ủy ban nhân dân cấp huyện trong thời hạn 30 ngày thực hiện rà soát
694fb81baedc69db48c74cdd,103/2024/NĐ-CP,"Việc thu hồi số tiền sử dụng đất đã được miễn, giảm được cơ quan nhà nước có thẩm quyền thực hiện"
694fb81baedc69db48c74cde,103/2024/NĐ-CP,"Việc thu hồi số tiền sử dụng đất đã được miễn, giảm thực hiện theo quy định"
694fb81baedc69db48c74cec,103/2024/NĐ-CP,"Đối tượng chính sách xã hội theo quy định của pháp luật về xây dựng, quản lý, sử dụng nghĩa trang và cơ sở hỏa táng được phục vụ mai táng"
694fb81baedc69db48c74d07,103/2024/NĐ-CP,Thông báo nộp tiền sử dụng đất được hạch toán theo quy định
694fb81baedc69db48c74d0a,103/2024/NĐ-CP,"Đối với tổ chức kinh tế, tổ chức có vốn đầu tư nước ngoài, người gốc Việt Nam định cư ở nước ngoài, khi giao đất có thu tiền sử dụng đất, cơ quan thu ngân sách nhà nước thu tiền sử dụng đất"
694fb81baedc69db48c74d37,103/2024/NĐ-CP,"Trường hợp thuê đất trả tiền thuê đất hằng năm không thông qua hình thức đấu giá, đơn giá thuê đất hằng năm được tính bằng tỷ lệ phần trăm (%) tính đơn giá thuê đất nhân với giá đất tính tiền thuê đất"
694fb81baedc69db48c74d38,103/2024/NĐ-CP,Trường hợp thuê đất trả tiền thuê đất hằng năm không thông qua hình thức đấu giá thì đơn giá thuê đất hằng năm bằng tỷ lệ phần trăm tính đơn giá thuê đất nhân với giá đất tính tiền thuê đất
694fb81baedc69db48c74d3a,103/2024/NĐ-CP,Trường hợp thuê đất trả tiền thuê đất một lần cho cả thời gian thuê không thông qua hình thức đấu giá thì áp dụng quy định về tính tiền thuê đất
694fb81baedc69db48c74d40,103/2024/NĐ-CP,"Trường hợp thuê đất trả tiền thuê đất hằng năm, đơn giá thuê đất được tính theo mức không quá 30% của đơn giá thuê đất trên bề mặt"
694fb81baedc69db48c74d5b,103/2024/NĐ-CP,"Kinh phí bồi thường, hỗ trợ, tái định cư được xử lý theo quy định"
694fb81baedc69db48c74d69,103/2024/NĐ-CP,Đơn giá thuê đất trả tiền thuê đất hằng năm tại thời điểm kinh phí chưa hoàn thành nghĩa vụ về tiền thuê đất được nhà nước quyết định
694fb81baedc69db48c74d93,103/2024/NĐ-CP,Trường hợp thuê đất trả tiền thuê đất một lần cho cả thời gian thuê thì khi có quyết định điều chỉnh cục bộ quy hoạch chi tiết dự án của cơ quan nhà nước có thẩm quyền thì tiền thuê đất được tính lại
694fb81baedc69db48c74d96,103/2024/NĐ-CP,Trường hợp người sử dụng đất đã hoàn thành nghĩa vụ tài chính về tiền thuê đất trả một lần cho cả thời gian thuê thì pháp luật áp dụng quy định này
694fb81baedc69db48c74d97,103/2024/NĐ-CP,Người sử dụng đất được xử lý theo quy định
694fb81baedc69db48c74daf,103/2024/NĐ-CP,Trường hợp đó thực hiện chuyển nhượng tài sản thuộc sở hữu của mình gắn liền với đất thuê theo quy định của pháp luật
694fb81baedc69db48c74db5,103/2024/NĐ-CP,Mức tỷ lệ phần trăm (%) tính đơn giá thuê đất do Ủy ban nhân dân cấp tỉnh ban hành
694fb81baedc69db48c74dd1,103/2024/NĐ-CP,"Miễn toàn bộ thời gian thuê đất đối với dự án sử dụng đất vào mục đích sản xuất, kinh doanh"
694fb81baedc69db48c74dd9,103/2024/NĐ-CP,"Miễn tiền thuê đất cho toàn bộ thời hạn thuê đối với dự án đầu tư thuộc ngành, nghề đặc biệt ưu đãi đầu tư"
694fb81baedc69db48c74de5,103/2024/NĐ-CP,"Đối với trường hợp thuê đất trả tiền thuê đất hằng năm thì giảm tiền thuê đất hằng năm trong toàn bộ thời gian thuê đất theo tỷ lệ phần trăm doanh thu nhiệm vụ quốc phòng, an ninh trên tổng doanh thu đối với diện tích đất không phải đất quốc phòng, an ninh sử dụng cho mục đích quốc phòng, an ninh"
694fb81baedc69db48c74de5,103/2024/NĐ-CP,"Trường hợp không xác định được tỷ lệ phần trăm doanh thu nhiệm vụ quốc phòng, an ninh trên tổng doanh thu đối với diện tích đất không phải đất quốc phòng, an ninh sử dụng cho mục đích quốc phòng, an ninh và doanh thu đối với mục đích sử dụng đất khác thì giảm 30% tiền thuê đất hằng năm trong toàn bộ thời gian thuê đất"
694fb81baedc69db48c74dee,103/2024/NĐ-CP,Hồ sơ thuê đất do văn phòng đăng ký đất đai hoặc cơ quan có chức năng quản lý đất đai chuyển đến
694fb81baedc69db48c74df5,103/2024/NĐ-CP,"Trường hợp thời gian thuê đất của tháng thuê đầu tiên không đủ số ngày của một tháng, phải tính theo quy định"
694fb81baedc69db48c74df5,103/2024/NĐ-CP,"Trường hợp thời gian thuê đất của tháng thuê kết thúc không đủ số ngày của một tháng, phải tính theo quy định"
694fb81baedc69db48c74e00,103/2024/NĐ-CP,Trường hợp người trúng đấu giá vi phạm nghĩa vụ thanh toán tiền trúng đấu giá thì quyết định công nhận kết quả đấu giá bị hủy
694fb81baedc69db48c74e5b,103/2024/NĐ-CP,Hoặc tại một trong ba loại giấy tờ nêu trên có ghi nguyên tắc điều chỉnh đơn giá thuê đất nhưng đã thực hiện điều chỉnh lại theo quy định tại khoản 2 điều 9 nghị định số 142/2005/NĐ-CP
694fb81baedc69db48c74e5b,103/2024/NĐ-CP,Hoặc theo đơn giá thuê đất đã tạm tính theo chính sách và giá đất tại thời điểm ban hành thông báo tạm nộp tiền thuê đất
694fb81baedc69db48c74e5b,103/2024/NĐ-CP,"Hoặc chưa xác định lại đơn giá thuê đất theo quy định tại nghị định số 142/2005/NĐ-CP, nghị định số 46/2014/NĐ-CP, nghị định số 135/2016/NĐ-CP của Chính phủ"
694fb81baedc69db48c74e5b,103/2024/NĐ-CP,Hoặc tính khoản tiền tương đương với tiền chậm nộp từ thời điểm cho thuê lại đất đến thời điểm nộp tiền vào ngân sách nhà nước đối với trường hợp đã cho thuê lại đất từ sau ngày 01 tháng 01 năm 2006 đến trước ngày 01 tháng 7 năm 2014
694fb81baedc69db48c74f07,102/2024/NĐ-CP,Đất xây dựng công trình sự nghiệp kể cả phần diện tích làm các khu chức năng khác thuộc phạm vi cơ sở giáo dục và đào tạo
694fb81baedc69db48c74f15,102/2024/NĐ-CP,Đất công trình thủy lợi kể cả hành lang bảo vệ công trình thủy lợi mà phải sử dụng đất
694fb81baedc69db48c74f54,102/2024/NĐ-CP,Cơ quan có thẩm quyền phải có văn bản thông báo chuyển đến bộ phận một cửa trong thời gian tối đa 02 ngày làm việc kể từ ngày nhận hồ sơ nếu hồ sơ chưa hợp lệ
694fb81baedc69db48c74f76,102/2024/NĐ-CP,"Đối với thủ tục đăng ký, cấp giấy chứng nhận thì thu phí thẩm định hồ sơ cấp giấy chứng nhận"
694fb81baedc69db48c74f76,102/2024/NĐ-CP,Đối với các công việc còn lại của thủ tục thì thu dịch vụ theo giá cung cấp dịch vụ công do ủy ban nhân dân cấp tỉnh ban hành
694fb81baedc69db48c74f8f,102/2024/NĐ-CP,"Các chương trình, phương án, dự án, đề án đã được cấp có thẩm quyền phê duyệt"
694fb81baedc69db48c74fae,102/2024/NĐ-CP,Việc lấy ý kiến Ủy ban Trung ương Mặt trận Tổ quốc Việt Nam về kế hoạch sử dụng đất quốc gia được thực hiện theo quy định
694fb81baedc69db48c74fae,102/2024/NĐ-CP,"Việc lấy ý kiến các bộ, cơ quan ngang bộ về kế hoạch sử dụng đất quốc gia được thực hiện theo quy định"
694fb81baedc69db48c74fae,102/2024/NĐ-CP,Việc lấy ý kiến Ủy ban nhân dân cấp tỉnh có liên quan về kế hoạch sử dụng đất quốc gia được thực hiện theo quy định
694fb81baedc69db48c74fda,102/2024/NĐ-CP,"Việc xác định các chỉ tiêu sử dụng đất thực hiện đối với loại đất quy định tại điều 9 luật đất đai và các điều 4, 5 và 6 nghị định này"
694fb81baedc69db48c75000,102/2024/NĐ-CP,Hồ sơ trình phê duyệt quy hoạch sử dụng đất cấp huyện do cơ quan có thẩm quyền lập
694fb81baedc69db48c75018,102/2024/NĐ-CP,Trường hợp không có bản đồ địa chính thì lập bản đồ kế hoạch sử dụng đất trên nền bản đồ hiện trạng sử dụng đất cấp xã
694fb81baedc69db48c7501d,102/2024/NĐ-CP,Hồ sơ trình phê duyệt kế hoạch sử dụng đất hằng năm cấp huyện được lập
694fb81baedc69db48c75023,102/2024/NĐ-CP,"Trình tự, thủ tục thẩm định kế hoạch sử dụng đất hằng năm cấp huyện căn cứ hồ sơ kế hoạch sử dụng đất hằng năm cấp huyện đã được hoàn thiện"
694fb81baedc69db48c750b3,102/2024/NĐ-CP,Người sử dụng đất vẫn tiếp tục vi phạm
694fb81baedc69db48c750d2,102/2024/NĐ-CP,Đối với trường hợp quy định tại điểm a khoản 1 điều 82 Luật Đất đai thì xử lý như sau
694fb81baedc69db48c750d8,102/2024/NĐ-CP,"Trường hợp bất khả kháng quy định tại điều 31 nghị định này, thời hạn quy định tại điểm a khoản này được xem xét gia hạn"
694fb81baedc69db48c7511c,102/2024/NĐ-CP,Trường hợp ký hợp đồng thuê đất thì thực hiện theo mẫu số 05a tại phụ lục ban hành kèm theo nghị định này
694fb81baedc69db48c75124,102/2024/NĐ-CP,"Trường hợp giao đất, cho thuê đất, cho phép chuyển mục đích sử dụng đất quy định tại khoản 1 điều này mà người sử dụng đất phải nộp tiền sử dụng đất, tiền thuê đất tính theo giá đất cụ thể được thực hiện như sau"
694fb81baedc69db48c75125,102/2024/NĐ-CP,"Trường hợp giao đất quy định tại khoản 1 điều này mà người sử dụng đất phải nộp tiền sử dụng đất, tiền thuê đất tính theo giá đất cụ thể thì thực hiện như sau"
694fb81baedc69db48c75125,102/2024/NĐ-CP,"Trường hợp cho thuê đất quy định tại khoản 1 điều này mà người sử dụng đất phải nộp tiền sử dụng đất, tiền thuê đất tính theo giá đất cụ thể thì thực hiện như sau"
694fb81baedc69db48c75125,102/2024/NĐ-CP,"Trường hợp cho phép chuyển mục đích sử dụng đất quy định tại khoản 1 điều này mà người sử dụng đất phải nộp tiền sử dụng đất, tiền thuê đất tính theo giá đất cụ thể thì thực hiện như sau"
694fb81baedc69db48c75128,102/2024/NĐ-CP,Trường hợp giao đất quy định tại khoản 1 điều này mà người sử dụng đất phải nộp tiền sử dụng đất thì thực hiện như sau
694fb81baedc69db48c75128,102/2024/NĐ-CP,Trường hợp cho thuê đất quy định tại khoản 1 điều này mà người sử dụng đất phải nộp tiền thuê đất tính theo giá đất cụ thể thì thực hiện như sau
694fb81baedc69db48c75128,102/2024/NĐ-CP,Trường hợp cho phép chuyển mục đích sử dụng đất quy định tại khoản 1 điều này mà người sử dụng đất phải nộp tiền sử dụng đất thì thực hiện như sau
694fb81baedc69db48c75129,102/2024/NĐ-CP,"Trường hợp giao đất, cho thuê đất, cho phép chuyển mục đích sử dụng đất quy định tại khoản 1 điều này mà người sử dụng đất phải nộp tiền sử dụng đất, tiền thuê đất tính theo giá đất cụ thể thì người sử dụng đất thực hiện quy định tại các điểm e, g, h, i và k khoản 2 điều này"
694fb81baedc69db48c7512f,102/2024/NĐ-CP,"Trường hợp có sai sót về ranh giới, vị trí, diện tích, mục đích sử dụng giữa bản đồ quy hoạch, bản đồ địa chính, quyết định giao đất, cho thuê đất, cho phép chuyển mục đích sử dụng đất và số liệu bàn giao đất trên thực địa được áp dụng để điều chỉnh"
694fb81baedc69db48c75134,102/2024/NĐ-CP,"Cơ quan có thẩm quyền xác định tiền sử dụng đất, tiền thuê đất được hoàn trả theo quy định"
694fb81baedc69db48c75135,102/2024/NĐ-CP,"Cơ quan có thẩm quyền xác định tiền sử dụng đất, tiền thuê đất được hoàn trả theo quy định"
694fb81baedc69db48c75143,102/2024/NĐ-CP,"Đất dự kiến giao, cho thuê không có tranh chấp, khiếu nại, vi phạm"
694fb81baedc69db48c75147,102/2024/NĐ-CP,"Nguyên tắc giao đất, cho thuê đất đối với các thửa đất nhỏ hẹp, nằm xen kẹt được thực hiện"
694fb81baedc69db48c75147,102/2024/NĐ-CP,"Việc giao đất, cho thuê đất đối với các thửa đất nhỏ hẹp, nằm xen kẹt cho người sử dụng đất liền kề được thực hiện"
694fb81baedc69db48c75148,102/2024/NĐ-CP,"Việc giao đất đối với các thửa đất nhỏ hẹp, nằm xen kẹt phải được thực hiện công khai"
694fb81baedc69db48c75148,102/2024/NĐ-CP,"Việc giao đất đối với các thửa đất nhỏ hẹp, nằm xen kẹt phải được thực hiện minh bạch"
694fb81baedc69db48c75148,102/2024/NĐ-CP,"Việc giao đất đối với các thửa đất nhỏ hẹp, nằm xen kẹt phải được thực hiện dân chủ"
694fb81baedc69db48c75148,102/2024/NĐ-CP,"Việc cho thuê đất đối với các thửa đất nhỏ hẹp, nằm xen kẹt phải được thực hiện công khai"
694fb81baedc69db48c75148,102/2024/NĐ-CP,"Việc cho thuê đất đối với các thửa đất nhỏ hẹp, nằm xen kẹt phải được thực hiện minh bạch"
694fb81baedc69db48c75148,102/2024/NĐ-CP,"Việc cho thuê đất đối với các thửa đất nhỏ hẹp, nằm xen kẹt phải được thực hiện dân chủ"
694fb81baedc69db48c75149,102/2024/NĐ-CP,"Nguyên tắc giao đất, cho thuê đất đối với các thửa đất nhỏ hẹp, nằm xen kẹt sau khi được nhà nước giao đất được quy định rõ"
694fb81baedc69db48c75172,102/2024/NĐ-CP,"Bản sao phương án sử dụng đất của công ty nông, lâm nghiệp tại địa phương đã được cơ quan, tổ chức có thẩm quyền phê duyệt"
694fb81baedc69db48c7519e,102/2024/NĐ-CP,Phương án đấu giá quyền sử dụng đất được lập theo quy định
694fb81baedc69db48c751d5,102/2024/NĐ-CP,Trường hợp đã hết thời hạn gia hạn quy định tại khoản 1 điều này mà chưa hoàn thành việc thỏa thuận thì xử lý theo quy định
694fb81baedc69db48c751d5,102/2024/NĐ-CP,Trường hợp nhà đầu tư không có nhu cầu gia hạn thì xử lý theo quy định
694fb81baedc69db48c751d6,102/2024/NĐ-CP,Thời hạn gia hạn quy định tại khoản 1 điều này đã hết
694fb81baedc69db48c751da,102/2024/NĐ-CP,Trường hợp nhà đầu tư thỏa thuận nhận quyền sử dụng đất bằng hình thức thuê đất mà không đáp ứng điều kiện để thực hiện dự án đầu tư thì hợp đồng thuê đất chấm dứt
694fb81baedc69db48c751eb,102/2024/NĐ-CP,Theo quy định tại thời điểm bàn giao đất trên thực tế phải xác định giá đất cụ thể
694fb81baedc69db48c75204,102/2024/NĐ-CP,"Trường hợp hồ sơ tài liệu hiện có không đáp ứng được việc xác định cụ thể về vị trí, ranh giới, diện tích đất đang quản lý, sử dụng đất thì việc đo đạc và lập hồ sơ ranh giới sử dụng đất của các công ty nông, lâm nghiệp được thực hiện theo quy định"
694fb81baedc69db48c7522f,102/2024/NĐ-CP,Nội dung phương án sử dụng đất do Ủy ban nhân dân cấp huyện lập
694fb81baedc69db48c75237,102/2024/NĐ-CP,Hồ sơ thẩm định phương án sử dụng đất do Ủy ban nhân dân cấp huyện lập
694fb81baedc69db48c75238,102/2024/NĐ-CP,Hồ sơ thẩm định phương án sử dụng đất do Ủy ban nhân dân cấp huyện lập
694fb81baedc69db48c75239,102/2024/NĐ-CP,Hồ sơ thẩm định phương án sử dụng đất do ủy ban nhân dân cấp huyện lập
694fb81baedc69db48c752d7,102/2024/NĐ-CP,"Trình tự thẩm định, phê duyệt đối với phương án sử dụng đất phải nộp tiền sử dụng đất hằng năm đối với đất quốc phòng được quy định"
694fb81baedc69db48c752d9,102/2024/NĐ-CP,"Trình tự thẩm định, phê duyệt đối với phương án sử dụng đất phải nộp tiền sử dụng đất hằng năm đối với đất quốc phòng được thực hiện theo quy định"
694fb81baedc69db48c752da,102/2024/NĐ-CP,"Trình tự thẩm định, phê duyệt đối với phương án sử dụng đất phải nộp tiền sử dụng đất hằng năm đối với đất quốc phòng được thực hiện theo quy định"
694fb81baedc69db48c752e0,102/2024/NĐ-CP,"Việc sử dụng đất quốc phòng, an ninh kết hợp với hoạt động lao động sản xuất, xây dựng kinh tế bị chấm dứt"
694fb81baedc69db48c752e8,102/2024/NĐ-CP,"Nội dung chi chi bồi thường giá trị còn lại trên sổ sách kế toán của tài sản trên đất quốc phòng, an ninh được các doanh nghiệp thực hiện"
694fb81baedc69db48c75303,102/2024/NĐ-CP,"Quyền sử dụng đất và việc cấp giấy chứng nhận trong các dự án xây dựng khu chung cư, nhà chung cư để bán hoặc để bán kết hợp cho thuê thực hiện theo quy định riêng"
694fb81baedc69db48c75304,102/2024/NĐ-CP,Quyền sử dụng đất quy định tại điểm a khoản này là sử dụng chung
694fb81baedc69db48c7534d,102/2024/NĐ-CP,Phạm vi sử dụng đất kết hợp đa mục đích được quy định rõ
694fb81baedc69db48c7534e,102/2024/NĐ-CP,Phạm vi và điều kiện sử dụng đất kết hợp đa mục đích công trình xây dựng trên đất nông nghiệp phải dễ dàng tháo dỡ
694fb81baedc69db48c75350,102/2024/NĐ-CP,Phạm vi sử dụng đất kết hợp đa mục đích được quy định rõ
694fb81baedc69db48c75350,102/2024/NĐ-CP,Điều kiện sử dụng đất kết hợp đa mục đích được quy định cụ thể
694fb81baedc69db48c75354,102/2024/NĐ-CP,"Nội dung phương án sử dụng đất kết hợp vào mục đích thương mại, dịch vụ thông tin về diện tích đất sử dụng kết hợp"
694fb81baedc69db48c75356,102/2024/NĐ-CP,"Nội dung phương án sử dụng đất kết hợp vào mục đích thương mại, dịch vụ được quy định rõ"
694fb81baedc69db48c75356,102/2024/NĐ-CP,Phương án tháo dỡ công trình được đề ra
694fb81baedc69db48c75356,102/2024/NĐ-CP,Phương án khôi phục lại đủ điều kiện sử dụng đất vào mục đích chính khi hết thời hạn sử dụng vào mục đích kết hợp được thực hiện
694fb81baedc69db48c7535b,102/2024/NĐ-CP,Cơ quan có chức năng quản lý đất đai cấp huyện chủ trì thẩm định phương án sử dụng đất kết hợp
694fb81baedc69db48c7535b,102/2024/NĐ-CP,"Cơ quan có chức năng quản lý đất đai cấp huyện phối hợp với các phòng, ban liên quan thẩm định phương án sử dụng đất kết hợp"
694fb81baedc69db48c7535b,102/2024/NĐ-CP,Văn bản trả lời phải nêu rõ lý do không chấp thuận phương án sử dụng đất kết hợp
694fb81baedc69db48c7535c,102/2024/NĐ-CP,Cơ quan có chức năng quản lý đất đai cấp tỉnh chủ trì thẩm định phương án sử dụng đất kết hợp
694fb81baedc69db48c7536a,102/2024/NĐ-CP,"Các chủ sử dụng đất trong phạm vi khu vực dự kiến thực hiện góp quyền sử dụng đất, điều chỉnh lại đất đai bàn bạc, thống nhất đồng thuận thực hiện"
694fb81baedc69db48c7536c,102/2024/NĐ-CP,"Trường hợp tập trung đất nông nghiệp để thực hiện sản xuất theo quy định tại điểm a khoản 2 điều 219 Luật Đất đai, phương án góp quyền sử dụng đất và điều chỉnh lại đất đai do Ủy ban nhân dân cấp huyện phê duyệt đối với trường hợp góp quyền sử dụng đất của cá nhân"
694fb81baedc69db48c75377,102/2024/NĐ-CP,Cơ quan quản lý nhà nước về đất đai được theo dõi và đánh giá về bồi thường
694fb81baedc69db48c75377,102/2024/NĐ-CP,Cơ quan quản lý nhà nước về đất đai được theo dõi và đánh giá về hỗ trợ
694fb81baedc69db48c7539b,102/2024/NĐ-CP,"Cơ quan, người có thẩm quyền quản lý nhà nước về đất đai căn cứ kiểm tra chỉ đạo"
694fb81baedc69db48c753b1,102/2024/NĐ-CP,Người có thẩm quyền quy định tại điểm a khoản 2 điều 103 nghị định này quyết định kiểm tra
694fb81baedc69db48c753b2,102/2024/NĐ-CP,Quyết định kiểm tra được ban hành
694fb81baedc69db48c753b2,102/2024/NĐ-CP,Đoàn kiểm tra được thành lập
694fb81baedc69db48c753b2,102/2024/NĐ-CP,Tổ kiểm tra được cử
694fb81baedc69db48c753b2,102/2024/NĐ-CP,Người thực hiện nhiệm vụ kiểm tra được cử
694fb81baedc69db48c753b2,102/2024/NĐ-CP,"Trong trường hợp nội dung vụ việc không phức tạp, cần thông tin báo cáo nhanh thì người thực hiện nhiệm vụ kiểm tra được cử"
694fb81baedc69db48c753c7,102/2024/NĐ-CP,Trường hợp một trong các bên tranh chấp vắng mặt đến lần thứ hai thì việc hòa giải được coi là không thành
694fb81baedc69db48c7543d,102/2024/NĐ-CP,Không gửi thông báo nhằm làm thủ tục trình cấp có thẩm quyền thu hồi đất theo quy định
694fb81baedc69db48c75461,102/2024/NĐ-CP,Bãi bỏ điều 11 của nghị định số 104/2022/NĐ-CP ngày 21 tháng 12 năm 2022 của Chính phủ
694fb81baedc69db48c754ae,101/2024/NĐ-CP,"Triển khai thiết kế kỹ thuật - dự toán, phương án nhiệm vụ sau khi được phê duyệt"
694fb81baedc69db48c754b0,101/2024/NĐ-CP,"Triển khai thiết kế kỹ thuật - dự toán, phương án nhiệm vụ sau khi được phê duyệt"
694fb81baedc69db48c754b1,101/2024/NĐ-CP,"Triển khai thiết kế kỹ thuật - dự toán, phương án nhiệm vụ sau khi được phê duyệt"
694fb81baedc69db48c754b5,101/2024/NĐ-CP,"Triển khai thiết kế kỹ thuật - dự toán, phương án nhiệm vụ sau khi được phê duyệt"
694fb81baedc69db48c754b7,101/2024/NĐ-CP,Triển khai thiết kế kỹ thuật - dự toán sau khi được phê duyệt
694fb81baedc69db48c754b7,101/2024/NĐ-CP,Triển khai phương án nhiệm vụ sau khi được phê duyệt
694fb81baedc69db48c754c4,101/2024/NĐ-CP,Bản vẽ tách thửa đất do văn phòng đăng ký đất đai hoặc chi nhánh văn phòng đăng ký đất đai thực hiện
694fb81baedc69db48c754c4,101/2024/NĐ-CP,Hợp thửa đất do văn phòng đăng ký đất đai hoặc chi nhánh văn phòng đăng ký đất đai thực hiện
694fb81baedc69db48c75504,101/2024/NĐ-CP,"Bộ số liệu, bản đồ, báo cáo kết quả điều tra, đánh giá đất đai được xây dựng"
694fb81baedc69db48c75504,101/2024/NĐ-CP,"Bộ số liệu, bản đồ, báo cáo kết quả điều tra, đánh giá chất lượng đất được xây dựng"
694fb81baedc69db48c75504,101/2024/NĐ-CP,"Bộ số liệu, bản đồ, báo cáo đánh giá tiềm năng đất đai được xây dựng"
694fb81baedc69db48c75504,101/2024/NĐ-CP,"Bộ số liệu, bản đồ, báo cáo đánh giá thoái hóa đất được xây dựng"
694fb81baedc69db48c75504,101/2024/NĐ-CP,"Bộ số liệu, bản đồ, báo cáo đánh giá ô nhiễm đất được xây dựng"
694fb81baedc69db48c75505,101/2024/NĐ-CP,"Bộ số liệu kết quả điều tra, đánh giá chất lượng đất, tiềm năng đất đai, thoái hóa đất, ô nhiễm đất được xây dựng"
694fb81baedc69db48c75506,101/2024/NĐ-CP,000
694fb81baedc69db48c75506,101/2024/NĐ-CP,000 đến 1/250
694fb81baedc69db48c75506,101/2024/NĐ-CP,000
694fb81baedc69db48c75506,101/2024/NĐ-CP,000 đến 1/25
694fb81baedc69db48c75506,101/2024/NĐ-CP,000
694fb81baedc69db48c75523,101/2024/NĐ-CP,"Trình tự, thủ tục thẩm định, phê duyệt và công bố kết quả bảo vệ, cải tạo, phục hồi đất đối với các khu vực đất bị thoái hóa nặng liên vùng, liên tỉnh được quy định"
694fb81baedc69db48c75524,101/2024/NĐ-CP,"Trình tự, thủ tục thẩm định, phê duyệt và công bố kết quả bảo vệ, cải tạo, phục hồi đất đối với các khu vực đất bị thoái hóa nặng liên vùng, liên tỉnh được quy định"
694fb81baedc69db48c7552b,101/2024/NĐ-CP,"Trình tự, thủ tục thẩm định kết quả bảo vệ, cải tạo, phục hồi đất cấp tỉnh được thực hiện theo quy định"
694fb81baedc69db48c7552b,101/2024/NĐ-CP,"Trình tự, thủ tục phê duyệt kết quả bảo vệ, cải tạo, phục hồi đất cấp tỉnh được thực hiện theo quy định"
694fb81baedc69db48c7552b,101/2024/NĐ-CP,"Trình tự, thủ tục công bố kết quả bảo vệ, cải tạo, phục hồi đất cấp tỉnh được thực hiện theo quy định"
694fb81baedc69db48c75530,101/2024/NĐ-CP,Hồ sơ lấy ý kiến báo cáo tổng hợp
694fb81baedc69db48c75533,101/2024/NĐ-CP,"Hồ sơ trình thẩm định kết quả điều tra, đánh giá đất đai được lập đầy đủ"
694fb81baedc69db48c75533,101/2024/NĐ-CP,"Tờ trình trình thẩm định kết quả điều tra, đánh giá đất đai được soạn thảo theo quy định"
694fb81baedc69db48c75534,101/2024/NĐ-CP,"Báo cáo tổng hợp kết quả điều tra, đánh giá đất đai được lập chi tiết"
694fb81baedc69db48c75535,101/2024/NĐ-CP,"Hồ sơ trình thẩm định kết quả điều tra, đánh giá đất đai được chuẩn bị"
694fb81baedc69db48c75535,101/2024/NĐ-CP,"Bản đồ kết quả điều tra, đánh giá đất đai được lập"
694fb81baedc69db48c75537,101/2024/NĐ-CP,"Hồ sơ trình thẩm định kết quả điều tra, đánh giá đất đai được lập"
694fb81baedc69db48c7553a,101/2024/NĐ-CP,"Hồ sơ trình phê duyệt báo cáo tổng hợp kết quả điều tra, đánh giá đất đai được lập đầy đủ"
694fb81baedc69db48c7553f,101/2024/NĐ-CP,"Hồ sơ công bố kết quả điều tra, đánh giá đất đai được quy định"
694fb81baedc69db48c7553f,101/2024/NĐ-CP,"Quyết định phê duyệt kết quả điều tra, đánh giá đất đai được ban hành"
694fb81baedc69db48c75540,101/2024/NĐ-CP,"Hồ sơ công bố kết quả điều tra, đánh giá đất đai được lập đầy đủ"
694fb81baedc69db48c75540,101/2024/NĐ-CP,"Báo cáo tổng hợp kết quả điều tra, đánh giá đất đai được trình bày rõ ràng"
694fb81baedc69db48c75592,101/2024/NĐ-CP,Cơ quan giải quyết thủ tục trả hồ sơ cho người yêu cầu đăng ký
694fb81baedc69db48c75593,101/2024/NĐ-CP,Cơ quan giải quyết thủ tục trả hồ sơ cho người yêu cầu đăng ký
694fb81baedc69db48c755b7,101/2024/NĐ-CP,Việc trả kết quả giải quyết thủ tục cho người yêu cầu đăng ký được thực hiện theo quy định
694fb81baedc69db48c755ca,101/2024/NĐ-CP,"Thời gian thực hiện đăng ký biến động đất đai, tài sản gắn liền với đất, cấp giấy chứng nhận quyền sử dụng đất, quyền sở hữu tài sản gắn liền với đất được quy định cụ thể"
694fb81baedc69db48c755e4,101/2024/NĐ-CP,Trường hợp thửa đất gốc có giấy tờ về quyền sử dụng đất quy định tại Điều 137 của Luật Đất đai thì chủ sử dụng đất được xử lý theo quy định
694fb81baedc69db48c755e6,101/2024/NĐ-CP,Trường hợp thửa đất gốc có giấy tờ về quyền sử dụng đất quy định tại Điều 137 của Luật Đất đai thì cơ quan có thẩm quyền xử lý theo quy định
694fb81baedc69db48c755e9,101/2024/NĐ-CP,Trường hợp thửa đất gốc đã có giấy chứng nhận thì cơ quan có thẩm quyền xử lý theo quy định
694fb81baedc69db48c755f6,101/2024/NĐ-CP,"Trường hợp đã được cấp giấy chứng nhận thì thực hiện việc đăng ký biến động đất đai, tài sản gắn liền với đất theo quy định tại Điều 29 và Điều 37 của Nghị định này"
694fb81baedc69db48c755fe,101/2024/NĐ-CP,"Tại thời điểm cấp giấy chứng nhận quyền sử dụng đất, quyền sở hữu tài sản gắn liền với đất có nhà ở, nhà ở và công trình xây dựng phục vụ đời sống"
694fb81baedc69db48c75610,101/2024/NĐ-CP,"Đối với người đang sử dụng đất, chủ sở hữu tài sản gắn liền với đất là hộ gia đình, cá nhân, cộng đồng dân cư thì hồ sơ gồm hồ sơ thiết kế xây dựng công trình đã được cơ quan chuyên môn về xây dựng thẩm định"
694fb81baedc69db48c7562c,101/2024/NĐ-CP,"Trường hợp đổi tên hoặc thay đổi thông tin về người sử dụng đất, chủ sở hữu tài sản gắn liền với đất trên giấy chứng nhận đã cấp, việc nộp giấy tờ như sau"
694fb81baedc69db48c7563c,101/2024/NĐ-CP,"Trường hợp nhận quyền sử dụng đất theo kết quả giải quyết tranh chấp, khiếu nại, tố cáo về đất đai thì phải nộp một trong các văn bản sau"
694fb81baedc69db48c7563c,101/2024/NĐ-CP,"Trường hợp nhận quyền sở hữu tài sản gắn liền với đất theo kết quả giải quyết tranh chấp, khiếu nại, tố cáo về đất đai thì phải nộp một trong các văn bản sau"
694fb81baedc69db48c75641,101/2024/NĐ-CP,"Quyền sở hữu tài sản gắn liền với đất do xử lý tài sản thế chấp là quyền sử dụng đất, tài sản gắn liền với đất đã được đăng ký"
694fb81baedc69db48c75642,101/2024/NĐ-CP,"Trường hợp nhận quyền sử dụng đất, quyền sở hữu tài sản gắn liền với đất do xử lý tài sản thế chấp là quyền sử dụng đất, tài sản gắn liền với đất đã được đăng ký"
694fb81baedc69db48c75644,101/2024/NĐ-CP,"Quyền sử dụng đất, tài sản gắn liền với đất đã được đăng ký"
694fb81baedc69db48c75648,101/2024/NĐ-CP,"Trường hợp bán tài sản là tài sản công theo quy định của pháp luật về quản lý, sử dụng tài sản công thì phải nộp văn bản cho phép bán tài sản của cơ quan có thẩm quyền"
694fb81baedc69db48c75648,101/2024/NĐ-CP,"Trường hợp điều chuyển quyền sử dụng đất là tài sản công theo quy định của pháp luật về quản lý, sử dụng tài sản công thì phải nộp văn bản cho phép điều chuyển quyền sử dụng đất của cơ quan có thẩm quyền"
694fb81baedc69db48c75648,101/2024/NĐ-CP,"Trường hợp chuyển nhượng quyền sử dụng đất là tài sản công theo quy định của pháp luật về quản lý, sử dụng tài sản công thì phải nộp văn bản cho phép chuyển nhượng quyền sử dụng đất của cơ quan có thẩm quyền"
694fb81baedc69db48c75686,101/2024/NĐ-CP,"Giấy tờ về việc kê khai, đăng ký nhà, đất có xác nhận của ủy ban nhân dân cấp xã, cấp huyện hoặc cấp tỉnh tại thời điểm kê khai kể từ ngày 15 tháng 10 năm 1993 trở về sau được sử dụng để căn cứ"
694fb81baedc69db48c7568f,101/2024/NĐ-CP,"Đối với trường hợp đề nghị công nhận vào mục đích đất phi nông nghiệp quy định tại điểm c khoản 2, việc xác nhận sự phù hợp với quy hoạch được thực hiện theo quy định liên quan"
694fb81baedc69db48c756a8,101/2024/NĐ-CP,Trường hợp đo đạc lại mà diện tích thửa đất lớn hơn diện tích trên giấy chứng nhận đã cấp
694fb81baedc69db48c756ae,101/2024/NĐ-CP,Trường hợp quy định tại khoản 2 điều 30 của nghị định này thì thực hiện như sau
694fb81baedc69db48c756b0,101/2024/NĐ-CP,Trong trường hợp quy định tại khoản 2 điều 30 của nghị định này thì thực hiện như sau
694fb81baedc69db48c756b5,101/2024/NĐ-CP,Trường hợp quy định tại khoản 4 điều 30 của nghị định này xảy ra
694fb81baedc69db48c756b7,101/2024/NĐ-CP,Trường hợp quy định tại khoản 4 điều 30 của nghị định này xảy ra
694fb81baedc69db48c756bc,101/2024/NĐ-CP,Trường hợp quy định tại khoản 9 điều 30 của nghị định này được áp dụng
694fb81baedc69db48c756bd,101/2024/NĐ-CP,Trường hợp quy định tại khoản 9 điều 30 của nghị định này được áp dụng
694fb81baedc69db48c756bd,101/2024/NĐ-CP,"Trường hợp đăng ký biến động do gia hạn thời hạn sở hữu nhà ở của tổ chức, cá nhân nước ngoài theo quy định của pháp luật về nhà ở được thực hiện"
694fb81baedc69db48c756bf,101/2024/NĐ-CP,Trường hợp quy định tại khoản 10 điều 30 của nghị định này thì thực hiện như sau
694fb81baedc69db48c756c0,101/2024/NĐ-CP,Trường hợp quy định tại khoản 10 điều 30 của nghị định này xảy ra
694fb81baedc69db48c756c1,101/2024/NĐ-CP,Trường hợp quy định tại khoản 10 điều 30 của nghị định này xảy ra
694fb81baedc69db48c756c4,101/2024/NĐ-CP,Trường hợp quy định tại khoản 16 điều 30 của nghị định này thì thực hiện như sau
694fb81baedc69db48c756c5,101/2024/NĐ-CP,Trường hợp quy định tại khoản 16 điều 30 của nghị định này thì thực hiện như sau
694fb81baedc69db48c756d6,101/2024/NĐ-CP,"Nay có yêu cầu cấp đổi giấy chứng nhận quyền sử dụng đất và quyền sở hữu tài sản gắn liền với đất để ghi cả họ, tên vợ và họ, tên chồng"
694fb81baedc69db48c756eb,101/2024/NĐ-CP,Chi phí đăng tin do người sử dụng đất chi trả
694fb81baedc69db48c756eb,101/2024/NĐ-CP,Chi phí đăng tin do chủ sở hữu tài sản gắn liền với đất chi trả
694fb81baedc69db48c75712,101/2024/NĐ-CP,"Trường hợp người đang sử dụng đất nhận chuyển quyền sử dụng đất trước ngày 01 tháng 8 năm 2024 mà thửa đất đó đã có giấy chứng nhận, người đang sử dụng đất phải thực hiện thủ tục quy định"
694fb81baedc69db48c75720,101/2024/NĐ-CP,Trường hợp bên nhận chuyển nhượng dự án không phải là tổ chức kinh tế có vốn đầu tư nước ngoài và đất để thực hiện dự án chưa được cấp giấy chứng nhận thì thực hiện như sau
694fb81baedc69db48c75746,101/2024/NĐ-CP,"Trường hợp giấy chứng nhận đã cấp khi thực hiện thủ tục đăng ký biến động đất đai, tài sản gắn liền với đất có sai sót thì văn phòng đăng ký đất đai thực hiện kiểm tra"
694fb81baedc69db48c75758,101/2024/NĐ-CP,Việc hủy giấy chứng nhận được thực hiện theo quy định
694fb81baedc69db48c7575a,101/2024/NĐ-CP,Việc hủy giấy chứng nhận được thực hiện theo quy định
694fb81baedc69db48c75765,101/2024/NĐ-CP,Kết quả đăng ký biến động đất đai đã được văn phòng đăng ký đất đai thực hiện đúng quy định của pháp luật chỉ được hủy
694fb81baedc69db48c7576d,101/2024/NĐ-CP,Trường hợp kết quả đăng ký biến động đất đai đã bị hủy
694fb81baedc69db48c7576d,101/2024/NĐ-CP,Trường hợp giấy chứng nhận không được nộp lại
694fb81baedc69db48c75792,101/2024/NĐ-CP,Cơ sở dữ liệu quốc gia về đất đai theo quy định tại khoản 1 điều 165 của Luật Đất đai được phân cấp quản lý
694fb81baedc69db48c75793,101/2024/NĐ-CP,Cơ sở dữ liệu quốc gia về đất đai theo quy định tại khoản 1 điều 165 của luật đất đai được phân cấp quản lý
694fb81baedc69db48c757d2,101/2024/NĐ-CP,"Việc nộp văn bản, phiếu yêu cầu cung cấp thông tin, dữ liệu đất đai được nộp trực tiếp"
694fb81baedc69db48c757d7,101/2024/NĐ-CP,"Đối với thông tin, dữ liệu có sẵn trong cơ sở dữ liệu quốc gia về đất đai thì cung cấp ngay trong ngày làm việc"
694fb81caedc69db48c758ff,100/2024/NĐ-CP,Tổng tỷ trọng các điểm đánh giá bảo đảm là 100%
694fb81caedc69db48c758ff,100/2024/NĐ-CP,Trong trường hợp xác định tiêu chí giá bán trong đấu thầu thì không thực hiện thẩm định giá
694fb81caedc69db48c758ff,100/2024/NĐ-CP,Tổng số điểm các tiêu chí không thấp hơn 70% tổng số điểm
694fb81caedc69db48c75907,100/2024/NĐ-CP,Lãi vay được tính nếu có
694fb81caedc69db48c75923,100/2024/NĐ-CP,Lãi suất cho vay ưu đãi do tổ chức tín dụng và khách hàng thỏa thuận
694fb81caedc69db48c75936,100/2024/NĐ-CP,Trường hợp nhà ở xã hội là nhà chung cư được đầu tư xây dựng theo dự án thì nhà ở xã hội phải được thiết kế khép kín
694fb81caedc69db48c75936,100/2024/NĐ-CP,Nhà ở xã hội đó phải được xây dựng khép kín
694fb81caedc69db48c75942,100/2024/NĐ-CP,Dãy nhà phải được xây dựng khép kín
694fb81caedc69db48c7594d,100/2024/NĐ-CP,"Đối với các đối tượng quy định tại các khoản 5, 6 và 8 điều 76 của luật nhà ở phải đảm bảo điều kiện về thu nhập"
694fb81caedc69db48c7594d,100/2024/NĐ-CP,Thời gian xác định điều kiện về thu nhập là trong 01 năm liền kề
694fb81caedc69db48c75955,100/2024/NĐ-CP,R là lãi suất bảo toàn vốn đầu tư (tính theo năm) do người quyết định đầu tư quyết định
694fb81caedc69db48c75955,100/2024/NĐ-CP,N là số năm thu hồi vốn đầu tư của dự án do người quyết định đầu tư quyết định
694fb81caedc69db48c75959,100/2024/NĐ-CP,Khi xác định tổng chi phí đầu tư xây dựng thì phải giảm trừ chi phí đã được thanh toán lần đầu theo thỏa thuận trong hợp đồng
694fb81caedc69db48c75959,100/2024/NĐ-CP,Diện tích sử dụng nhà ở cho thuê mua được xác định theo quy định
694fb81caedc69db48c75970,100/2024/NĐ-CP,Cơ quan chuyên môn của ủy ban nhân dân cấp tỉnh nơi có dự án tổ chức thẩm định
694fb81caedc69db48c75973,100/2024/NĐ-CP,"Khi có văn bản thông báo kết quả thẩm định mà giá thẩm định cao hơn giá do chủ đầu tư đã ký hợp đồng, chủ đầu tư không được thu thêm"
694fb81caedc69db48c75982,100/2024/NĐ-CP,"Mức miễn, giảm tiền thuê nhà ở đối tượng quy định tại điểm a khoản 2 điều này được áp dụng"
694fb81caedc69db48c75987,100/2024/NĐ-CP,Đối tượng quy định tại khoản 5 Điều 76 của Luật Nhà ở trong trường hợp không có hợp đồng lao động phải có xác nhận về đối tượng của Ủy ban nhân dân cấp xã theo mẫu hướng dẫn của bộ trưởng Bộ Xây dựng
694fb81caedc69db48c75988,100/2024/NĐ-CP,"Nếu hồ sơ không có đủ các giấy tờ theo quy định, cơ quan tiếp nhận hồ sơ phải trả lời ngay"
694fb81caedc69db48c75989,100/2024/NĐ-CP,Các đối tượng còn lại được tiếp tục tham gia bốc thăm
694fb81caedc69db48c7598a,100/2024/NĐ-CP,"Trên cơ sở báo cáo của cơ quan quản lý nhà ở, cơ quan đại diện chủ sở hữu nhà ở xem xét"
694fb81caedc69db48c7598f,100/2024/NĐ-CP,"Việc xét duyệt, lựa chọn đối tượng được thuê thực hiện theo hình thức bốc thăm trực tiếp do cơ quan quản lý nhà ở của Tổng liên đoàn lao động Việt Nam thực hiện"
694fb81caedc69db48c75b18,98/2024/NĐ-CP,Quy hoạch chi tiết được cơ quan có thẩm quyền phê duyệt
694fb81caedc69db48c75b2b,98/2024/NĐ-CP,"Kế hoạch cải tạo, xây dựng lại nhà chung cư đã được ủy ban nhân dân cấp tỉnh phê duyệt"
694fb81caedc69db48c75b2c,98/2024/NĐ-CP,"Nhà đầu tư phải có văn bản thỏa thuận chuyển nhượng quyền sử dụng đất theo mẫu số 07 ngoài các giấy tờ quy định tại các điểm a, b, c và d khoản này trong trường hợp thỏa thuận chuyển nhượng quyền sử dụng đất để thực hiện dự án cải tạo, xây dựng lại nhà chung cư theo quy định tại điều 16 của nghị định này"
694fb81caedc69db48c75b2e,98/2024/NĐ-CP,Hồ sơ đề nghị chấp thuận chủ trương đầu tư dự án do cơ quan quản lý nhà ở cấp tỉnh đề xuất
694fb81caedc69db48c75b30,98/2024/NĐ-CP,Báo cáo về việc lấy ý kiến lựa chọn nhà đầu tư dự án tại hội nghị nhà chung cư phải có thời gian thực hiện lựa chọn
694fb81caedc69db48c75b54,98/2024/NĐ-CP,Văn bản chấp thuận chủ trương đầu tư bao gồm ưu đãi
694fb81caedc69db48c75b54,98/2024/NĐ-CP,Văn bản chấp thuận chủ trương đầu tư bao gồm hỗ trợ đầu tư
694fb81caedc69db48c75bb2,98/2024/NĐ-CP,Nhà chung cư có các kết cấu chịu lực chính của công trình xuất hiện tình trạng nguy hiểm tổng thể
694fb81caedc69db48c75bc3,98/2024/NĐ-CP,"Chủ sở hữu, người sử dụng nhà chung cư không di dời"
694fb81caedc69db48c75bd9,98/2024/NĐ-CP,"Giá thuê diện tích kinh doanh dịch vụ, thương mại do các bên thỏa thuận"
694fb81caedc69db48c75be8,98/2024/NĐ-CP,"Đối với diện tích sử dụng nhà ở, diện tích sử dụng nhà ở hiện có (m2) được bồi thường theo nguyên tắc nhân (x) giá nhà ở xây dựng mới do Ủy ban nhân dân cấp tỉnh ban hành còn hiệu lực thi hành tại thời điểm lập phương án bồi thường, tái định cư"
694fb81caedc69db48c75bf9,98/2024/NĐ-CP,"Trường hợp có căn hộ chung cư thuộc tài sản công hỗn hợp với căn hộ thuộc sở hữu của tổ chức, cá nhân trong nhà chung cư thuộc diện cải tạo, xây dựng lại nhà chung cư thì việc bồi thường, tái định cư được thực hiện"
694fb81caedc69db48c75bfb,98/2024/NĐ-CP,"Trường hợp toàn bộ nhà chung cư thuộc tài sản công được cải tạo, xây dựng lại bằng nguồn vốn ngân sách quy định tại điểm a khoản 2 điều 62 của luật nhà ở, việc bồi thường, tái định cư được thực hiện theo quy định"
694fb81caedc69db48c75c16,98/2024/NĐ-CP,Trong chấp thuận chủ trương đầu tư đồng thời chấp thuận nhà đầu tư làm chủ đầu tư dự án phải xác định rõ phần diện tích đất được giao thêm cho chủ đầu tư
694fb81caedc69db48c75c76,98/2024/NĐ-CP,Trường hợp đề xuất hưởng các cơ chế ưu đãi đầu tư theo quy định tại điểm c khoản 2 điều 198 của luật nhà ở thì thực hiện như sau
694fb81caedc69db48c75c77,98/2024/NĐ-CP,Trường hợp đề xuất hưởng các cơ chế ưu đãi đầu tư theo quy định tại điểm c khoản 2 điều 198 của Luật Nhà ở thì thực hiện như sau
694fb81caedc69db48c75c78,98/2024/NĐ-CP,Trường hợp đề xuất hưởng các cơ chế ưu đãi đầu tư theo quy định tại điểm c khoản 2 điều 198 của luật nhà ở thì thực hiện như sau
694fb81caedc69db48c75c79,98/2024/NĐ-CP,Trường hợp đề xuất hưởng các cơ chế ưu đãi đầu tư theo quy định tại điểm c khoản 2 điều 198 của luật nhà ở thì thực hiện trong thời hạn tối đa 10 ngày kể từ ngày nhận được góp ý của các cơ quan quy định tại điểm c khoản này
694fb81caedc69db48c75c79,98/2024/NĐ-CP,Cơ quan quản lý nhà ở cấp tỉnh đề nghị ủy ban nhân dân cấp tỉnh chấp thuận
694fb81caedc69db48c75c81,98/2024/NĐ-CP,Tổng vốn đầu tư là ……
694fb81caedc69db48c75c81,98/2024/NĐ-CP,(bằng chữ) đồng và tương đương ……
694fb81caedc69db48c75c81,98/2024/NĐ-CP,(bằng chữ) đô la Mỹ
694fb81caedc69db48c75c81,98/2024/NĐ-CP,ngày ……
694fb81caedc69db48c75c81,98/2024/NĐ-CP,của ………
694fb81caedc69db48c75c81,98/2024/NĐ-CP,Vốn góp của nhà đầu tư là ……
694fb81caedc69db48c75c81,98/2024/NĐ-CP,(bằng chữ) đồng và tương đương ……
694fb81caedc69db48c75c81,98/2024/NĐ-CP,(bằng chữ) đô la Mỹ
694fb81caedc69db48c75c81,98/2024/NĐ-CP,Vốn huy động là ……
694fb81caedc69db48c75c81,98/2024/NĐ-CP,(bằng chữ) đồng và tương đương ……
694fb81caedc69db48c75c81,98/2024/NĐ-CP,(bằng chữ) đô la Mỹ
694fb81caedc69db48c75c81,98/2024/NĐ-CP,Vốn vay từ các tổ chức tín dụng là ………
694fb81caedc69db48c75ca0,98/2024/NĐ-CP,Hồ sơ kèm theo đề xuất dự án đầu tư được nộp
694fb81caedc69db48c75ca1,98/2024/NĐ-CP,Ủy ban nhân dân Cộng hòa Xã hội Chủ nghĩa Việt Nam tỉnh/thành phố
694fb81caedc69db48c75ca1,98/2024/NĐ-CP,độc lập - tự do - hạnh phúc số:… /QĐ-…
694fb81caedc69db48c75ca1,98/2024/NĐ-CP,", ngày"
694fb81caedc69db48c75ca1,98/2024/NĐ-CP,tháng
694fb81caedc69db48c75ca1,98/2024/NĐ-CP,năm
694fb81caedc69db48c75ca1,98/2024/NĐ-CP,chấp thuận chủ trương đầu tư
694fb81caedc69db48c75ca1,98/2024/NĐ-CP,Ủy ban nhân dân tỉnh/thành phố…
694fb81caedc69db48c75ca1,98/2024/NĐ-CP,cấp lần đầu vào ngày…
694fb81caedc69db48c75ca1,98/2024/NĐ-CP,tháng…
694fb81caedc69db48c75ca1,98/2024/NĐ-CP,năm……
694fb81caedc69db48c75ca1,98/2024/NĐ-CP,"Ủy ban nhân dân tỉnh/thành phố căn cứ quy định chức năng, nhiệm vụ, quyền hạn và tổ chức bộ máy của"
694fb81caedc69db48c75ca1,98/2024/NĐ-CP,nộp ngày
694fb81caedc69db48c75ca1,98/2024/NĐ-CP,nếu có
694fb81caedc69db48c75ca1,98/2024/NĐ-CP,ngày
694fb81caedc69db48c75ca1,98/2024/NĐ-CP,tháng
694fb81caedc69db48c75ca1,98/2024/NĐ-CP,năm
694fb81caedc69db48c75ca1,98/2024/NĐ-CP,của
694fb81caedc69db48c75ca1,98/2024/NĐ-CP,Ủy ban nhân dân tỉnh/thành phố quyết định
694fb81caedc69db48c75cbe,98/2024/NĐ-CP,Vốn huy động được ước tính dự kiến
694fb81caedc69db48c75cc6,98/2024/NĐ-CP,Quyền của bên chuyển nhượng quyền do các bên thỏa thuận nếu có
694fb81caedc69db48c75cc6,98/2024/NĐ-CP,Trách nhiệm của bên chuyển nhượng quyền do các bên thỏa thuận nếu có
694fb81caedc69db48c75cc6,98/2024/NĐ-CP,Trách nhiệm khác của bên chuyển nhượng quyền do các bên thỏa thuận nếu có
694fb81caedc69db48c75ce5,96/2024/NĐ-CP,Diện tích sàn xây dựng có công năng phục vụ mục đích văn phòng gồm văn phòng kết hợp lưu trú
694fb81caedc69db48c75d02,96/2024/NĐ-CP,Trường hợp giao dịch 01 lần trong một năm thì không tính giá trị giao dịch đó
694fb81caedc69db48c75d0e,96/2024/NĐ-CP,Quyết định phê duyệt do cơ quan nhà nước có thẩm quyền ban hành
694fb81caedc69db48c75d4c,96/2024/NĐ-CP,Nếu có tranh chấp thì các bên liên quan căn cứ theo quy định của bộ luật dân sự để giải quyết
694fb81caedc69db48c75d4c,96/2024/NĐ-CP,Nếu có tranh chấp thì các bên liên quan căn cứ theo quy định của pháp luật có liên quan để giải quyết
694fb81caedc69db48c75d51,96/2024/NĐ-CP,Trường hợp công chứng hợp đồng chuyển nhượng hợp đồng thì phải có thêm 01 bản hợp đồng chuyển nhượng hợp đồng để lưu tại tổ chức hành nghề công chứng
694fb81caedc69db48c75d52,96/2024/NĐ-CP,Trừ trường hợp các bên có nhu cầu thực hiện công chứng
694fb81caedc69db48c75d6d,96/2024/NĐ-CP,Trong văn bản xác nhận giao dịch bất động sản phải có đủ chữ ký của đại diện doanh nghiệp là chủ đầu tư dự án hoặc chủ sở hữu của bất động sản
694fb81caedc69db48c75d6d,96/2024/NĐ-CP,Trong văn bản xác nhận giao dịch bất động sản phải có đủ chữ ký của đại diện sàn giao dịch bất động sản
694fb81caedc69db48c75d6d,96/2024/NĐ-CP,Trong văn bản xác nhận giao dịch bất động sản phải có đủ chữ ký của cá nhân môi giới
694fb81caedc69db48c75d6d,96/2024/NĐ-CP,Trong văn bản xác nhận giao dịch bất động sản phải có con dấu của doanh nghiệp tương ứng với các hình thức giao dịch
694fb81caedc69db48c75d79,96/2024/NĐ-CP,Sàn giao dịch bất động sản tự tạm ngừng hoạt động
694fb81caedc69db48c75d7a,96/2024/NĐ-CP,Sàn giao dịch bất động sản tự tạm ngừng hoạt động
694fb81caedc69db48c75d7c,96/2024/NĐ-CP,Sàn giao dịch bất động sản tạm ngừng hoạt động
694fb81caedc69db48c75d8a,96/2024/NĐ-CP,Việc thanh quyết toán kinh phí dự thi phải được chủ tịch hội đồng thi phê duyệt
694fb81caedc69db48c75da7,96/2024/NĐ-CP,Hình thức thi phần kiến thức cơ sở là thi viết
694fb81caedc69db48c75da7,96/2024/NĐ-CP,Hình thức thi phần kiến thức cơ sở là thi trắc nghiệm
694fb81caedc69db48c75da8,96/2024/NĐ-CP,Hình thức thi phần kiến thức chuyên môn gồm thi viết
694fb81caedc69db48c75da8,96/2024/NĐ-CP,Hình thức thi phần kiến thức chuyên môn gồm thi trắc nghiệm
694fb81caedc69db48c75da8,96/2024/NĐ-CP,Hình thức thi phần kiến thức chuyên môn gồm kết hợp thi viết và thi trắc nghiệm
694fb81caedc69db48c75da8,96/2024/NĐ-CP,Thời gian thi phần kiến thức chuyên môn là 120 phút
694fb81daedc69db48c765ea,95/2024/NĐ-CP,"Trước khi cấp giấy chứng nhận cho tổ chức, cá nhân nước ngoài, cơ quan có thẩm quyền cấp giấy chứng nhận phải kiểm tra thông tin do cơ quan quản lý nhà ở cấp tỉnh đăng tải"
694fb81daedc69db48c76ac1,94/2024/NĐ-CP,Thông tin về cơ cấu sản phẩm theo số lượng và diện tích các loại bất động sản trong dự án được bao gồm
694fb81daedc69db48c76ac1,94/2024/NĐ-CP,Dữ liệu về cơ cấu sản phẩm theo số lượng và diện tích các loại bất động sản trong dự án được bao gồm
694fb81daedc69db48c76ae1,94/2024/NĐ-CP,Dữ liệu sẵn có về nhà ở và thị trường bất động sản được số hóa
694fb81daedc69db48c76b07,94/2024/NĐ-CP,"Cơ quan quản lý hệ thống thông tin về nhà ở và thị trường bất động sản cấp tỉnh phải thực hiện kiểm tra, rà soát các báo cáo của cơ quan, tổ chức trước khi gửi các báo cáo đó về Bộ Xây dựng"
694fb81daedc69db48c76b1c,94/2024/NĐ-CP,Việc lựa chọn tổ chức có đủ điều kiện năng lực để đảm nhận thực hiện một số nội dung trong việc xây dựng hệ thống thông tin về nhà ở và thị trường bất động sản theo quy định pháp luật về ngân sách nhà nước được tiến hành
694fb81daedc69db48c76b1c,94/2024/NĐ-CP,Việc lựa chọn tổ chức có đủ điều kiện năng lực để đảm nhận thực hiện một số nội dung trong việc quản lý hệ thống thông tin về nhà ở và thị trường bất động sản theo quy định pháp luật về ngân sách nhà nước được tiến hành
694fb81daedc69db48c76b1d,94/2024/NĐ-CP,Việc lựa chọn tổ chức có đủ điều kiện năng lực đảm nhận thực hiện một số nội dung trong việc xây dựng hệ thống thông tin về nhà ở và thị trường bất động sản theo quy định pháp luật về ngân sách nhà nước là bắt buộc
694fb81daedc69db48c76b1d,94/2024/NĐ-CP,Việc lựa chọn tổ chức có đủ điều kiện năng lực đảm nhận thực hiện một số nội dung trong việc quản lý hệ thống thông tin về nhà ở và thị trường bất động sản theo quy định pháp luật đầu tư công là bắt buộc
694fb81daedc69db48c76b1d,94/2024/NĐ-CP,Việc lựa chọn tổ chức có đủ điều kiện năng lực đảm nhận thực hiện một số nội dung trong việc quản lý hệ thống thông tin về nhà ở và thị trường bất động sản theo quy định pháp luật đấu thầu là bắt buộc
694fb81daedc69db48c76b1d,94/2024/NĐ-CP,Việc lựa chọn tổ chức có đủ điều kiện năng lực đảm nhận thực hiện một số nội dung trong việc quản lý hệ thống thông tin về nhà ở và thị trường bất động sản theo quy định pháp luật an toàn thông tin mạng là bắt buộc
694fb81daedc69db48c76b1d,94/2024/NĐ-CP,Việc lựa chọn tổ chức có đủ điều kiện năng lực đảm nhận thực hiện một số nội dung trong việc quản lý hệ thống thông tin về nhà ở và thị trường bất động sản theo quy định pháp luật an ninh mạng là bắt buộc
694fb81daedc69db48c76b1d,94/2024/NĐ-CP,Việc lựa chọn tổ chức có đủ điều kiện năng lực đảm nhận thực hiện một số nội dung trong việc quản lý hệ thống thông tin về nhà ở và thị trường bất động sản theo quy định về quản lý đầu tư ứng dụng công nghệ thông tin sử dụng nguồn vốn ngân sách nhà nước là bắt buộc
694fb81daedc69db48c76b36,94/2024/NĐ-CP,xaydung
694fb81daedc69db48c76b36,94/2024/NĐ-CP,gov
694fb81daedc69db48c76b36,94/2024/NĐ-CP,vn
694fb81daedc69db48c76b36,94/2024/NĐ-CP,xaydung
694fb81daedc69db48c76b36,94/2024/NĐ-CP,gov
694fb81daedc69db48c76b36,94/2024/NĐ-CP,vn
694fb81daedc69db48c76b3c,94/2024/NĐ-CP,"Trong thời hạn không quá 07 ngày làm việc kể từ khi nhận được yêu cầu, cơ quan, đơn vị được giao quản lý, cung cấp thông tin, dữ liệu về nhà ở và thị trường bất động sản xem xét cấp quyền truy cập quyền khai thác, sử dụng thông tin, dữ liệu về nhà ở và thị trường bất động sản hợp lệ"
694fb81daedc69db48c76b56,94/2024/NĐ-CP,"Thông tin liên quan đến nhà ở và thị trường bất động sản địa phương do cơ quan, tổ chức, cá nhân chia sẻ, cung cấp"
694fb81daedc69db48c76b93,88/2024/NĐ-CP,Phương án di chuyển các công trình hạ tầng trong phạm vi đất thu hồi được thực hiện nếu có
694fb81daedc69db48c76b97,88/2024/NĐ-CP,"Các nội dung khác liên quan đến bồi thường, hỗ trợ, tái định cư được xác định nếu có"
694fb81daedc69db48c76b9d,88/2024/NĐ-CP,Các khoản hỗ trợ gồm hỗ trợ ổn định sản xuất kinh doanh
694fb81daedc69db48c76b9d,88/2024/NĐ-CP,Các khoản hỗ trợ gồm hỗ trợ tái định cư
694fb81daedc69db48c76b9d,88/2024/NĐ-CP,"Các khoản hỗ trợ gồm hỗ trợ để tháo dỡ, phá dỡ, di dời"
694fb81daedc69db48c76bc5,88/2024/NĐ-CP,Việc bồi thường về đất thực hiện theo quy định
694fb81daedc69db48c76bc5,88/2024/NĐ-CP,"Đối với diện tích đất đã xây dựng nhà ở, nhà ở và công trình phục vụ đời sống lớn hơn diện tích đất ở được công nhận quy định tại khoản 5 điều 141 của luật đất đai được bồi thường về đất ở theo diện tích đất thực tế xây dựng nhà ở, nhà ở và công trình phục vụ đời sống đó"
694fb81daedc69db48c76bc7,88/2024/NĐ-CP,"Trường hợp thu hồi diện tích đất sử dụng vào mục đích sản xuất, kinh doanh phi nông nghiệp, thương mại, dịch vụ thì bồi thường theo diện tích thực tế đã sử dụng bị thu hồi"
694fb81daedc69db48c76bc7,88/2024/NĐ-CP,Thời hạn sử dụng đất tính bồi thường là ổn định lâu dài
694fb81daedc69db48c76bc8,88/2024/NĐ-CP,"Đối với phần diện tích đất còn lại của thửa đất không được bồi thường đất ở và đất cơ sở sản xuất phi nông nghiệp, đất thương mại, dịch vụ theo quy định tại điểm a và điểm c khoản này thì phần diện tích đất đó được bồi thường theo loại đất nông nghiệp"
694fb81daedc69db48c76bca,88/2024/NĐ-CP,"Đối với diện tích đất đã xây dựng nhà ở, nhà ở và công trình phục vụ đời sống lớn hơn diện tích đất ở được công nhận quy định tại khoản 5 điều 141 của Luật Đất đai thì được bồi thường về đất ở theo diện tích đất thực tế xây dựng nhà ở, nhà ở và công trình phục vụ đời sống đó"
694fb81daedc69db48c76bcb,88/2024/NĐ-CP,Việc bồi thường về đất được thực hiện theo quy định
694fb81daedc69db48c76bcc,88/2024/NĐ-CP,"Trường hợp thu hồi diện tích đất sử dụng vào mục đích sản xuất, kinh doanh phi nông nghiệp, thương mại, dịch vụ thì bồi thường theo diện tích đất thực tế đã sử dụng bị thu hồi"
694fb81daedc69db48c76bf0,88/2024/NĐ-CP,"Đối với diện tích đất nông nghiệp do người sử dụng đất nhận chuyển quyền sử dụng đất vượt hạn mức trước ngày 01 tháng 7 năm 2014 thì việc bồi thường, hỗ trợ được thực hiện"
694fb81daedc69db48c76bf9,88/2024/NĐ-CP,"Hộ gia đình, cá nhân nếu đủ điều kiện được bồi thường quy định tại khoản 3 điều 5 của nghị định này thì việc bồi thường về đất thực hiện theo quy định như sau"
694fb81daedc69db48c76bfa,88/2024/NĐ-CP,Hộ gia đình và cá nhân nếu đủ điều kiện được bồi thường quy định tại khoản 3 điều 5 của nghị định này thì việc bồi thường về đất thực hiện theo quy định
694fb81daedc69db48c76bfc,88/2024/NĐ-CP,"Việc bồi thường về đất đối với hộ gia đình, cá nhân đang sử dụng đất phi nông nghiệp không phải là đất ở thuộc đất sử dụng có thời hạn quy định tại khoản 1 điều 99 của Luật Đất đai được thực hiện"
694fb81daedc69db48c76bfd,88/2024/NĐ-CP,"Việc bồi thường về đất đối với hộ gia đình, cá nhân đang sử dụng đất phi nông nghiệp không phải là đất ở thuộc đất sử dụng có thời hạn quy định tại khoản 1 điều 99 của luật đất đai được thực hiện"
694fb81daedc69db48c76bfe,88/2024/NĐ-CP,"Việc bồi thường về đất đối với hộ gia đình, cá nhân đang sử dụng đất phi nông nghiệp không phải là đất ở thuộc đất sử dụng có thời hạn quy định tại khoản 1 điều 99 của luật đất đai được thực hiện"
694fb81daedc69db48c76c09,88/2024/NĐ-CP,"Việc bồi thường đối với nhà, công trình xây dựng khác quy định tại điểm b khoản 2 điều 102 của Luật Đất đai được thực hiện theo quy định"
694fb81daedc69db48c76c0a,88/2024/NĐ-CP,"Việc bồi thường đối với nhà, công trình xây dựng khác quy định tại điểm b khoản 2 điều 102 của luật đất đai được thực hiện theo quy định"
694fb81daedc69db48c76c0a,88/2024/NĐ-CP,"T là thời gian khấu hao áp dụng đối với nhà, công trình xây dựng bị thiệt hại"
694fb81daedc69db48c76c0c,88/2024/NĐ-CP,"Việc bồi thường đối với nhà, công trình xây dựng khác quy định tại điểm b khoản 2 điều 102 của Luật Đất đai được thực hiện theo quy định"
694fb81daedc69db48c76c22,88/2024/NĐ-CP,Giá đất nông nghiệp tính bình quân mỗi mét vuông ký hiệu là g4
694fb81daedc69db48c76c22,88/2024/NĐ-CP,Diện tích đất bị thay đổi mục đích sử dụng đất ký hiệu là s
694fb81daedc69db48c76c2a,88/2024/NĐ-CP,Nếu thu hồi từ 30% đến 70% diện tích đất nông nghiệp đang sử dụng thì được hỗ trợ trong thời gian 6 tháng nếu không phải di chuyển chỗ ở
694fb81daedc69db48c76c2a,88/2024/NĐ-CP,Nếu thu hồi từ 30% đến 70% diện tích đất nông nghiệp đang sử dụng thì được hỗ trợ trong thời gian 12 tháng nếu phải di chuyển chỗ ở
694fb81daedc69db48c76c2a,88/2024/NĐ-CP,Nếu thu hồi trên 70% diện tích đất nông nghiệp đang sử dụng thì được hỗ trợ trong thời gian 12 tháng nếu không phải di chuyển chỗ ở
694fb81daedc69db48c76c2a,88/2024/NĐ-CP,Nếu thu hồi trên 70% diện tích đất nông nghiệp đang sử dụng thì được hỗ trợ trong thời gian 24 tháng nếu phải di chuyển chỗ ở
694fb81daedc69db48c76c2a,88/2024/NĐ-CP,Nếu phải di chuyển đến vùng có điều kiện kinh tế xã hội khó khăn hoặc có điều kiện kinh tế - xã hội đặc biệt khó khăn thì thời gian hỗ trợ tối đa là 36 tháng
694fb81daedc69db48c76c36,88/2024/NĐ-CP,"Việc hỗ trợ ổn định sản xuất, kinh doanh được thực hiện theo quy định"
694fb81daedc69db48c76c36,88/2024/NĐ-CP,"Hộ gia đình, cá nhân bị thu hồi đất nông nghiệp được hỗ trợ ổn định sản xuất, kinh doanh"
694fb81daedc69db48c76c54,88/2024/NĐ-CP,"Về quỹ đất, quỹ nhà để bố trí tái định cư thực hiện theo quy định sau đây"
694fb81daedc69db48c76c55,88/2024/NĐ-CP,"Về quỹ đất, quỹ nhà để bố trí tái định cư được thực hiện theo quy định sau đây"
694fb81daedc69db48c76c57,88/2024/NĐ-CP,"Về quỹ đất, quỹ nhà để bố trí tái định cư thực hiện theo quy định sau đây"
694fb81daedc69db48c76c5b,88/2024/NĐ-CP,"Đến thời điểm phê duyệt phương án bồi thường, hỗ trợ, tái định cư, khoản tiền chưa thực hiện nghĩa vụ tài chính về đất đai vẫn chưa được nộp"
694fb81daedc69db48c76c5d,88/2024/NĐ-CP,Không trừ các khoản tiền được bồi thường chi phí di chuyển vào khoản tiền chưa thực hiện nghĩa vụ tài chính về đất đai
694fb81daedc69db48c76c5d,88/2024/NĐ-CP,Không trừ các khoản tiền được bồi thường thiệt hại về tài sản vào khoản tiền chưa thực hiện nghĩa vụ tài chính về đất đai
694fb81daedc69db48c76c5d,88/2024/NĐ-CP,Không trừ các khoản tiền được bồi thường do ngừng sản xuất kinh doanh vào khoản tiền chưa thực hiện nghĩa vụ tài chính về đất đai
694fb81daedc69db48c76c5d,88/2024/NĐ-CP,Không trừ các khoản tiền được hỗ trợ vào khoản tiền chưa thực hiện nghĩa vụ tài chính về đất đai
694fb81daedc69db48c76c60,88/2024/NĐ-CP,"Trường hợp tiền bồi thường về đất nhỏ hơn tiền đất ở, nhà ở hoặc tiền nhà ở tái định cư được xác định"
694fb81daedc69db48c76c73,88/2024/NĐ-CP,"Đơn vị, tổ chức thực hiện nhiệm vụ bồi thường, hỗ trợ, tái định cư trình cơ quan nhà nước có thẩm quyền phê duyệt phương án bồi thường, hỗ trợ, tái định cư quyết định"
694fb81daedc69db48c76c8c,88/2024/NĐ-CP,"Kinh phí bồi thường, hỗ trợ, tái định cư khi Nhà nước thu hồi đất để thực hiện các dự án được quy định"
694fb81daedc69db48c76c8e,88/2024/NĐ-CP,"Kinh phí bồi thường, hỗ trợ, tái định cư khi nhà nước thu hồi đất để thực hiện các dự án được quy định"
694fb81daedc69db48c76d2e,44/2022/NĐ-CP,"Thông tin, dữ liệu về số lượng các loại bất động sản bao gồm căn hộ chung cư để ở"
694fb81daedc69db48c76d2e,44/2022/NĐ-CP,"Thông tin, dữ liệu về diện tích các loại bất động sản bao gồm căn hộ chung cư để ở"
694fb81daedc69db48c76d30,44/2022/NĐ-CP,Thông tin về số lượng các loại bất động sản bao gồm mặt bằng thương mại - dịch vụ và văn phòng cho thuê
694fb81daedc69db48c76d30,44/2022/NĐ-CP,Dữ liệu về diện tích các loại bất động sản bao gồm mặt bằng thương mại - dịch vụ và văn phòng cho thuê
694fb81daedc69db48c76d31,44/2022/NĐ-CP,"Thông tin về số lượng các loại bất động sản bao gồm biệt thự du lịch, căn hộ du lịch, khách sạn được thu thập"
694fb81daedc69db48c76d31,44/2022/NĐ-CP,"Dữ liệu về diện tích các loại bất động sản bao gồm biệt thự du lịch, căn hộ du lịch, khách sạn được thống kê"
694fb81daedc69db48c76d32,44/2022/NĐ-CP,"Thông tin về số lượng các loại bất động sản bao gồm nhà xưởng, đất sản xuất trong khu công nghiệp và cụm công nghiệp được thu thập"
694fb81daedc69db48c76d32,44/2022/NĐ-CP,"Dữ liệu về diện tích các loại bất động sản bao gồm nhà xưởng, đất sản xuất trong khu công nghiệp và cụm công nghiệp được tổng hợp"
694fb81daedc69db48c76d39,44/2022/NĐ-CP,Thông tin về sàn giao dịch bất động sản được thu thập
694fb81daedc69db48c76d3b,44/2022/NĐ-CP,"Thông tin về các loại bất động sản giao dịch chuyển nhượng, mua bán thông qua sàn giao dịch được bao gồm"
694fb81daedc69db48c76d3b,44/2022/NĐ-CP,"Dữ liệu về các loại bất động sản giao dịch chuyển nhượng, mua bán thông qua sàn giao dịch được bao gồm"
694fb81daedc69db48c76d58,44/2022/NĐ-CP,"Nguồn thu thập thông tin, dữ liệu là dữ liệu về chương trình"
694fb81daedc69db48c76d72,44/2022/NĐ-CP,"Thời hạn chốt số liệu và gửi biểu mẫu chia sẻ, cung cấp thông tin, dữ liệu do Bộ Xây dựng quy định"
694fb81daedc69db48c76d7b,44/2022/NĐ-CP,"Cơ quan quản lý hệ thống thông tin về nhà ở và thị trường bất động sản cấp tỉnh phải thực hiện kiểm tra, rà soát các báo cáo của cơ quan, tổ chức theo quy định của nghị định này trước khi gửi về Bộ Xây dựng"
694fb81daedc69db48c76d8c,44/2022/NĐ-CP,Việc lựa chọn tổ chức có đủ điều kiện năng lực đảm nhận thực hiện một số nội dung trong việc xây dựng hệ thống thông tin về nhà ở và thị trường bất động sản theo quy định pháp luật về ngân sách nhà nước được thực hiện
694fb81daedc69db48c76d8c,44/2022/NĐ-CP,Việc lựa chọn tổ chức có đủ điều kiện năng lực đảm nhận thực hiện một số nội dung trong việc quản lý hệ thống thông tin về nhà ở và thị trường bất động sản theo quy định pháp luật về đầu tư công được thực hiện
694fb81daedc69db48c76d8c,44/2022/NĐ-CP,Việc lựa chọn tổ chức có đủ điều kiện năng lực đảm nhận thực hiện một số nội dung trong việc quản lý hệ thống thông tin về nhà ở và thị trường bất động sản theo quy định pháp luật đấu thầu được thực hiện
694fb81daedc69db48c76d8c,44/2022/NĐ-CP,Việc lựa chọn tổ chức có đủ điều kiện năng lực đảm nhận thực hiện một số nội dung trong việc quản lý hệ thống thông tin về nhà ở và thị trường bất động sản theo quy định pháp luật an toàn thông tin mạng được thực hiện
694fb81daedc69db48c76d8c,44/2022/NĐ-CP,Việc lựa chọn tổ chức có đủ điều kiện năng lực đảm nhận thực hiện một số nội dung trong việc quản lý hệ thống thông tin về nhà ở và thị trường bất động sản theo quy định pháp luật an ninh mạng được thực hiện
694fb81daedc69db48c76d8c,44/2022/NĐ-CP,Việc lựa chọn tổ chức có đủ điều kiện năng lực đảm nhận thực hiện một số nội dung trong việc quản lý hệ thống thông tin về nhà ở và thị trường bất động sản theo quy định về quản lý đầu tư ứng dụng công nghệ thông tin sử dụng nguồn vốn ngân sách nhà nước được thực hiện
694fb81daedc69db48c76d8d,44/2022/NĐ-CP,"Việc lựa chọn tổ chức có đủ điều kiện năng lực đảm nhận thực hiện một số nội dung trong việc xây dựng hệ thống thông tin về nhà ở và thị trường bất động sản theo quy định pháp luật về ngân sách nhà nước, pháp luật đầu tư công, pháp luật đấu thầu, pháp luật an toàn thông tin mạng, pháp luật an ninh mạng và quy định về quản lý đầu tư ứng dụng công nghệ thông tin sử dụng nguồn vốn ngân sách nhà nước là cần thiết"
694fb81daedc69db48c76d8d,44/2022/NĐ-CP,"Việc lựa chọn tổ chức có đủ điều kiện năng lực đảm nhận thực hiện một số nội dung trong việc quản lý hệ thống thông tin về nhà ở và thị trường bất động sản theo quy định pháp luật về ngân sách nhà nước, pháp luật đầu tư công, pháp luật đấu thầu, pháp luật an toàn thông tin mạng, pháp luật an ninh mạng và quy định về quản lý đầu tư ứng dụng công nghệ thông tin sử dụng nguồn vốn ngân sách nhà nước là cần thiết"
694fb81daedc69db48c76d9a,44/2022/NĐ-CP,batdongsan
694fb81daedc69db48c76d9a,44/2022/NĐ-CP,xaydung
694fb81daedc69db48c76d9a,44/2022/NĐ-CP,gov
694fb81daedc69db48c76d9a,44/2022/NĐ-CP,vn)
694fb81daedc69db48c76da3,44/2022/NĐ-CP,"Đối tượng, phạm vi khai thác và sử dụng các cơ quan, tổ chức, cá nhân ngoài quy định tại điểm a, b khoản này được xác định"
694fb81eaedc69db48c76e0f,96/2019/NĐ-CP,Khung giá đất ở tại nông thôn được quy định trong Phụ lục VI
694fb81eaedc69db48c76e13,96/2019/NĐ-CP,"Khung giá đất thương mại, dịch vụ tại đô thị được quy định tại phụ lục x"
694fb81eaedc69db48c76ec6,48/2024/TT-BTNMT,Nội dung công việc 1
694fb81eaedc69db48c76ec6,48/2024/TT-BTNMT,Nội dung công việc 1
694fb81eaedc69db48c76ec6,48/2024/TT-BTNMT,Nội dung công việc 1
694fb81eaedc69db48c76ec6,48/2024/TT-BTNMT,Nội dung công việc 1
694fb81eaedc69db48c76ec6,48/2024/TT-BTNMT,Nội dung công việc 1
694fb81eaedc69db48c76ec6,48/2024/TT-BTNMT,2
694fb81eaedc69db48c76ec6,48/2024/TT-BTNMT,Nội dung công việc 1
694fb81eaedc69db48c76ec6,48/2024/TT-BTNMT,2
694fb81eaedc69db48c76ec6,48/2024/TT-BTNMT,Nội dung công việc 1
694fb81eaedc69db48c76ec6,48/2024/TT-BTNMT,2
694fb81eaedc69db48c76ec6,48/2024/TT-BTNMT,Nội dung công việc 1
694fb81eaedc69db48c76ec6,48/2024/TT-BTNMT,Nội dung công việc 1
694fb81eaedc69db48c76ec6,48/2024/TT-BTNMT,Nội dung công việc 1
694fb81eaedc69db48c76ec6,48/2024/TT-BTNMT,Nội dung công việc 1
694fb81eaedc69db48c76ec6,48/2024/TT-BTNMT,3
694fb81eaedc69db48c76ec6,48/2024/TT-BTNMT,Nội dung công việc 1
694fb81eaedc69db48c76ec6,48/2024/TT-BTNMT,3
694fb81eaedc69db48c76ec6,48/2024/TT-BTNMT,Nội dung công việc 1
694fb81eaedc69db48c76ec6,48/2024/TT-BTNMT,3
694fb81eaedc69db48c76ec6,48/2024/TT-BTNMT,Nội dung công việc 1
694fb81eaedc69db48c76ec6,48/2024/TT-BTNMT,3
694fb81eaedc69db48c76ec6,48/2024/TT-BTNMT,Nội dung công việc 1
694fb81eaedc69db48c76ec6,48/2024/TT-BTNMT,3
694fb81eaedc69db48c76ec7,48/2024/TT-BTNMT,Nội dung công việc 1
694fb81eaedc69db48c76ec7,48/2024/TT-BTNMT,1
694fb81eaedc69db48c76ec7,48/2024/TT-BTNMT,Nội dung công việc 1
694fb81eaedc69db48c76ec7,48/2024/TT-BTNMT,1
694fb81eaedc69db48c76ec7,48/2024/TT-BTNMT,Nội dung công việc 1
694fb81eaedc69db48c76ec7,48/2024/TT-BTNMT,1
694fb81eaedc69db48c76ec7,48/2024/TT-BTNMT,Nội dung công việc 1
694fb81eaedc69db48c76ec7,48/2024/TT-BTNMT,1
694fb81eaedc69db48c76ec7,48/2024/TT-BTNMT,Nội dung công việc 1
694fb81eaedc69db48c76ec7,48/2024/TT-BTNMT,2
694fb81eaedc69db48c76ec7,48/2024/TT-BTNMT,Nội dung công việc 1
694fb81eaedc69db48c76ec7,48/2024/TT-BTNMT,2
694fb81eaedc69db48c76ec7,48/2024/TT-BTNMT,Nội dung công việc 1
694fb81eaedc69db48c76ec7,48/2024/TT-BTNMT,2
694fb81eaedc69db48c76ec7,48/2024/TT-BTNMT,Nội dung công việc 1
694fb81eaedc69db48c76ec7,48/2024/TT-BTNMT,2
694fb81eaedc69db48c76ec7,48/2024/TT-BTNMT,1
694fb81eaedc69db48c76ec7,48/2024/TT-BTNMT,"là tiếp nhận kết quả kiểm kê đất quốc phòng, đất an ninh của Bộ Quốc phòng, Bộ Công an"
694fb81eaedc69db48c76ec7,48/2024/TT-BTNMT,Nội dung công việc 1
694fb81eaedc69db48c76ec7,48/2024/TT-BTNMT,2
694fb81eaedc69db48c76ec7,48/2024/TT-BTNMT,2
694fb81eaedc69db48c76ec7,48/2024/TT-BTNMT,Nội dung công việc 1
694fb81eaedc69db48c76ec7,48/2024/TT-BTNMT,2
694fb81eaedc69db48c76ec7,48/2024/TT-BTNMT,3
694fb81eaedc69db48c76ec7,48/2024/TT-BTNMT,Nội dung công việc 1
694fb81eaedc69db48c76ec7,48/2024/TT-BTNMT,3
694fb81eaedc69db48c76ec7,48/2024/TT-BTNMT,Nội dung công việc 1
694fb81eaedc69db48c76ec7,48/2024/TT-BTNMT,3
694fb81eaedc69db48c76ec7,48/2024/TT-BTNMT,Nội dung công việc 1
694fb81eaedc69db48c76ec7,48/2024/TT-BTNMT,3
694fb81eaedc69db48c76ec7,48/2024/TT-BTNMT,Nội dung công việc 1
694fb81eaedc69db48c76ec7,48/2024/TT-BTNMT,3
694fb81eaedc69db48c76ec7,48/2024/TT-BTNMT,1
694fb81eaedc69db48c76ec7,48/2024/TT-BTNMT,là xử lý số liệu kiểm kê đất đai cả nước tiếp biên các mảnh bản đồ hiện trạng sử dụng đất của bản đồ hiện trạng sử dụng đất cấp tỉnh trong vùng kinh tế - xã hội
694fb81eaedc69db48c76ec8,48/2024/TT-BTNMT,Nội dung công việc 1
694fb81eaedc69db48c76ec8,48/2024/TT-BTNMT,Nội dung công việc 1
694fb81eaedc69db48c76ec8,48/2024/TT-BTNMT,Nội dung công việc 1
694fb81eaedc69db48c76ec8,48/2024/TT-BTNMT,Nội dung công việc 1
694fb81eaedc69db48c76ec8,48/2024/TT-BTNMT,Nội dung công việc 1
694fb81eaedc69db48c76ec8,48/2024/TT-BTNMT,Nội dung công việc 1
694fb81eaedc69db48c76ec8,48/2024/TT-BTNMT,Nội dung công việc 1
694fb81eaedc69db48c76ec8,48/2024/TT-BTNMT,2
694fb81eaedc69db48c76ec8,48/2024/TT-BTNMT,Nội dung công việc 1
694fb81eaedc69db48c76ec8,48/2024/TT-BTNMT,2
694fb81eaedc69db48c76ec8,48/2024/TT-BTNMT,Nội dung công việc 1
694fb81eaedc69db48c76ec8,48/2024/TT-BTNMT,2
694fb81eaedc69db48c76ec8,48/2024/TT-BTNMT,Nội dung công việc 1
694fb81eaedc69db48c76ec8,48/2024/TT-BTNMT,2
694fb81eaedc69db48c76ec8,48/2024/TT-BTNMT,Nội dung công việc 1
694fb81eaedc69db48c76ec8,48/2024/TT-BTNMT,2
694fb81eaedc69db48c76ec8,48/2024/TT-BTNMT,Nội dung công việc 1
694fb81eaedc69db48c76ec8,48/2024/TT-BTNMT,2
694fb81eaedc69db48c76ec8,48/2024/TT-BTNMT,Nội dung công việc 1
694fb81eaedc69db48c76ec8,48/2024/TT-BTNMT,Nội dung công việc 1
694fb81eaedc69db48c76ec8,48/2024/TT-BTNMT,Nội dung công việc 1
694fb81eaedc69db48c76ec8,48/2024/TT-BTNMT,Nội dung công việc 1
694fb81eaedc69db48c76ec8,48/2024/TT-BTNMT,Nội dung công việc 1
694fb81eaedc69db48c76ec8,48/2024/TT-BTNMT,3
694fb81eaedc69db48c76ec8,48/2024/TT-BTNMT,Nội dung công việc 1
694fb81eaedc69db48c76ec8,48/2024/TT-BTNMT,3
694fb81eaedc69db48c76ec8,48/2024/TT-BTNMT,Nội dung công việc 1
694fb81eaedc69db48c76ec8,48/2024/TT-BTNMT,3
694fb81eaedc69db48c76ec8,48/2024/TT-BTNMT,Nội dung công việc 1
694fb81eaedc69db48c76ec8,48/2024/TT-BTNMT,3
694fb81eaedc69db48c76ec8,48/2024/TT-BTNMT,Nội dung công việc 1
694fb81eaedc69db48c76ec8,48/2024/TT-BTNMT,3
694fb81eaedc69db48c76ec8,48/2024/TT-BTNMT,Nội dung công việc 1
694fb81eaedc69db48c76ec8,48/2024/TT-BTNMT,3
694fb81eaedc69db48c76ec8,48/2024/TT-BTNMT,Nội dung công việc 1
694fb81eaedc69db48c76ec8,48/2024/TT-BTNMT,3
694fb81eaedc69db48c76ec8,48/2024/TT-BTNMT,Nội dung công việc 1
694fb81eaedc69db48c76ec8,48/2024/TT-BTNMT,3
694fb81eaedc69db48c76ec9,48/2024/TT-BTNMT,Nội dung công việc 1
694fb81eaedc69db48c76ec9,48/2024/TT-BTNMT,1
694fb81eaedc69db48c76ec9,48/2024/TT-BTNMT,Nội dung công việc 1
694fb81eaedc69db48c76ec9,48/2024/TT-BTNMT,1
694fb81eaedc69db48c76ec9,48/2024/TT-BTNMT,còn gồm thu thập hồ sơ kết quả kiểm kê đất đai kỳ trước
694fb81eaedc69db48c76ec9,48/2024/TT-BTNMT,Nội dung công việc 1
694fb81eaedc69db48c76ec9,48/2024/TT-BTNMT,1
694fb81eaedc69db48c76ec9,48/2024/TT-BTNMT,còn gồm thu thập kết quả thống kê đất đai hằng năm trong kỳ kiểm kê đất đai của cả nước
694fb81eaedc69db48c76ec9,48/2024/TT-BTNMT,Nội dung công việc 1
694fb81eaedc69db48c76ec9,48/2024/TT-BTNMT,1
694fb81eaedc69db48c76ec9,48/2024/TT-BTNMT,còn gồm thu thập các tài liệu khác có liên quan
694fb81eaedc69db48c76ec9,48/2024/TT-BTNMT,Nội dung công việc 1
694fb81eaedc69db48c76ec9,48/2024/TT-BTNMT,2
694fb81eaedc69db48c76ec9,48/2024/TT-BTNMT,Nội dung công việc 1
694fb81eaedc69db48c76ec9,48/2024/TT-BTNMT,2
694fb81eaedc69db48c76ec9,48/2024/TT-BTNMT,còn gồm tiếp nhận kết quả kiểm kê đất đai của cấp tỉnh
694fb81eaedc69db48c76ec9,48/2024/TT-BTNMT,Nội dung công việc 1
694fb81eaedc69db48c76ec9,48/2024/TT-BTNMT,2
694fb81eaedc69db48c76ec9,48/2024/TT-BTNMT,"còn gồm chỉ đạo chỉnh sửa, hoàn thiện số liệu, báo cáo kết quả kiểm kê đất đai (nếu có)"
694fb81eaedc69db48c76ec9,48/2024/TT-BTNMT,Nội dung công việc 1
694fb81eaedc69db48c76ec9,48/2024/TT-BTNMT,2
694fb81eaedc69db48c76ec9,48/2024/TT-BTNMT,1
694fb81eaedc69db48c76ec9,48/2024/TT-BTNMT,Nội dung công việc 1
694fb81eaedc69db48c76ec9,48/2024/TT-BTNMT,2
694fb81eaedc69db48c76ec9,48/2024/TT-BTNMT,2
694fb81eaedc69db48c76ec9,48/2024/TT-BTNMT,Nội dung công việc 1
694fb81eaedc69db48c76ec9,48/2024/TT-BTNMT,2
694fb81eaedc69db48c76ec9,48/2024/TT-BTNMT,3
694fb81eaedc69db48c76ec9,48/2024/TT-BTNMT,Nội dung công việc 1
694fb81eaedc69db48c76ec9,48/2024/TT-BTNMT,3
694fb81eaedc69db48c76ec9,48/2024/TT-BTNMT,Nội dung công việc 1
694fb81eaedc69db48c76ec9,48/2024/TT-BTNMT,3
694fb81eaedc69db48c76ec9,48/2024/TT-BTNMT,"còn gồm lập các biểu quy định tại các điểm a, b, c, d và đ khoản 1 điều 5 Thông tư số 08/2024/TT-BTNMT"
694fb81eaedc69db48c76ec9,48/2024/TT-BTNMT,Nội dung công việc 1
694fb81eaedc69db48c76ec9,48/2024/TT-BTNMT,3
694fb81eaedc69db48c76ec9,48/2024/TT-BTNMT,còn gồm xây dựng báo cáo thuyết minh hiện trạng sử dụng đất theo quy định tại khoản 6 điều 10 Thông tư số 08/2024/TT-BTNMT
694fb81eaedc69db48c76ec9,48/2024/TT-BTNMT,Nội dung công việc 1
694fb81eaedc69db48c76ec9,48/2024/TT-BTNMT,3
694fb81eaedc69db48c76ec9,48/2024/TT-BTNMT,1
694fb81eaedc69db48c76ec9,48/2024/TT-BTNMT,Nội dung công việc 1
694fb81eaedc69db48c76ec9,48/2024/TT-BTNMT,3
694fb81eaedc69db48c76ec9,48/2024/TT-BTNMT,1
694fb81eaedc69db48c76ec9,48/2024/TT-BTNMT,"còn gồm biên tập, trình bày bản đồ hiện trạng sử dụng đất các vùng kinh tế - xã hội"
694fb81eaedc69db48c76eca,48/2024/TT-BTNMT,Nội dung công việc 1
694fb81eaedc69db48c76eca,48/2024/TT-BTNMT,Nội dung công việc 1
694fb81eaedc69db48c76eca,48/2024/TT-BTNMT,Nội dung công việc 1
694fb81eaedc69db48c76eca,48/2024/TT-BTNMT,Nội dung công việc 1
694fb81eaedc69db48c76eca,48/2024/TT-BTNMT,Nội dung công việc 1
694fb81eaedc69db48c76eca,48/2024/TT-BTNMT,Nội dung công việc 1
694fb81eaedc69db48c76eca,48/2024/TT-BTNMT,Nội dung công việc 1
694fb81eaedc69db48c76eca,48/2024/TT-BTNMT,Nội dung công việc 1
694fb81eaedc69db48c76eca,48/2024/TT-BTNMT,2
694fb81eaedc69db48c76eca,48/2024/TT-BTNMT,Nội dung công việc 1
694fb81eaedc69db48c76eca,48/2024/TT-BTNMT,2
694fb81eaedc69db48c76eca,48/2024/TT-BTNMT,Nội dung công việc 1
694fb81eaedc69db48c76eca,48/2024/TT-BTNMT,2
694fb81eaedc69db48c76eca,48/2024/TT-BTNMT,Nội dung công việc 1
694fb81eaedc69db48c76eca,48/2024/TT-BTNMT,Nội dung công việc 1
694fb81eaedc69db48c76eca,48/2024/TT-BTNMT,Nội dung công việc 1
694fb81eaedc69db48c76eca,48/2024/TT-BTNMT,Nội dung công việc 1
694fb81eaedc69db48c76eca,48/2024/TT-BTNMT,3
694fb81eaedc69db48c76eca,48/2024/TT-BTNMT,Nội dung công việc 1
694fb81eaedc69db48c76eca,48/2024/TT-BTNMT,3
694fb81eaedc69db48c76eca,48/2024/TT-BTNMT,Nội dung công việc 1
694fb81eaedc69db48c76eca,48/2024/TT-BTNMT,4
694fb81eaedc69db48c76ecb,48/2024/TT-BTNMT,Nội dung công việc 1
694fb81eaedc69db48c76ecb,48/2024/TT-BTNMT,Nội dung công việc 1
694fb81eaedc69db48c76ecb,48/2024/TT-BTNMT,Nội dung công việc 1
694fb81eaedc69db48c76ecb,48/2024/TT-BTNMT,Nội dung công việc 1
694fb81eaedc69db48c76ecb,48/2024/TT-BTNMT,Nội dung công việc 1
694fb81eaedc69db48c76ecb,48/2024/TT-BTNMT,2
694fb81eaedc69db48c76ecb,48/2024/TT-BTNMT,Nội dung công việc 1
694fb81eaedc69db48c76ecb,48/2024/TT-BTNMT,2
694fb81eaedc69db48c76ecb,48/2024/TT-BTNMT,Nội dung công việc 1
694fb81eaedc69db48c76ecb,48/2024/TT-BTNMT,2
694fb81eaedc69db48c76ecb,48/2024/TT-BTNMT,Nội dung công việc 1
694fb81eaedc69db48c76ecb,48/2024/TT-BTNMT,Nội dung công việc 1
694fb81eaedc69db48c76ecb,48/2024/TT-BTNMT,Nội dung công việc 1
694fb81eaedc69db48c76ecb,48/2024/TT-BTNMT,Nội dung công việc 1
694fb81eaedc69db48c76ecb,48/2024/TT-BTNMT,3
694fb81eaedc69db48c76ecb,48/2024/TT-BTNMT,Nội dung công việc 1
694fb81eaedc69db48c76ecb,48/2024/TT-BTNMT,3
694fb81eaedc69db48c76ecb,48/2024/TT-BTNMT,Nội dung công việc 1
694fb81eaedc69db48c76ecb,48/2024/TT-BTNMT,3
694fb81eaedc69db48c76ecb,48/2024/TT-BTNMT,Nội dung công việc 1
694fb81eaedc69db48c76ecb,48/2024/TT-BTNMT,3
694fb81eaedc69db48c76ecc,48/2024/TT-BTNMT,Nội dung công việc 1
694fb81eaedc69db48c76ecc,48/2024/TT-BTNMT,1
694fb81eaedc69db48c76ecc,48/2024/TT-BTNMT,Nội dung công việc 1
694fb81eaedc69db48c76ecc,48/2024/TT-BTNMT,1
694fb81eaedc69db48c76ecc,48/2024/TT-BTNMT,Nội dung công việc 1
694fb81eaedc69db48c76ecc,48/2024/TT-BTNMT,1
694fb81eaedc69db48c76ecc,48/2024/TT-BTNMT,Nội dung công việc 1
694fb81eaedc69db48c76ecc,48/2024/TT-BTNMT,1
694fb81eaedc69db48c76ecc,48/2024/TT-BTNMT,Nội dung công việc 1
694fb81eaedc69db48c76ecc,48/2024/TT-BTNMT,2
694fb81eaedc69db48c76ecc,48/2024/TT-BTNMT,"là tiếp nhận kết quả kiểm kê đất quốc phòng, đất an ninh của Bộ Quốc phòng và Bộ Công an"
694fb81eaedc69db48c76ecc,48/2024/TT-BTNMT,Nội dung công việc 1
694fb81eaedc69db48c76ecc,48/2024/TT-BTNMT,2
694fb81eaedc69db48c76ecc,48/2024/TT-BTNMT,Nội dung công việc 1
694fb81eaedc69db48c76ecc,48/2024/TT-BTNMT,2
694fb81eaedc69db48c76ecc,48/2024/TT-BTNMT,"là chỉ đạo chỉnh sửa, hoàn thiện số liệu và báo cáo kết quả kiểm kê đất đai (nếu có)"
694fb81eaedc69db48c76ecc,48/2024/TT-BTNMT,Nội dung công việc 1
694fb81eaedc69db48c76ecc,48/2024/TT-BTNMT,2
694fb81eaedc69db48c76ecc,48/2024/TT-BTNMT,1
694fb81eaedc69db48c76ecc,48/2024/TT-BTNMT,"là tiếp nhận kết quả kiểm kê đất quốc phòng, đất an ninh của Bộ Quốc phòng và Bộ Công an"
694fb81eaedc69db48c76ecc,48/2024/TT-BTNMT,Nội dung công việc 1
694fb81eaedc69db48c76ecc,48/2024/TT-BTNMT,2
694fb81eaedc69db48c76ecc,48/2024/TT-BTNMT,2
694fb81eaedc69db48c76ecc,48/2024/TT-BTNMT,Nội dung công việc 1
694fb81eaedc69db48c76ecc,48/2024/TT-BTNMT,2
694fb81eaedc69db48c76ecc,48/2024/TT-BTNMT,3
694fb81eaedc69db48c76ecc,48/2024/TT-BTNMT,Nội dung công việc 1
694fb81eaedc69db48c76ecc,48/2024/TT-BTNMT,3
694fb81eaedc69db48c76ecc,48/2024/TT-BTNMT,Nội dung công việc 1
694fb81eaedc69db48c76ecc,48/2024/TT-BTNMT,3
694fb81eaedc69db48c76ecc,48/2024/TT-BTNMT,Nội dung công việc 1
694fb81eaedc69db48c76ecc,48/2024/TT-BTNMT,3
694fb81eaedc69db48c76ecc,48/2024/TT-BTNMT,Nội dung công việc 1
694fb81eaedc69db48c76ecc,48/2024/TT-BTNMT,3
694fb81eaedc69db48c76ecc,48/2024/TT-BTNMT,1
694fb81eaedc69db48c76ecc,48/2024/TT-BTNMT,là xử lý số liệu kiểm kê đất đai cả nước tiếp biên các mảnh bản đồ hiện trạng sử dụng đất của bản đồ hiện trạng sử dụng đất cả nước
694fb81eaedc69db48c76ecd,48/2024/TT-BTNMT,Nội dung công việc 1
694fb81eaedc69db48c76ecd,48/2024/TT-BTNMT,1
694fb81eaedc69db48c76ecd,48/2024/TT-BTNMT,Nội dung công việc 1
694fb81eaedc69db48c76ecd,48/2024/TT-BTNMT,Nội dung công việc 1
694fb81eaedc69db48c76ecd,48/2024/TT-BTNMT,Nội dung công việc 1
694fb81eaedc69db48c76ecd,48/2024/TT-BTNMT,Nội dung công việc 1
694fb81eaedc69db48c76ecd,48/2024/TT-BTNMT,Nội dung công việc 1
694fb81eaedc69db48c76ecd,48/2024/TT-BTNMT,Nội dung công việc 1
694fb81eaedc69db48c76ecd,48/2024/TT-BTNMT,Nội dung công việc 1
694fb81eaedc69db48c76ecd,48/2024/TT-BTNMT,2
694fb81eaedc69db48c76ecd,48/2024/TT-BTNMT,Nội dung công việc 1
694fb81eaedc69db48c76ecd,48/2024/TT-BTNMT,2
694fb81eaedc69db48c76ecd,48/2024/TT-BTNMT,Nội dung công việc 1
694fb81eaedc69db48c76ecd,48/2024/TT-BTNMT,2
694fb81eaedc69db48c76ecd,48/2024/TT-BTNMT,Nội dung công việc 1
694fb81eaedc69db48c76ecd,48/2024/TT-BTNMT,2
694fb81eaedc69db48c76ecd,48/2024/TT-BTNMT,Nội dung công việc 1
694fb81eaedc69db48c76ecd,48/2024/TT-BTNMT,2
694fb81eaedc69db48c76ecd,48/2024/TT-BTNMT,Nội dung công việc 1
694fb81eaedc69db48c76ecd,48/2024/TT-BTNMT,Nội dung công việc 1
694fb81eaedc69db48c76ecd,48/2024/TT-BTNMT,Nội dung công việc 1
694fb81eaedc69db48c76ecd,48/2024/TT-BTNMT,Nội dung công việc 1
694fb81eaedc69db48c76ecd,48/2024/TT-BTNMT,Nội dung công việc 1
694fb81eaedc69db48c76ecd,48/2024/TT-BTNMT,3
694fb81eaedc69db48c76ecd,48/2024/TT-BTNMT,Nội dung công việc 1
694fb81eaedc69db48c76ecd,48/2024/TT-BTNMT,3
694fb81eaedc69db48c76ece,48/2024/TT-BTNMT,Nội dung công việc 1
694fb81eaedc69db48c76ece,48/2024/TT-BTNMT,1
694fb81eaedc69db48c76ece,48/2024/TT-BTNMT,Nội dung công việc 1
694fb81eaedc69db48c76ece,48/2024/TT-BTNMT,1
694fb81eaedc69db48c76ece,48/2024/TT-BTNMT,Nội dung công việc 1
694fb81eaedc69db48c76ece,48/2024/TT-BTNMT,1
694fb81eaedc69db48c76ece,48/2024/TT-BTNMT,Nội dung công việc 1
694fb81eaedc69db48c76ece,48/2024/TT-BTNMT,1
694fb81eaedc69db48c76ece,48/2024/TT-BTNMT,Nội dung công việc 1
694fb81eaedc69db48c76ece,48/2024/TT-BTNMT,2
694fb81eaedc69db48c76ece,48/2024/TT-BTNMT,"là tiếp nhận kết quả kiểm kê đất quốc phòng, đất an ninh của Bộ Quốc phòng và Bộ Công an"
694fb81eaedc69db48c76ece,48/2024/TT-BTNMT,Nội dung công việc 1
694fb81eaedc69db48c76ece,48/2024/TT-BTNMT,2
694fb81eaedc69db48c76ece,48/2024/TT-BTNMT,Nội dung công việc 1
694fb81eaedc69db48c76ece,48/2024/TT-BTNMT,2
694fb81eaedc69db48c76ece,48/2024/TT-BTNMT,"là chỉ đạo chỉnh sửa số liệu, báo cáo kết quả kiểm kê đất đai nếu có"
694fb81eaedc69db48c76ece,48/2024/TT-BTNMT,Nội dung công việc 1
694fb81eaedc69db48c76ece,48/2024/TT-BTNMT,2
694fb81eaedc69db48c76ece,48/2024/TT-BTNMT,"là chỉ đạo hoàn thiện số liệu, báo cáo kết quả kiểm kê đất đai nếu có"
694fb81eaedc69db48c76ece,48/2024/TT-BTNMT,Nội dung công việc 1
694fb81eaedc69db48c76ece,48/2024/TT-BTNMT,2
694fb81eaedc69db48c76ece,48/2024/TT-BTNMT,1
694fb81eaedc69db48c76ece,48/2024/TT-BTNMT,"là tiếp nhận kết quả kiểm kê đất quốc phòng, đất an ninh của Bộ Quốc phòng và Bộ Công an"
694fb81eaedc69db48c76ece,48/2024/TT-BTNMT,Nội dung công việc 1
694fb81eaedc69db48c76ece,48/2024/TT-BTNMT,2
694fb81eaedc69db48c76ece,48/2024/TT-BTNMT,2
694fb81eaedc69db48c76ece,48/2024/TT-BTNMT,Nội dung công việc 1
694fb81eaedc69db48c76ece,48/2024/TT-BTNMT,2
694fb81eaedc69db48c76ece,48/2024/TT-BTNMT,2
694fb81eaedc69db48c76ece,48/2024/TT-BTNMT,Nội dung công việc 1
694fb81eaedc69db48c76ece,48/2024/TT-BTNMT,2
694fb81eaedc69db48c76ece,48/2024/TT-BTNMT,3
694fb81eaedc69db48c76ece,48/2024/TT-BTNMT,Nội dung công việc 1
694fb81eaedc69db48c76ece,48/2024/TT-BTNMT,2
694fb81eaedc69db48c76ece,48/2024/TT-BTNMT,3
694fb81eaedc69db48c76ece,48/2024/TT-BTNMT,Nội dung công việc 1
694fb81eaedc69db48c76ece,48/2024/TT-BTNMT,3
694fb81eaedc69db48c76ece,48/2024/TT-BTNMT,Nội dung công việc 1
694fb81eaedc69db48c76ece,48/2024/TT-BTNMT,3
694fb81eaedc69db48c76ece,48/2024/TT-BTNMT,Nội dung công việc 1
694fb81eaedc69db48c76ece,48/2024/TT-BTNMT,3
694fb81eaedc69db48c76ece,48/2024/TT-BTNMT,Nội dung công việc 1
694fb81eaedc69db48c76ece,48/2024/TT-BTNMT,3
694fb81eaedc69db48c76ece,48/2024/TT-BTNMT,Nội dung công việc 1
694fb81eaedc69db48c76ece,48/2024/TT-BTNMT,3
694fb81eaedc69db48c76ece,48/2024/TT-BTNMT,1
694fb81eaedc69db48c76ece,48/2024/TT-BTNMT,Nội dung công việc 1
694fb81eaedc69db48c76ece,48/2024/TT-BTNMT,3
694fb81eaedc69db48c76ece,48/2024/TT-BTNMT,1
694fb81eaedc69db48c76ece,48/2024/TT-BTNMT,Nội dung công việc 1
694fb81eaedc69db48c76ece,48/2024/TT-BTNMT,3
694fb81eaedc69db48c76ece,48/2024/TT-BTNMT,1
694fb81eaedc69db48c76ece,48/2024/TT-BTNMT,là trình bày bản đồ hiện trạng sử dụng đất cả nước
694fb81eaedc69db48c76ed0,48/2024/TT-BTNMT,Nội dung công việc 1
694fb81eaedc69db48c76ed0,48/2024/TT-BTNMT,Nội dung công việc 1
694fb81eaedc69db48c76ed0,48/2024/TT-BTNMT,Nội dung công việc 1
694fb81eaedc69db48c76ed0,48/2024/TT-BTNMT,Nội dung công việc 1
694fb81eaedc69db48c76ed0,48/2024/TT-BTNMT,Nội dung công việc 1
694fb81eaedc69db48c76ed0,48/2024/TT-BTNMT,Nội dung công việc 1
694fb81eaedc69db48c76ed0,48/2024/TT-BTNMT,2
694fb81eaedc69db48c76ed0,48/2024/TT-BTNMT,Nội dung công việc 1
694fb81eaedc69db48c76ed0,48/2024/TT-BTNMT,2
694fb81eaedc69db48c76ed0,48/2024/TT-BTNMT,Nội dung công việc 1
694fb81eaedc69db48c76ed0,48/2024/TT-BTNMT,2
694fb81eaedc69db48c76ed0,48/2024/TT-BTNMT,Nội dung công việc 1
694fb81eaedc69db48c76ed0,48/2024/TT-BTNMT,2
694fb81eaedc69db48c76ed0,48/2024/TT-BTNMT,Nội dung công việc 1
694fb81eaedc69db48c76ed0,48/2024/TT-BTNMT,2
694fb81eaedc69db48c76ed0,48/2024/TT-BTNMT,Nội dung công việc 1
694fb81eaedc69db48c76ed0,48/2024/TT-BTNMT,Nội dung công việc 1
694fb81eaedc69db48c76ed0,48/2024/TT-BTNMT,Nội dung công việc 1
694fb81eaedc69db48c76ed0,48/2024/TT-BTNMT,Nội dung công việc 1
694fb81eaedc69db48c76ed0,48/2024/TT-BTNMT,Nội dung công việc 1
694fb81eaedc69db48c76ed0,48/2024/TT-BTNMT,3
694fb81eaedc69db48c76ed0,48/2024/TT-BTNMT,Nội dung công việc 1
694fb81eaedc69db48c76ed0,48/2024/TT-BTNMT,3
694fb81eaedc69db48c76ed0,48/2024/TT-BTNMT,Nội dung công việc 1
694fb81eaedc69db48c76ed0,48/2024/TT-BTNMT,3
694fb81eaedc69db48c76ed1,48/2024/TT-BTNMT,Nội dung công việc 1
694fb81eaedc69db48c76ed1,48/2024/TT-BTNMT,Nội dung công việc 1
694fb81eaedc69db48c76ed1,48/2024/TT-BTNMT,Nội dung công việc 1
694fb81eaedc69db48c76ed1,48/2024/TT-BTNMT,Nội dung công việc 1
694fb81eaedc69db48c76ed1,48/2024/TT-BTNMT,Nội dung công việc 1
694fb81eaedc69db48c76ed1,48/2024/TT-BTNMT,2
694fb81eaedc69db48c76ed1,48/2024/TT-BTNMT,Nội dung công việc 1
694fb81eaedc69db48c76ed1,48/2024/TT-BTNMT,2
694fb81eaedc69db48c76ed1,48/2024/TT-BTNMT,Nội dung công việc 1
694fb81eaedc69db48c76ed1,48/2024/TT-BTNMT,2
694fb81eaedc69db48c76ed1,48/2024/TT-BTNMT,Nội dung công việc 1
694fb81eaedc69db48c76ed1,48/2024/TT-BTNMT,Nội dung công việc 1
694fb81eaedc69db48c76ed1,48/2024/TT-BTNMT,Nội dung công việc 1
694fb81eaedc69db48c76ed1,48/2024/TT-BTNMT,Nội dung công việc 1
694fb81eaedc69db48c76ed1,48/2024/TT-BTNMT,3
694fb81eaedc69db48c76ed1,48/2024/TT-BTNMT,Nội dung công việc 1
694fb81eaedc69db48c76ed1,48/2024/TT-BTNMT,3
694fb81eaedc69db48c76ed2,48/2024/TT-BTNMT,Nội dung công việc 1
694fb81eaedc69db48c76ed2,48/2024/TT-BTNMT,Nội dung công việc 1
694fb81eaedc69db48c76ed2,48/2024/TT-BTNMT,Nội dung công việc 1
694fb81eaedc69db48c76ed2,48/2024/TT-BTNMT,Nội dung công việc 1
694fb81eaedc69db48c76ed2,48/2024/TT-BTNMT,Nội dung công việc 1
694fb81eaedc69db48c76ed2,48/2024/TT-BTNMT,2
694fb81eaedc69db48c76ed2,48/2024/TT-BTNMT,Nội dung công việc 1
694fb81eaedc69db48c76ed2,48/2024/TT-BTNMT,2
694fb81eaedc69db48c76ed2,48/2024/TT-BTNMT,Nội dung công việc 1
694fb81eaedc69db48c76ed2,48/2024/TT-BTNMT,2
694fb81eaedc69db48c76ed2,48/2024/TT-BTNMT,Nội dung công việc 1
694fb81eaedc69db48c76ed2,48/2024/TT-BTNMT,Nội dung công việc 1
694fb81eaedc69db48c76ed2,48/2024/TT-BTNMT,Nội dung công việc 1
694fb81eaedc69db48c76ed2,48/2024/TT-BTNMT,Nội dung công việc 1
694fb81eaedc69db48c76ed2,48/2024/TT-BTNMT,Nội dung công việc 1
694fb81eaedc69db48c76ed2,48/2024/TT-BTNMT,3
694fb81eaedc69db48c76ed2,48/2024/TT-BTNMT,Nội dung công việc 1
694fb81eaedc69db48c76ed2,48/2024/TT-BTNMT,5
694fb81eaedc69db48c76ed2,48/2024/TT-BTNMT,Nội dung công việc 1
694fb81eaedc69db48c76ed2,48/2024/TT-BTNMT,5
694fb81eaedc69db48c76ed2,48/2024/TT-BTNMT,Nội dung công việc 1
694fb81eaedc69db48c76ed2,48/2024/TT-BTNMT,Nội dung công việc 1
694fb81eaedc69db48c76ed2,48/2024/TT-BTNMT,Nội dung công việc 1
694fb81eaedc69db48c76ed2,48/2024/TT-BTNMT,Nội dung công việc 1
694fb81eaedc69db48c76ede,48/2024/TT-BTNMT,"Nội dung công việc thu thập tài liệu, dữ liệu gồm vận chuyển tài liệu thu thập đến địa điểm thực hiện số hóa"
694fb81eaedc69db48c76edf,48/2024/TT-BTNMT,Nội dung công việc 1
694fb81eaedc69db48c76edf,48/2024/TT-BTNMT,Công tác chuẩn bị 1
694fb81eaedc69db48c76edf,48/2024/TT-BTNMT,1
694fb81eaedc69db48c76edf,48/2024/TT-BTNMT,Công tác chuẩn bị 1
694fb81eaedc69db48c76edf,48/2024/TT-BTNMT,1
694fb81eaedc69db48c76edf,48/2024/TT-BTNMT,Công tác chuẩn bị 1
694fb81eaedc69db48c76edf,48/2024/TT-BTNMT,1
694fb81eaedc69db48c76edf,48/2024/TT-BTNMT,Nội dung công việc 1
694fb81eaedc69db48c76edf,48/2024/TT-BTNMT,Hoạt động 1
694fb81eaedc69db48c76edf,48/2024/TT-BTNMT,2
694fb81eaedc69db48c76edf,48/2024/TT-BTNMT,Hoạt động 1
694fb81eaedc69db48c76edf,48/2024/TT-BTNMT,2
694fb81eaedc69db48c76edf,48/2024/TT-BTNMT,Nội dung công việc 1
694fb81eaedc69db48c76edf,48/2024/TT-BTNMT,Hoạt động 1
694fb81eaedc69db48c76edf,48/2024/TT-BTNMT,3
694fb81eaedc69db48c76ee0,48/2024/TT-BTNMT,Nội dung công việc 1
694fb81eaedc69db48c76ee0,48/2024/TT-BTNMT,Nội dung công việc 1
694fb81eaedc69db48c76ee0,48/2024/TT-BTNMT,1
694fb81eaedc69db48c76ee0,48/2024/TT-BTNMT,Nội dung công việc 1
694fb81eaedc69db48c76ee0,48/2024/TT-BTNMT,1
694fb81eaedc69db48c76ee0,48/2024/TT-BTNMT,Nội dung công việc 1
694fb81eaedc69db48c76ee0,48/2024/TT-BTNMT,1
694fb81eaedc69db48c76ee0,48/2024/TT-BTNMT,Nội dung công việc 1
694fb81eaedc69db48c76ee0,48/2024/TT-BTNMT,Nội dung công việc 1
694fb81eaedc69db48c76ee0,48/2024/TT-BTNMT,2
694fb81eaedc69db48c76ee0,48/2024/TT-BTNMT,Nội dung công việc 1
694fb81eaedc69db48c76ee0,48/2024/TT-BTNMT,2
694fb81eaedc69db48c76ee0,48/2024/TT-BTNMT,Nội dung công việc 1
694fb81eaedc69db48c76ee0,48/2024/TT-BTNMT,Nội dung công việc 1
694fb81eaedc69db48c76ee0,48/2024/TT-BTNMT,3
694fb81eaedc69db48c76ee1,48/2024/TT-BTNMT,Nội dung công việc 1
694fb81eaedc69db48c76ee1,48/2024/TT-BTNMT,Công tác chuẩn bị 1
694fb81eaedc69db48c76ee1,48/2024/TT-BTNMT,1
694fb81eaedc69db48c76ee1,48/2024/TT-BTNMT,Công tác chuẩn bị 1
694fb81eaedc69db48c76ee1,48/2024/TT-BTNMT,1
694fb81eaedc69db48c76ee1,48/2024/TT-BTNMT,Công tác chuẩn bị 1
694fb81eaedc69db48c76ee1,48/2024/TT-BTNMT,1
694fb81eaedc69db48c76ee1,48/2024/TT-BTNMT,Nội dung công việc 1
694fb81eaedc69db48c76ee1,48/2024/TT-BTNMT,"Thu thập tài liệu, dữ liệu 1"
694fb81eaedc69db48c76ee1,48/2024/TT-BTNMT,2
694fb81eaedc69db48c76ee1,48/2024/TT-BTNMT,"Thu thập tài liệu, dữ liệu 1"
694fb81eaedc69db48c76ee1,48/2024/TT-BTNMT,2
694fb81eaedc69db48c76ee1,48/2024/TT-BTNMT,"Thu thập tài liệu, dữ liệu 1"
694fb81eaedc69db48c76ee1,48/2024/TT-BTNMT,2
694fb81eaedc69db48c76ee1,48/2024/TT-BTNMT,"Thu thập tài liệu, dữ liệu 1"
694fb81eaedc69db48c76ee1,48/2024/TT-BTNMT,2
694fb81eaedc69db48c76ee1,48/2024/TT-BTNMT,"Thu thập tài liệu, dữ liệu 1"
694fb81eaedc69db48c76ee1,48/2024/TT-BTNMT,2
694fb81eaedc69db48c76ee1,48/2024/TT-BTNMT,"Thu thập tài liệu, dữ liệu 1"
694fb81eaedc69db48c76ee1,48/2024/TT-BTNMT,2
694fb81eaedc69db48c76ee1,48/2024/TT-BTNMT,"Thu thập tài liệu, dữ liệu 1"
694fb81eaedc69db48c76ee1,48/2024/TT-BTNMT,2
694fb81eaedc69db48c76ee1,48/2024/TT-BTNMT,"Thu thập tài liệu, dữ liệu 1"
694fb81eaedc69db48c76ee1,48/2024/TT-BTNMT,2
694fb81eaedc69db48c76ee1,48/2024/TT-BTNMT,"Thu thập tài liệu, dữ liệu 1"
694fb81eaedc69db48c76ee1,48/2024/TT-BTNMT,2
694fb81eaedc69db48c76ee1,48/2024/TT-BTNMT,"Thu thập tài liệu, dữ liệu 1"
694fb81eaedc69db48c76ee1,48/2024/TT-BTNMT,2
694fb81eaedc69db48c76ee1,48/2024/TT-BTNMT,"Thu thập tài liệu, dữ liệu 1"
694fb81eaedc69db48c76ee1,48/2024/TT-BTNMT,2
694fb81eaedc69db48c76ee1,48/2024/TT-BTNMT,"Thu thập tài liệu, dữ liệu 1"
694fb81eaedc69db48c76ee1,48/2024/TT-BTNMT,2
694fb81eaedc69db48c76ee1,48/2024/TT-BTNMT,"Thu thập tài liệu, dữ liệu 1"
694fb81eaedc69db48c76ee1,48/2024/TT-BTNMT,2
694fb81eaedc69db48c76ee1,48/2024/TT-BTNMT,"Thu thập tài liệu, dữ liệu 1"
694fb81eaedc69db48c76ee1,48/2024/TT-BTNMT,2
694fb81eaedc69db48c76ee1,48/2024/TT-BTNMT,"Thu thập tài liệu, dữ liệu 1"
694fb81eaedc69db48c76ee1,48/2024/TT-BTNMT,2
694fb81eaedc69db48c76ee1,48/2024/TT-BTNMT,"Thu thập tài liệu, dữ liệu 1"
694fb81eaedc69db48c76ee1,48/2024/TT-BTNMT,2
694fb81eaedc69db48c76ee1,48/2024/TT-BTNMT,"Thu thập tài liệu, dữ liệu 1"
694fb81eaedc69db48c76ee1,48/2024/TT-BTNMT,2
694fb81eaedc69db48c76ee1,48/2024/TT-BTNMT,"Thu thập tài liệu, dữ liệu 1"
694fb81eaedc69db48c76ee1,48/2024/TT-BTNMT,2
694fb81eaedc69db48c76ee1,48/2024/TT-BTNMT,"Thu thập tài liệu, dữ liệu 1"
694fb81eaedc69db48c76ee1,48/2024/TT-BTNMT,2
694fb81eaedc69db48c76ee1,48/2024/TT-BTNMT,"Thu thập tài liệu, dữ liệu 1"
694fb81eaedc69db48c76ee1,48/2024/TT-BTNMT,2
694fb81eaedc69db48c76ee1,48/2024/TT-BTNMT,Nội dung công việc 1
694fb81eaedc69db48c76ee1,48/2024/TT-BTNMT,3
694fb81eaedc69db48c76ee1,48/2024/TT-BTNMT,3
694fb81eaedc69db48c76ee2,48/2024/TT-BTNMT,Nội dung công việc 1
694fb81eaedc69db48c76ee2,48/2024/TT-BTNMT,Công tác chuẩn bị 1
694fb81eaedc69db48c76ee2,48/2024/TT-BTNMT,1
694fb81eaedc69db48c76ee2,48/2024/TT-BTNMT,Công tác chuẩn bị 1
694fb81eaedc69db48c76ee2,48/2024/TT-BTNMT,1
694fb81eaedc69db48c76ee2,48/2024/TT-BTNMT,Công tác chuẩn bị 1
694fb81eaedc69db48c76ee2,48/2024/TT-BTNMT,1
694fb81eaedc69db48c76ee2,48/2024/TT-BTNMT,Nội dung công việc 1
694fb81eaedc69db48c76ee2,48/2024/TT-BTNMT,"Thu thập tài liệu, dữ liệu 1"
694fb81eaedc69db48c76ee2,48/2024/TT-BTNMT,2
694fb81eaedc69db48c76ee2,48/2024/TT-BTNMT,"Thu thập tài liệu, dữ liệu 1"
694fb81eaedc69db48c76ee2,48/2024/TT-BTNMT,2
694fb81eaedc69db48c76ee2,48/2024/TT-BTNMT,"Thu thập tài liệu, dữ liệu 1"
694fb81eaedc69db48c76ee2,48/2024/TT-BTNMT,2
694fb81eaedc69db48c76ee2,48/2024/TT-BTNMT,"Thu thập tài liệu, dữ liệu 1"
694fb81eaedc69db48c76ee2,48/2024/TT-BTNMT,2
694fb81eaedc69db48c76ee2,48/2024/TT-BTNMT,"Thu thập tài liệu, dữ liệu 1"
694fb81eaedc69db48c76ee2,48/2024/TT-BTNMT,2
694fb81eaedc69db48c76ee2,48/2024/TT-BTNMT,"Thu thập tài liệu, dữ liệu 1"
694fb81eaedc69db48c76ee2,48/2024/TT-BTNMT,2
694fb81eaedc69db48c76ee2,48/2024/TT-BTNMT,"Thu thập tài liệu, dữ liệu 1"
694fb81eaedc69db48c76ee2,48/2024/TT-BTNMT,2
694fb81eaedc69db48c76ee2,48/2024/TT-BTNMT,"Thu thập tài liệu, dữ liệu 1"
694fb81eaedc69db48c76ee2,48/2024/TT-BTNMT,2
694fb81eaedc69db48c76ee2,48/2024/TT-BTNMT,"Thu thập tài liệu, dữ liệu 1"
694fb81eaedc69db48c76ee2,48/2024/TT-BTNMT,2
694fb81eaedc69db48c76ee2,48/2024/TT-BTNMT,"Thu thập tài liệu, dữ liệu 1"
694fb81eaedc69db48c76ee2,48/2024/TT-BTNMT,2
694fb81eaedc69db48c76ee2,48/2024/TT-BTNMT,"Thu thập tài liệu, dữ liệu 1"
694fb81eaedc69db48c76ee2,48/2024/TT-BTNMT,2
694fb81eaedc69db48c76ee2,48/2024/TT-BTNMT,"Thu thập tài liệu, dữ liệu 1"
694fb81eaedc69db48c76ee2,48/2024/TT-BTNMT,2
694fb81eaedc69db48c76ee2,48/2024/TT-BTNMT,"Thu thập tài liệu, dữ liệu 1"
694fb81eaedc69db48c76ee2,48/2024/TT-BTNMT,2
694fb81eaedc69db48c76ee2,48/2024/TT-BTNMT,"Thu thập tài liệu, dữ liệu 1"
694fb81eaedc69db48c76ee2,48/2024/TT-BTNMT,2
694fb81eaedc69db48c76ee2,48/2024/TT-BTNMT,"Thu thập tài liệu, dữ liệu 1"
694fb81eaedc69db48c76ee2,48/2024/TT-BTNMT,2
694fb81eaedc69db48c76ee2,48/2024/TT-BTNMT,"Thu thập tài liệu, dữ liệu 1"
694fb81eaedc69db48c76ee2,48/2024/TT-BTNMT,2
694fb81eaedc69db48c76ee2,48/2024/TT-BTNMT,"Thu thập tài liệu, dữ liệu 1"
694fb81eaedc69db48c76ee2,48/2024/TT-BTNMT,2
694fb81eaedc69db48c76ee2,48/2024/TT-BTNMT,"Thu thập tài liệu, dữ liệu 1"
694fb81eaedc69db48c76ee2,48/2024/TT-BTNMT,2
694fb81eaedc69db48c76ee2,48/2024/TT-BTNMT,"Thu thập tài liệu, dữ liệu 1"
694fb81eaedc69db48c76ee2,48/2024/TT-BTNMT,2
694fb81eaedc69db48c76ee2,48/2024/TT-BTNMT,Nội dung công việc 1
694fb81eaedc69db48c76ee2,48/2024/TT-BTNMT,3
694fb81eaedc69db48c76ee3,48/2024/TT-BTNMT,Nội dung công việc 1
694fb81eaedc69db48c76ee3,48/2024/TT-BTNMT,Nội dung công việc 1
694fb81eaedc69db48c76ee3,48/2024/TT-BTNMT,Bộ phận vận chuyển tài liệu thu thập đến địa điểm thực hiện số hóa
694fb81eaedc69db48c76ee3,48/2024/TT-BTNMT,Nội dung công việc 1
694fb81eaedc69db48c76ee3,48/2024/TT-BTNMT,Nội dung công việc 1
694fb81eaedc69db48c76ee3,48/2024/TT-BTNMT,Nội dung công việc 1
694fb81eaedc69db48c76ee3,48/2024/TT-BTNMT,4 trở lên
694fb81eaedc69db48c76ee3,48/2024/TT-BTNMT,Bộ phận quét hình ảnh vuông góc và không cong vênh
694fb81eaedc69db48c76ee3,48/2024/TT-BTNMT,Nội dung công việc 1
694fb81eaedc69db48c76ee5,48/2024/TT-BTNMT,Nội dung công việc 1
694fb81eaedc69db48c76ee5,48/2024/TT-BTNMT,Nội dung công việc 1
694fb81eaedc69db48c76ee5,48/2024/TT-BTNMT,Nội dung công việc 1
694fb81eaedc69db48c76ee5,48/2024/TT-BTNMT,Nội dung công việc 1
694fb81eaedc69db48c76ee5,48/2024/TT-BTNMT,Nội dung công việc 1
694fb81eaedc69db48c76ee9,48/2024/TT-BTNMT,Điều 2
694fb81eaedc69db48c76ee9,48/2024/TT-BTNMT,Điều 1
694fb81eaedc69db48c76ee9,48/2024/TT-BTNMT,Điều 1
694fb81eaedc69db48c76ee9,48/2024/TT-BTNMT,3
694fb81eaedc69db48c76ee9,48/2024/TT-BTNMT,Điều 1
694fb81eaedc69db48c76ee9,48/2024/TT-BTNMT,3
694fb81eaedc69db48c76ee9,48/2024/TT-BTNMT,Điều 1
694fb81eaedc69db48c76ee9,48/2024/TT-BTNMT,3
694fb81eaedc69db48c76eea,48/2024/TT-BTNMT,2
694fb81eaedc69db48c76eea,48/2024/TT-BTNMT,2
694fb81eaedc69db48c76eea,48/2024/TT-BTNMT,1
694fb81eaedc69db48c76eea,48/2024/TT-BTNMT,3
694fb81eaedc69db48c76eea,48/2024/TT-BTNMT,1
694fb81eaedc69db48c76eea,48/2024/TT-BTNMT,3
694fb81eaedc69db48c76eea,48/2024/TT-BTNMT,1
694fb81eaedc69db48c76eea,48/2024/TT-BTNMT,1
694fb81eaedc69db48c76eea,48/2024/TT-BTNMT,3
694fb81eaedc69db48c76eea,48/2024/TT-BTNMT,1
694fb81eaedc69db48c76eeb,48/2024/TT-BTNMT,2
694fb81eaedc69db48c76eeb,48/2024/TT-BTNMT,2
694fb81eaedc69db48c76eeb,48/2024/TT-BTNMT,1
694fb81eaedc69db48c76eeb,48/2024/TT-BTNMT,3
694fb81eaedc69db48c76eeb,48/2024/TT-BTNMT,1
694fb81eaedc69db48c76eeb,48/2024/TT-BTNMT,3
694fb81eaedc69db48c76eeb,48/2024/TT-BTNMT,1
694fb81eaedc69db48c76eeb,48/2024/TT-BTNMT,1
694fb81eaedc69db48c76eeb,48/2024/TT-BTNMT,3
694fb81eaedc69db48c76eeb,48/2024/TT-BTNMT,1
694fb81eaedc69db48c76eec,48/2024/TT-BTNMT,2
694fb81eaedc69db48c76eec,48/2024/TT-BTNMT,2
694fb81eaedc69db48c76eec,48/2024/TT-BTNMT,1
694fb81eaedc69db48c76eec,48/2024/TT-BTNMT,3
694fb81eaedc69db48c76eec,48/2024/TT-BTNMT,1
694fb81eaedc69db48c76eec,48/2024/TT-BTNMT,3
694fb81eaedc69db48c76eec,48/2024/TT-BTNMT,1
694fb81eaedc69db48c76eec,48/2024/TT-BTNMT,1
694fb81eaedc69db48c76eec,48/2024/TT-BTNMT,3
694fb81eaedc69db48c76eec,48/2024/TT-BTNMT,2
694fb81eaedc69db48c76eed,48/2024/TT-BTNMT,2
694fb81eaedc69db48c76eed,48/2024/TT-BTNMT,2
694fb81eaedc69db48c76eed,48/2024/TT-BTNMT,1
694fb81eaedc69db48c76eed,48/2024/TT-BTNMT,3
694fb81eaedc69db48c76eed,48/2024/TT-BTNMT,1
694fb81eaedc69db48c76eed,48/2024/TT-BTNMT,3
694fb81eaedc69db48c76eed,48/2024/TT-BTNMT,1
694fb81eaedc69db48c76eed,48/2024/TT-BTNMT,1
694fb81eaedc69db48c76eed,48/2024/TT-BTNMT,3
694fb81eaedc69db48c76eed,48/2024/TT-BTNMT,1
694fb81eaedc69db48c76eee,48/2024/TT-BTNMT,Vận chuyển tài liệu thu thập đến địa điểm thực hiện số hóa
694fb81eaedc69db48c76eee,48/2024/TT-BTNMT,4 trở lên
694fb81eaedc69db48c76eee,48/2024/TT-BTNMT,Chất lượng hình ảnh số sắc nét và rõ ràng
694fb81eaedc69db48c76eee,48/2024/TT-BTNMT,Hình ảnh phải được quét vuông góc
694fb81eaedc69db48c76eee,48/2024/TT-BTNMT,Hình ảnh không được cong vênh
694fb81eaedc69db48c76eee,48/2024/TT-BTNMT,"Đối với các tài liệu dạng số mà không liên kết với các đối tượng không gian, tạo danh mục tra cứu dữ liệu phi cấu trúc trong cơ sở dữ liệu quy hoạch, kế hoạch sử dụng đất"
694fb81eaedc69db48c76eef,48/2024/TT-BTNMT,2
694fb81eaedc69db48c76eef,48/2024/TT-BTNMT,2
694fb81eaedc69db48c76eef,48/2024/TT-BTNMT,1
694fb81eaedc69db48c76eef,48/2024/TT-BTNMT,3
694fb81eaedc69db48c76eef,48/2024/TT-BTNMT,1
694fb81eaedc69db48c76eef,48/2024/TT-BTNMT,3
694fb81eaedc69db48c76eef,48/2024/TT-BTNMT,1
694fb81eaedc69db48c76ef0,48/2024/TT-BTNMT,2
694fb81eaedc69db48c76ef0,48/2024/TT-BTNMT,2
694fb81eaedc69db48c76ef0,48/2024/TT-BTNMT,Vận chuyển tài liệu thu thập đến địa điểm thực hiện số hóa
694fb81eaedc69db48c76ef0,48/2024/TT-BTNMT,1
694fb81eaedc69db48c76ef0,48/2024/TT-BTNMT,3
694fb81eaedc69db48c76ef0,48/2024/TT-BTNMT,1
694fb81eaedc69db48c76ef0,48/2024/TT-BTNMT,3
694fb81eaedc69db48c76ef0,48/2024/TT-BTNMT,1
694fb81eaedc69db48c76ef0,48/2024/TT-BTNMT,1
694fb81eaedc69db48c76ef0,48/2024/TT-BTNMT,3
694fb81eaedc69db48c76ef0,48/2024/TT-BTNMT,1
694fb81eaedc69db48c76ef0,48/2024/TT-BTNMT,1
694fb81eaedc69db48c76ef0,48/2024/TT-BTNMT,3
694fb81eaedc69db48c76ef0,48/2024/TT-BTNMT,1
694fb81eaedc69db48c76ef0,48/2024/TT-BTNMT,1
694fb81eaedc69db48c76ef0,48/2024/TT-BTNMT,6
694fb81eaedc69db48c76ef0,48/2024/TT-BTNMT,2
694fb81eaedc69db48c76ef1,48/2024/TT-BTNMT,Điều 2
694fb81eaedc69db48c76ef1,48/2024/TT-BTNMT,Điều 1
694fb81eaedc69db48c76ef1,48/2024/TT-BTNMT,Điều 1
694fb81eaedc69db48c76ef1,48/2024/TT-BTNMT,3
694fb81eaedc69db48c76ef1,48/2024/TT-BTNMT,Điều 1
694fb81eaedc69db48c76ef1,48/2024/TT-BTNMT,3
694fb81eaedc69db48c76ef2,48/2024/TT-BTNMT,2
694fb81eaedc69db48c76ef2,48/2024/TT-BTNMT,2
694fb81eaedc69db48c76ef2,48/2024/TT-BTNMT,1
694fb81eaedc69db48c76ef2,48/2024/TT-BTNMT,3
694fb81eaedc69db48c76ef2,48/2024/TT-BTNMT,1
694fb81eaedc69db48c76ef2,48/2024/TT-BTNMT,3
694fb81eaedc69db48c76ef2,48/2024/TT-BTNMT,1
694fb81eaedc69db48c76ef2,48/2024/TT-BTNMT,1
694fb81eaedc69db48c76ef2,48/2024/TT-BTNMT,7
694fb81eaedc69db48c76ef6,48/2024/TT-BTNMT,Nội dung công việc 1
694fb81eaedc69db48c76ef6,48/2024/TT-BTNMT,Nội dung công việc 1
694fb81eaedc69db48c76ef6,48/2024/TT-BTNMT,1
694fb81eaedc69db48c76ef6,48/2024/TT-BTNMT,Nội dung công việc 1
694fb81eaedc69db48c76ef6,48/2024/TT-BTNMT,1
694fb81eaedc69db48c76ef6,48/2024/TT-BTNMT,Nội dung công việc 1
694fb81eaedc69db48c76ef6,48/2024/TT-BTNMT,1
694fb81eaedc69db48c76ef6,48/2024/TT-BTNMT,Nội dung công việc 1
694fb81eaedc69db48c76ef6,48/2024/TT-BTNMT,Nội dung công việc 1
694fb81eaedc69db48c76ef6,48/2024/TT-BTNMT,2
694fb81eaedc69db48c76ef6,48/2024/TT-BTNMT,Nội dung công việc 1
694fb81eaedc69db48c76ef6,48/2024/TT-BTNMT,2
694fb81eaedc69db48c76ef6,48/2024/TT-BTNMT,Nội dung công việc 1
694fb81eaedc69db48c76ef6,48/2024/TT-BTNMT,2
694fb81eaedc69db48c76ef6,48/2024/TT-BTNMT,Nội dung công việc 1
694fb81eaedc69db48c76ef6,48/2024/TT-BTNMT,2
694fb81eaedc69db48c76ef6,48/2024/TT-BTNMT,Nội dung công việc 1
694fb81eaedc69db48c76ef6,48/2024/TT-BTNMT,2
694fb81eaedc69db48c76ef6,48/2024/TT-BTNMT,Nội dung công việc 1
694fb81eaedc69db48c76ef6,48/2024/TT-BTNMT,Nội dung công việc 1
694fb81eaedc69db48c76ef6,48/2024/TT-BTNMT,3
694fb81eaedc69db48c76ef6,48/2024/TT-BTNMT,Nội dung công việc 1
694fb81eaedc69db48c76ef6,48/2024/TT-BTNMT,3
694fb81eaedc69db48c76ef7,48/2024/TT-BTNMT,Nội dung công việc 1
694fb81eaedc69db48c76ef7,48/2024/TT-BTNMT,Nội dung công việc 1
694fb81eaedc69db48c76ef7,48/2024/TT-BTNMT,1
694fb81eaedc69db48c76ef7,48/2024/TT-BTNMT,Nội dung công việc 1
694fb81eaedc69db48c76ef7,48/2024/TT-BTNMT,1
694fb81eaedc69db48c76ef7,48/2024/TT-BTNMT,Nội dung công việc 1
694fb81eaedc69db48c76ef7,48/2024/TT-BTNMT,1
694fb81eaedc69db48c76ef7,48/2024/TT-BTNMT,Nội dung công việc 1
694fb81eaedc69db48c76ef7,48/2024/TT-BTNMT,1
694fb81eaedc69db48c76ef7,48/2024/TT-BTNMT,Nội dung công việc 1
694fb81eaedc69db48c76ef7,48/2024/TT-BTNMT,1
694fb81eaedc69db48c76ef7,48/2024/TT-BTNMT,Nội dung công việc 1
694fb81eaedc69db48c76ef7,48/2024/TT-BTNMT,1
694fb81eaedc69db48c76ef7,48/2024/TT-BTNMT,Nội dung công việc 1
694fb81eaedc69db48c76ef7,48/2024/TT-BTNMT,1
694fb81eaedc69db48c76ef7,48/2024/TT-BTNMT,Nội dung công việc 1
694fb81eaedc69db48c76ef7,48/2024/TT-BTNMT,1
694fb81eaedc69db48c76ef7,48/2024/TT-BTNMT,Nội dung công việc 1
694fb81eaedc69db48c76ef7,48/2024/TT-BTNMT,Nội dung công việc 1
694fb81eaedc69db48c76ef7,48/2024/TT-BTNMT,2
694fb81eaedc69db48c76ef7,48/2024/TT-BTNMT,Nội dung công việc 1
694fb81eaedc69db48c76ef7,48/2024/TT-BTNMT,2
694fb81eaedc69db48c76ef7,48/2024/TT-BTNMT,Nội dung công việc 1
694fb81eaedc69db48c76ef7,48/2024/TT-BTNMT,2
694fb81eaedc69db48c76ef7,48/2024/TT-BTNMT,Nội dung công việc 1
694fb81eaedc69db48c76ef7,48/2024/TT-BTNMT,2
694fb81eaedc69db48c76ef7,48/2024/TT-BTNMT,Nội dung công việc 1
694fb81eaedc69db48c76ef7,48/2024/TT-BTNMT,2
694fb81eaedc69db48c76ef7,48/2024/TT-BTNMT,Nội dung công việc 1
694fb81eaedc69db48c76ef7,48/2024/TT-BTNMT,2
694fb81eaedc69db48c76ef7,48/2024/TT-BTNMT,Nội dung công việc 1
694fb81eaedc69db48c76ef7,48/2024/TT-BTNMT,2
694fb81eaedc69db48c76ef7,48/2024/TT-BTNMT,Nội dung công việc 1
694fb81eaedc69db48c76ef7,48/2024/TT-BTNMT,Nội dung công việc 1
694fb81eaedc69db48c76ef7,48/2024/TT-BTNMT,3
694fb81eaedc69db48c76ef7,48/2024/TT-BTNMT,Nội dung công việc 1
694fb81eaedc69db48c76ef7,48/2024/TT-BTNMT,3
694fb81eaedc69db48c76ef8,48/2024/TT-BTNMT,Nội dung công việc 1
694fb81eaedc69db48c76ef8,48/2024/TT-BTNMT,Nội dung công việc 1
694fb81eaedc69db48c76ef8,48/2024/TT-BTNMT,1
694fb81eaedc69db48c76ef8,48/2024/TT-BTNMT,Nội dung công việc 1
694fb81eaedc69db48c76ef8,48/2024/TT-BTNMT,1
694fb81eaedc69db48c76ef8,48/2024/TT-BTNMT,Nội dung công việc 1
694fb81eaedc69db48c76ef8,48/2024/TT-BTNMT,1
694fb81eaedc69db48c76ef8,48/2024/TT-BTNMT,Nội dung công việc 1
694fb81eaedc69db48c76ef8,48/2024/TT-BTNMT,Nội dung công việc 1
694fb81eaedc69db48c76ef8,48/2024/TT-BTNMT,2
694fb81eaedc69db48c76ef8,48/2024/TT-BTNMT,Nội dung công việc 1
694fb81eaedc69db48c76ef8,48/2024/TT-BTNMT,2
694fb81eaedc69db48c76ef8,48/2024/TT-BTNMT,Nội dung công việc 1
694fb81eaedc69db48c76ef8,48/2024/TT-BTNMT,2
694fb81eaedc69db48c76ef8,48/2024/TT-BTNMT,Nội dung công việc 1
694fb81eaedc69db48c76ef8,48/2024/TT-BTNMT,2
694fb81eaedc69db48c76ef8,48/2024/TT-BTNMT,Nội dung công việc 1
694fb81eaedc69db48c76ef8,48/2024/TT-BTNMT,2
694fb81eaedc69db48c76ef8,48/2024/TT-BTNMT,Nội dung công việc 1
694fb81eaedc69db48c76ef8,48/2024/TT-BTNMT,Nội dung công việc 1
694fb81eaedc69db48c76ef8,48/2024/TT-BTNMT,3
694fb81eaedc69db48c76ef8,48/2024/TT-BTNMT,Nội dung công việc 1
694fb81eaedc69db48c76ef8,48/2024/TT-BTNMT,3
694fb81eaedc69db48c76ef9,48/2024/TT-BTNMT,Nội dung công việc 1
694fb81eaedc69db48c76ef9,48/2024/TT-BTNMT,1
694fb81eaedc69db48c76ef9,48/2024/TT-BTNMT,1
694fb81eaedc69db48c76ef9,48/2024/TT-BTNMT,1
694fb81eaedc69db48c76ef9,48/2024/TT-BTNMT,1
694fb81eaedc69db48c76ef9,48/2024/TT-BTNMT,1
694fb81eaedc69db48c76ef9,48/2024/TT-BTNMT,1
694fb81eaedc69db48c76ef9,48/2024/TT-BTNMT,2
694fb81eaedc69db48c76ef9,48/2024/TT-BTNMT,1
694fb81eaedc69db48c76ef9,48/2024/TT-BTNMT,2
694fb81eaedc69db48c76ef9,48/2024/TT-BTNMT,1
694fb81eaedc69db48c76ef9,48/2024/TT-BTNMT,2
694fb81eaedc69db48c76ef9,48/2024/TT-BTNMT,1
694fb81eaedc69db48c76ef9,48/2024/TT-BTNMT,2
694fb81eaedc69db48c76ef9,48/2024/TT-BTNMT,1
694fb81eaedc69db48c76ef9,48/2024/TT-BTNMT,2
694fb81eaedc69db48c76ef9,48/2024/TT-BTNMT,1
694fb81eaedc69db48c76ef9,48/2024/TT-BTNMT,1
694fb81eaedc69db48c76ef9,48/2024/TT-BTNMT,3
694fb81eaedc69db48c76ef9,48/2024/TT-BTNMT,1
694fb81eaedc69db48c76ef9,48/2024/TT-BTNMT,3
694fb81eaedc69db48c76efa,48/2024/TT-BTNMT,Nội dung công việc thu thập bản đồ chuyên đề nếu có
694fb81eaedc69db48c76efb,48/2024/TT-BTNMT,Có thực hiện vận chuyển tài liệu thu thập đến địa điểm thực hiện số hóa
694fb81eaedc69db48c76efb,48/2024/TT-BTNMT,4 trở lên
694fb81eaedc69db48c76efb,48/2024/TT-BTNMT,Chất lượng hình ảnh số phải sắc nét và rõ ràng
694fb81eaedc69db48c76efb,48/2024/TT-BTNMT,Hình ảnh phải được quét vuông góc
694fb81eaedc69db48c76efb,48/2024/TT-BTNMT,Hình ảnh không được cong vênh
694fb81eaedc69db48c76efb,48/2024/TT-BTNMT,"Đối với các tài liệu dạng số mà không liên kết với các đối tượng không gian thì tạo danh mục tra cứu dữ liệu phi cấu trúc trong cơ sở dữ liệu thống kê, kiểm kê đất đai"
694fb81eaedc69db48c76efb,48/2024/TT-BTNMT,"Có thực hiện vận chuyển tài liệu cho đơn vị quản lý hồ sơ, tài liệu"
694fb81eaedc69db48c76efb,48/2024/TT-BTNMT,"Có bàn giao tài liệu cho đơn vị quản lý hồ sơ, tài liệu"
694fb81eaedc69db48c76efc,48/2024/TT-BTNMT,Nội dung công việc 1
694fb81eaedc69db48c76efc,48/2024/TT-BTNMT,Nội dung công việc 1
694fb81eaedc69db48c76efc,48/2024/TT-BTNMT,1
694fb81eaedc69db48c76efc,48/2024/TT-BTNMT,Nội dung công việc 1
694fb81eaedc69db48c76efc,48/2024/TT-BTNMT,1
694fb81eaedc69db48c76efc,48/2024/TT-BTNMT,Nội dung công việc 1
694fb81eaedc69db48c76efc,48/2024/TT-BTNMT,1
694fb81eaedc69db48c76efc,48/2024/TT-BTNMT,Nội dung công việc 1
694fb81eaedc69db48c76efc,48/2024/TT-BTNMT,1
694fb81eaedc69db48c76efc,48/2024/TT-BTNMT,Nội dung công việc 1
694fb81eaedc69db48c76efc,48/2024/TT-BTNMT,Nội dung công việc 1
694fb81eaedc69db48c76efc,48/2024/TT-BTNMT,2
694fb81eaedc69db48c76efc,48/2024/TT-BTNMT,Nội dung công việc 1
694fb81eaedc69db48c76efc,48/2024/TT-BTNMT,2
694fb81eaedc69db48c76efc,48/2024/TT-BTNMT,Nội dung công việc 1
694fb81eaedc69db48c76efc,48/2024/TT-BTNMT,2
694fb81eaedc69db48c76efc,48/2024/TT-BTNMT,Nội dung công việc 1
694fb81eaedc69db48c76efc,48/2024/TT-BTNMT,2
694fb81eaedc69db48c76efc,48/2024/TT-BTNMT,Nội dung công việc 1
694fb81eaedc69db48c76efc,48/2024/TT-BTNMT,2
694fb81eaedc69db48c76efc,48/2024/TT-BTNMT,Nội dung công việc 1
694fb81eaedc69db48c76efc,48/2024/TT-BTNMT,Nội dung công việc 1
694fb81eaedc69db48c76efc,48/2024/TT-BTNMT,3
694fb81eaedc69db48c76efc,48/2024/TT-BTNMT,Nội dung công việc 1
694fb81eaedc69db48c76efc,48/2024/TT-BTNMT,3
694fb81eaedc69db48c76efc,48/2024/TT-BTNMT,Nội dung công việc 1
694fb81eaedc69db48c76efc,48/2024/TT-BTNMT,3
694fb81eaedc69db48c76efc,48/2024/TT-BTNMT,Nội dung công việc 1
694fb81eaedc69db48c76efc,48/2024/TT-BTNMT,3
694fb81eaedc69db48c76efd,48/2024/TT-BTNMT,Nội dung công việc 1
694fb81eaedc69db48c76efd,48/2024/TT-BTNMT,1
694fb81eaedc69db48c76efd,48/2024/TT-BTNMT,là công tác chuẩn bị
694fb81eaedc69db48c76efd,48/2024/TT-BTNMT,Nội dung công việc 1
694fb81eaedc69db48c76efd,48/2024/TT-BTNMT,2
694fb81eaedc69db48c76efd,48/2024/TT-BTNMT,Nội dung công việc 1
694fb81eaedc69db48c76efd,48/2024/TT-BTNMT,3
694fb81eaedc69db48c76efd,48/2024/TT-BTNMT,Nội dung công việc 1
694fb81eaedc69db48c76efd,48/2024/TT-BTNMT,6
694fb81eaedc69db48c76efd,48/2024/TT-BTNMT,2
694fb81eaedc69db48c76efe,48/2024/TT-BTNMT,Nội dung công việc 1
694fb81eaedc69db48c76efe,48/2024/TT-BTNMT,Nội dung công việc 1
694fb81eaedc69db48c76efe,48/2024/TT-BTNMT,1
694fb81eaedc69db48c76efe,48/2024/TT-BTNMT,Nội dung công việc 1
694fb81eaedc69db48c76efe,48/2024/TT-BTNMT,1
694fb81eaedc69db48c76efe,48/2024/TT-BTNMT,Nội dung công việc 1
694fb81eaedc69db48c76efe,48/2024/TT-BTNMT,1
694fb81eaedc69db48c76efe,48/2024/TT-BTNMT,Nội dung công việc 1
694fb81eaedc69db48c76efe,48/2024/TT-BTNMT,1
694fb81eaedc69db48c76efe,48/2024/TT-BTNMT,Nội dung công việc 1
694fb81eaedc69db48c76efe,48/2024/TT-BTNMT,1
694fb81eaedc69db48c76efe,48/2024/TT-BTNMT,Nội dung công việc 1
694fb81eaedc69db48c76efe,48/2024/TT-BTNMT,1
694fb81eaedc69db48c76efe,48/2024/TT-BTNMT,Nội dung công việc 1
694fb81eaedc69db48c76efe,48/2024/TT-BTNMT,1
694fb81eaedc69db48c76efe,48/2024/TT-BTNMT,Nội dung công việc 1
694fb81eaedc69db48c76efe,48/2024/TT-BTNMT,Nội dung công việc 1
694fb81eaedc69db48c76efe,48/2024/TT-BTNMT,2
694fb81eaedc69db48c76efe,48/2024/TT-BTNMT,Nội dung công việc 1
694fb81eaedc69db48c76efe,48/2024/TT-BTNMT,2
694fb81eaedc69db48c76efe,48/2024/TT-BTNMT,Nội dung công việc 1
694fb81eaedc69db48c76efe,48/2024/TT-BTNMT,2
694fb81eaedc69db48c76efe,48/2024/TT-BTNMT,Nội dung công việc 1
694fb81eaedc69db48c76efe,48/2024/TT-BTNMT,2
694fb81eaedc69db48c76efe,48/2024/TT-BTNMT,Nội dung công việc 1
694fb81eaedc69db48c76efe,48/2024/TT-BTNMT,2
694fb81eaedc69db48c76efe,48/2024/TT-BTNMT,Nội dung công việc 1
694fb81eaedc69db48c76efe,48/2024/TT-BTNMT,Nội dung công việc 1
694fb81eaedc69db48c76efe,48/2024/TT-BTNMT,3
694fb81eaedc69db48c76efe,48/2024/TT-BTNMT,Nội dung công việc 1
694fb81eaedc69db48c76efe,48/2024/TT-BTNMT,3
694fb81eaedc69db48c76eff,48/2024/TT-BTNMT,Nội dung công việc 1
694fb81eaedc69db48c76eff,48/2024/TT-BTNMT,Công tác chuẩn bị 1
694fb81eaedc69db48c76eff,48/2024/TT-BTNMT,1
694fb81eaedc69db48c76eff,48/2024/TT-BTNMT,Công tác chuẩn bị 1
694fb81eaedc69db48c76eff,48/2024/TT-BTNMT,1
694fb81eaedc69db48c76eff,48/2024/TT-BTNMT,Công tác chuẩn bị 1
694fb81eaedc69db48c76eff,48/2024/TT-BTNMT,1
694fb81eaedc69db48c76eff,48/2024/TT-BTNMT,Nội dung công việc 1
694fb81eaedc69db48c76eff,48/2024/TT-BTNMT,"Thu thập tài liệu, dữ liệu 1"
694fb81eaedc69db48c76eff,48/2024/TT-BTNMT,2
694fb81eaedc69db48c76eff,48/2024/TT-BTNMT,"Thu thập tài liệu, dữ liệu 1"
694fb81eaedc69db48c76eff,48/2024/TT-BTNMT,2
694fb81eaedc69db48c76eff,48/2024/TT-BTNMT,"Thu thập tài liệu, dữ liệu 1"
694fb81eaedc69db48c76eff,48/2024/TT-BTNMT,2
694fb81eaedc69db48c76eff,48/2024/TT-BTNMT,"Thu thập tài liệu, dữ liệu 1"
694fb81eaedc69db48c76eff,48/2024/TT-BTNMT,2
694fb81eaedc69db48c76eff,48/2024/TT-BTNMT,"Thu thập tài liệu, dữ liệu 1"
694fb81eaedc69db48c76eff,48/2024/TT-BTNMT,2
694fb81eaedc69db48c76eff,48/2024/TT-BTNMT,Nội dung công việc 1
694fb81eaedc69db48c76eff,48/2024/TT-BTNMT,3
694fb81eaedc69db48c76eff,48/2024/TT-BTNMT,3
694fb81eaedc69db48c76eff,48/2024/TT-BTNMT,Nội dung công việc 1
694fb81eaedc69db48c76f0e,50/2024/TT-BTNMT,Định mức 5
694fb81eaedc69db48c76f0e,50/2024/TT-BTNMT,Định mức 5
694fb81eaedc69db48c76f0e,50/2024/TT-BTNMT,Định mức 5
694fb81eaedc69db48c76f0e,50/2024/TT-BTNMT,Định mức 5
694fb81eaedc69db48c76f0e,50/2024/TT-BTNMT,Định mức 5
694fb81eaedc69db48c76f0e,50/2024/TT-BTNMT,Định mức lao động 5
694fb81eaedc69db48c76f0e,50/2024/TT-BTNMT,Định mức lao động 5
694fb81eaedc69db48c76f0f,50/2024/TT-BTNMT,Định mức 5
694fb81eaedc69db48c76f0f,50/2024/TT-BTNMT,Định mức 5
694fb81eaedc69db48c76f0f,50/2024/TT-BTNMT,Định mức 5
694fb81eaedc69db48c76f0f,50/2024/TT-BTNMT,Định mức 5
694fb81eaedc69db48c76f0f,50/2024/TT-BTNMT,Định mức 5
694fb81eaedc69db48c76f0f,50/2024/TT-BTNMT,Định mức lao động 5
694fb81eaedc69db48c76f0f,50/2024/TT-BTNMT,Định mức lao động 5
694fb81eaedc69db48c76f0f,50/2024/TT-BTNMT,Định mức lao động 5
694fb81eaedc69db48c76f0f,50/2024/TT-BTNMT,Thông tư liên tịch số 52/2015/TTLT-BTNMT-BNV do Bộ trưởng Bộ Tài nguyên và Môi trường và Bộ trưởng Bộ Nội vụ ban hành
694fb81eaedc69db48c76f10,50/2024/TT-BTNMT,Định mức 5
694fb81eaedc69db48c76f10,50/2024/TT-BTNMT,Định mức 5
694fb81eaedc69db48c76f10,50/2024/TT-BTNMT,Định mức lao động 5
694fb81eaedc69db48c76f10,50/2024/TT-BTNMT,2
694fb81eaedc69db48c76f10,50/2024/TT-BTNMT,Định mức lao động 5
694fb81eaedc69db48c76f10,50/2024/TT-BTNMT,2
694fb81eaedc69db48c76f10,50/2024/TT-BTNMT,000
694fb81eaedc69db48c76f10,50/2024/TT-BTNMT,000 ha
694fb81eaedc69db48c76f10,50/2024/TT-BTNMT,"Khi tính mức cho vùng cụ thể căn cứ vào diện tích điều tra, số đơn vị hành chính thực tế của vùng để tính theo công thức quy định"
694fb81eaedc69db48c76f10,50/2024/TT-BTNMT,"Mức điều tra, đánh giá chất lượng đất, tiềm năng đất đai của vùng được ký hiệu là my"
694fb81eaedc69db48c76f10,50/2024/TT-BTNMT,000
694fb81eaedc69db48c76f10,50/2024/TT-BTNMT,000 ha
694fb81eaedc69db48c76f10,50/2024/TT-BTNMT,"Mức điều tra, đánh giá thoái hoá đất của vùng trung bình ký hiệu là mvtb"
694fb81eaedc69db48c76f10,50/2024/TT-BTNMT,000
694fb81eaedc69db48c76f10,50/2024/TT-BTNMT,000 ha
694fb81eaedc69db48c76f10,50/2024/TT-BTNMT,"Mức điều tra, đánh giá ô nhiễm đất cho vùng trung bình ký hiệu là mvtb"
694fb81eaedc69db48c76f3e,29/2024/TT-BTNMT,"Bản đồ hiện trạng sử dụng đất phục vụ lập quy hoạch, kế hoạch sử dụng đất được thực hiện theo quy định"
694fb81eaedc69db48c76f3f,29/2024/TT-BTNMT,"Bản đồ hiện trạng sử dụng đất phục vụ lập, điều chỉnh quy hoạch, kế hoạch sử dụng đất được thực hiện theo quy định"
694fb81eaedc69db48c76f48,29/2024/TT-BTNMT,"Hồ sơ quy hoạch, kế hoạch sử dụng đất được giao nộp và lưu trữ"
694fb81eaedc69db48c76f49,29/2024/TT-BTNMT,"Hồ sơ quy hoạch, kế hoạch sử dụng đất được giao nộp và lưu trữ"
694fb81eaedc69db48c76f4e,29/2024/TT-BTNMT,"Tổng hợp các thông tin, tài liệu điều tra thu thập"
694fb81eaedc69db48c76f4f,29/2024/TT-BTNMT,"Tổng hợp các thông tin và tài liệu điều tra, thu thập"
694fb81eaedc69db48c76f4f,29/2024/TT-BTNMT,"Phân loại các thông tin và tài liệu điều tra, thu thập"
694fb81eaedc69db48c76f4f,29/2024/TT-BTNMT,"Đánh giá các thông tin và tài liệu điều tra, thu thập"
694fb81eaedc69db48c76f57,29/2024/TT-BTNMT,"Phân tích điều kiện tự nhiên, các nguồn tài nguyên và môi trường"
694fb81eaedc69db48c76f57,29/2024/TT-BTNMT,"Đánh giá điều kiện tự nhiên, các nguồn tài nguyên và môi trường"
694fb81eaedc69db48c76f57,29/2024/TT-BTNMT,Phân tích đặc điểm các nguồn tài nguyên đất
694fb81eaedc69db48c76f57,29/2024/TT-BTNMT,Phân tích đặc điểm các nguồn tài nguyên nước
694fb81eaedc69db48c76f57,29/2024/TT-BTNMT,Phân tích đặc điểm các nguồn tài nguyên rừng
694fb81eaedc69db48c76f57,29/2024/TT-BTNMT,Phân tích đặc điểm các nguồn tài nguyên biển
694fb81eaedc69db48c76f57,29/2024/TT-BTNMT,Phân tích đặc điểm các nguồn tài nguyên khoáng sản
694fb81eaedc69db48c76f59,29/2024/TT-BTNMT,Tác động của biến đổi khí hậu đến việc sử dụng đất gồm xâm nhập mặn
694fb81eaedc69db48c76f84,29/2024/TT-BTNMT,000
694fb81eaedc69db48c76f84,29/2024/TT-BTNMT,000
694fb81eaedc69db48c76f84,29/2024/TT-BTNMT,000
694fb81eaedc69db48c76f85,29/2024/TT-BTNMT,000
694fb81eaedc69db48c76f85,29/2024/TT-BTNMT,000
694fb81eaedc69db48c76f85,29/2024/TT-BTNMT,000
694fb81eaedc69db48c76f85,29/2024/TT-BTNMT,000
694fb81eaedc69db48c76f85,29/2024/TT-BTNMT,000
694fb81eaedc69db48c76f85,29/2024/TT-BTNMT,000
694fb81eaedc69db48c76f85,29/2024/TT-BTNMT,000
694fb81eaedc69db48c76f85,29/2024/TT-BTNMT,000
694fb81eaedc69db48c76f85,29/2024/TT-BTNMT,000
694fb81eaedc69db48c76f85,29/2024/TT-BTNMT,000
694fb81eaedc69db48c76f85,29/2024/TT-BTNMT,000
694fb81eaedc69db48c76f8c,29/2024/TT-BTNMT,"Tổng hợp các thông tin, tài liệu điều tra, thu thập"
694fb81eaedc69db48c76f8c,29/2024/TT-BTNMT,"Đánh giá các thông tin, tài liệu điều tra, thu thập"
694fb81eaedc69db48c76f8d,29/2024/TT-BTNMT,"Tổng hợp các thông tin, tài liệu điều tra, thu thập"
694fb81eaedc69db48c76f8d,29/2024/TT-BTNMT,"Phân loại các thông tin, tài liệu điều tra, thu thập"
694fb81eaedc69db48c76f8d,29/2024/TT-BTNMT,"Đánh giá các thông tin, tài liệu điều tra, thu thập"
694fb81eaedc69db48c76f8d,29/2024/TT-BTNMT,"Phân tích tính chính xác của các thông tin, tài liệu, số liệu, bản đồ"
694fb81eaedc69db48c76f8d,29/2024/TT-BTNMT,"Đánh giá tính chính xác của các thông tin, tài liệu, số liệu, bản đồ"
694fb81eaedc69db48c76f8d,29/2024/TT-BTNMT,"Phân tích tính khách quan của các thông tin, tài liệu, số liệu, bản đồ"
694fb81eaedc69db48c76f8d,29/2024/TT-BTNMT,"Đánh giá tính khách quan của các thông tin, tài liệu, số liệu, bản đồ"
694fb81eaedc69db48c76fa6,29/2024/TT-BTNMT,Nguồn lực thực hiện kế hoạch sử dụng đất được xác định
694fb81eaedc69db48c76fb0,29/2024/TT-BTNMT,"Tổng hợp các thông tin và tài liệu điều tra, thu thập"
694fb81eaedc69db48c76fb0,29/2024/TT-BTNMT,"Phân loại các thông tin và tài liệu điều tra, thu thập"
694fb81eaedc69db48c76fb0,29/2024/TT-BTNMT,"Đánh giá các thông tin và tài liệu điều tra, thu thập"
694fb81eaedc69db48c76fb9,29/2024/TT-BTNMT,"Phân tích điều kiện tự nhiên, các nguồn tài nguyên và môi trường"
694fb81eaedc69db48c76fb9,29/2024/TT-BTNMT,"Đánh giá điều kiện tự nhiên, các nguồn tài nguyên và môi trường"
694fb81eaedc69db48c76fba,29/2024/TT-BTNMT,"Phân tích điều kiện tự nhiên, các nguồn tài nguyên và môi trường"
694fb81eaedc69db48c76fba,29/2024/TT-BTNMT,"Đánh giá điều kiện tự nhiên, các nguồn tài nguyên và môi trường"
694fb81eaedc69db48c76fba,29/2024/TT-BTNMT,Phân tích hiện trạng môi trường
694fb81eaedc69db48c76fba,29/2024/TT-BTNMT,Phân tích hiện trạng không khí
694fb81eaedc69db48c76fba,29/2024/TT-BTNMT,Phân tích hiện trạng nước
694fb81eaedc69db48c76fba,29/2024/TT-BTNMT,Phân tích hiện trạng đất
694fb81eaedc69db48c76fba,29/2024/TT-BTNMT,Phân tích hiện trạng chất thải rắn
694fb81eaedc69db48c76ffd,29/2024/TT-BTNMT,"Tổng hợp các thông tin, tài liệu điều tra, thu thập"
694fb81eaedc69db48c76ffd,29/2024/TT-BTNMT,"Phân loại các thông tin, tài liệu điều tra, thu thập"
694fb81eaedc69db48c76ffd,29/2024/TT-BTNMT,"Đánh giá các thông tin, tài liệu điều tra, thu thập"
694fb81eaedc69db48c7701d,29/2024/TT-BTNMT,Nguồn lực thực hiện kế hoạch sử dụng đất được xác định đầy đủ
694fb81eaedc69db48c7702a,29/2024/TT-BTNMT,"Tổng hợp các thông tin, tài liệu điều tra, thu thập"
694fb81eaedc69db48c7702a,29/2024/TT-BTNMT,"Phân loại các thông tin, tài liệu điều tra, thu thập"
694fb81eaedc69db48c7702a,29/2024/TT-BTNMT,"Đánh giá các thông tin, tài liệu điều tra, thu thập"
694fb81eaedc69db48c7702b,29/2024/TT-BTNMT,"Tổng hợp các thông tin và tài liệu điều tra, thu thập"
694fb81eaedc69db48c7702b,29/2024/TT-BTNMT,"Phân loại các thông tin và tài liệu điều tra, thu thập"
694fb81eaedc69db48c7702b,29/2024/TT-BTNMT,"Đánh giá các thông tin và tài liệu điều tra, thu thập"
694fb81eaedc69db48c77034,29/2024/TT-BTNMT,"Phân tích điều kiện tự nhiên, tài nguyên và môi trường"
694fb81eaedc69db48c77034,29/2024/TT-BTNMT,"Đánh giá điều kiện tự nhiên, tài nguyên và môi trường"
694fb81eaedc69db48c77034,29/2024/TT-BTNMT,Phân tích hiện trạng môi trường
694fb81eaedc69db48c77034,29/2024/TT-BTNMT,Phân tích hiện trạng không khí
694fb81eaedc69db48c77034,29/2024/TT-BTNMT,Phân tích hiện trạng nước
694fb81eaedc69db48c77034,29/2024/TT-BTNMT,Phân tích hiện trạng đất
694fb81eaedc69db48c77034,29/2024/TT-BTNMT,Phân tích hiện trạng chất thải rắn
694fb81eaedc69db48c77035,29/2024/TT-BTNMT,Tác động của biến đổi khí hậu đến việc sử dụng đất gồm xâm nhập mặn
694fb81eaedc69db48c77035,29/2024/TT-BTNMT,Tác động của biến đổi khí hậu đến việc sử dụng đất gồm hoang mạc hóa
694fb81eaedc69db48c77073,29/2024/TT-BTNMT,Trường hợp không có bản đồ địa chính thì sử dụng bản đồ kế hoạch sử dụng đất năm đầu quy hoạch sử dụng đất cấp huyện trên nền bản đồ hiện trạng sử dụng đất cấp xã
694fb81eaedc69db48c7707a,29/2024/TT-BTNMT,"Tổng hợp các thông tin, tài liệu điều tra, thu thập"
694fb81eaedc69db48c7707a,29/2024/TT-BTNMT,"Phân loại các thông tin, tài liệu điều tra, thu thập"
694fb81eaedc69db48c7707a,29/2024/TT-BTNMT,"Đánh giá các thông tin, tài liệu điều tra, thu thập"
694fb81eaedc69db48c7707b,29/2024/TT-BTNMT,"Tổng hợp các thông tin, tài liệu điều tra và thu thập"
694fb81eaedc69db48c7707b,29/2024/TT-BTNMT,"Phân loại các thông tin, tài liệu điều tra và thu thập"
694fb81eaedc69db48c7707b,29/2024/TT-BTNMT,"Đánh giá các thông tin, tài liệu điều tra và thu thập"
694fb81eaedc69db48c7708b,29/2024/TT-BTNMT,Việc xác định các chỉ tiêu sử dụng đất theo loại đất đã được xác định trong năm kế hoạch trước được thực hiện
694fb81eaedc69db48c770a3,29/2024/TT-BTNMT,"Tổng hợp các thông tin, tài liệu điều tra, thu thập"
694fb81eaedc69db48c770a3,29/2024/TT-BTNMT,"Phân loại các thông tin, tài liệu điều tra, thu thập"
694fb81eaedc69db48c770a3,29/2024/TT-BTNMT,"Đánh giá các thông tin, tài liệu điều tra, thu thập"
694fb81eaedc69db48c770b0,29/2024/TT-BTNMT,"Phân tích điều kiện tự nhiên, các nguồn tài nguyên và môi trường"
694fb81eaedc69db48c770b0,29/2024/TT-BTNMT,"Đánh giá điều kiện tự nhiên, các nguồn tài nguyên và môi trường"
694fb81eaedc69db48c770b0,29/2024/TT-BTNMT,Phân tích đặc điểm điều kiện tự nhiên
694fb81eaedc69db48c770b0,29/2024/TT-BTNMT,Phân tích đặc điểm các nguồn tài nguyên
694fb81eaedc69db48c770b1,29/2024/TT-BTNMT,"Phân tích điều kiện tự nhiên, các nguồn tài nguyên và môi trường"
694fb81eaedc69db48c770b1,29/2024/TT-BTNMT,"Đánh giá điều kiện tự nhiên, các nguồn tài nguyên và môi trường"
694fb81eaedc69db48c770b1,29/2024/TT-BTNMT,Phân tích hiện trạng môi trường
694fb81eaedc69db48c770c9,29/2024/TT-BTNMT,"Dự báo xu thế biến động của việc sử dụng đất quốc phòng, đất an ninh được thực hiện"
694fb81eaedc69db48c770e9,29/2024/TT-BTNMT,Đối với lập kế hoạch sử dụng đất hằng năm cấp huyện được thực hiện như sau
694fb81eaedc69db48c77118,11/2024/TT-BNV,Nội dung thẩm định trình tự lập hồ sơ địa giới đơn vị hành chính là bắt buộc
694fb81eaedc69db48c7713c,56/2024/TT-BTC,Các đối tượng quy định tại khoản 1 điều 10 luật phí và lệ phí khai thác thông tin của mình được miễn phí
694fb81eaedc69db48c7713c,56/2024/TT-BTC,Các đối tượng quy định tại khoản 1 điều 10 luật phí và lệ phí khai thác thông tin người sử dụng đất khác khi được sự đồng ý của cơ quan quản lý cơ sở dữ liệu quốc gia về đất đai được miễn phí
694fb81eaedc69db48c77151,10/2024/TT-BTNMT,Thông tin về người được
694fb81eaedc69db48c77159,10/2024/TT-BTNMT,"Thông tin về thửa đất, đối tượng địa lý hình tuyến được cung cấp"
694fb81eaedc69db48c77159,10/2024/TT-BTNMT,Thông tin về ranh giới của thửa đất được xác định
694fb81eaedc69db48c77167,10/2024/TT-BTNMT,"Các thông tin quy định tại các tiểu mục a, d ví dụ tại khoản 1 điều này tiếp tục"
694fb81eaedc69db48c77167,10/2024/TT-BTNMT,Các thông tin quy định tại điều này tiếp tục
694fb81eaedc69db48c77167,10/2024/TT-BTNMT,Thông tin trong hồ sơ địa chính
694fb81eaedc69db48c7716c,10/2024/TT-BTNMT,Xác định các thông tin như sau
694fb81eaedc69db48c7716d,10/2024/TT-BTNMT,Cơ quan xác định tọa độ địa chính theo bản đồ địa chính mới có biến hình
694fb81eaedc69db48c7716d,10/2024/TT-BTNMT,"Trường hợp sử dụng đất ổn định lâu dài thì ghi: ""lâu dài"""
694fb81eaedc69db48c7716d,10/2024/TT-BTNMT,Trường hợp sử dụng đất có thời hạn thì ghi ngày tháng năm hết hạn sử dụng đất
694fb81eaedc69db48c7716d,10/2024/TT-BTNMT,"Trường hợp đăng ký đất lại mà chưa cấp giấy chứng nhận thì ghi: ""chưa xác định"""
694fb81eaedc69db48c7716d,10/2024/TT-BTNMT,"Trường hợp không có văn bản giao đất để quản lý hoặc văn bản giao đất để quản lý không xác định thời hạn thì ghi: ""chưa xác định"""
694fb81eaedc69db48c7716d,10/2024/TT-BTNMT,"Hình thức sử dụng đất chung được thể hiện: ""sử dụng chung"""
694fb81eaedc69db48c7716d,10/2024/TT-BTNMT,"Trường hợp thửa đất có nhà chung cư mà chỉ đầu tư để bán căn hộ đầu tiên thì giấy chứng nhận cấp cho chủ sở hữu căn hộ chung cư thể hiện: ""sử dụng chung"""
694fb81eaedc69db48c7716d,10/2024/TT-BTNMT,"Trường hợp được miễn nghĩa vụ tài chính thì thể hiện loại nghĩa vụ tài chính phải lập, số tiền phải nộp (nếu đã xác định), tiếp theo thể hiện ""được miễn nộp tiền theo"
694fb81eaedc69db48c7716d,10/2024/TT-BTNMT,"Trường hợp không phải thực hiện nghĩa vụ tài chính thì thể hiện: """
694fb81eaedc69db48c7716d,10/2024/TT-BTNMT,"(ghi loại nghĩa vụ tài chính) không phải nộp, theo"
694fb81eaedc69db48c7716d,10/2024/TT-BTNMT,"Trường hợp giảm nghĩa vụ tài chính thì thể hiện loại nghĩa vụ tài chính phải nộp, số tiền phải nộp, số tiền (hoặc mức tỷ lệ hoặc số năm) được giảm và căn cứ nộp lệ phí; (ghi tên văn bản số hiệu, ngày ký và cơ quan ký văn bản giảm nghĩa vụ tài chính) và số tiền đã nộp, ngày tháng năm nộp"
694fb81eaedc69db48c7716d,10/2024/TT-BTNMT,"(ghi ngày tháng năm), theo"
694fb81eaedc69db48c7716d,10/2024/TT-BTNMT,"(ghi tên, số biên lai và chữ), theo"
694fb81eaedc69db48c7716d,10/2024/TT-BTNMT,"Trường hợp đăng ký đất đai mà chưa đủ điều kiện cấp giấy chứng nhận hoặc không đủ điều kiện được cấp giấy chứng nhận thì thể hiện: ""chưa xác định"""
694fb81eaedc69db48c7716d,10/2024/TT-BTNMT,"Trường hợp đăng ký đổi với đất đai được nhà nước giao để quản lý thì thể hiện: ""không xác định"""
694fb81eaedc69db48c7716d,10/2024/TT-BTNMT,"Trường hợp thửa đất có hạn chế thì thể hiện: ""-/-"""
694fb81eaedc69db48c7716d,10/2024/TT-BTNMT,"Trường hợp hạn chế quyền sử dụng trên một phần thửa đất thì thực hiện thêm vị trí, ranh giới phần diện tích đất bị hạn chế trên bản sao địa chính, mảnh trích đo bản đồ địa chính, sơ đồ thửa đất"
694fb81eaedc69db48c7716d,10/2024/TT-BTNMT,"Trường hợp tài sản là căn hộ chung cư, căn hộ du lịch, căn hộ văn phòng kết hợp lưu trú, văn phòng làm việc, cơ sở thương mại, dịch vụ hoặc phần diện tích khác của hạng mục công trình trong nhà chung cư hoặc trong dự án đầu tư xây dựng công trình không phải là nhà ở (sau đây gọi chung là căn hộ) thì thể hiện: """
694fb81eaedc69db48c7716d,10/2024/TT-BTNMT,"(số tầng, số hiệu căn hộ)"""
694fb81eaedc69db48c7716d,10/2024/TT-BTNMT,"Đối với vợ chồng có chung tài sản thì thể hiện các thông tin: họ tên, ngày tháng năm sinh của vợ hoặc chồng; tiếp theo thể hiện: ""vợ chồng (hoặc vợ):"
694fb81eaedc69db48c7716d,10/2024/TT-BTNMT,"Trường hợp có thỏa thuận của vợ và chồng đồng ý ghi tên vợ hoặc tên chồng trên giấy chứng nhận thì thể hiện thêm thông tin về văn bản thỏa thuận;  Đối với tổ chức trong nước thì thể hiện tên của tổ chức theo quy định tại điểm c khoản 2 điều 12 của thông tư này và thông tin giấy tờ pháp nhân của tổ chức theo quy định tại các điểm c, d, e và g khoản 3 điều 12 của thông tư này"
694fb81eaedc69db48c7716d,10/2024/TT-BTNMT,Đối với cộng đồng dân cư thì thể hiện tên gọi của cộng đồng dân cư do cộng đồng dân cư xác định
694fb81eaedc69db48c77176,23/2025/TT-BNNMT,Danh sách do văn phòng đăng ký đất đai chuyển đến
694fb81eaedc69db48c77181,23/2025/TT-BNNMT,Việc ban hành bảng danh mục cấp xã được thực hiện theo quy định
694fb81eaedc69db48c77185,23/2025/TT-BNNMT,"Trường tên trường, ký hiệu trường, tiếng trường và tiếng anh thông tin được mô tả rõ"
694fb81eaedc69db48c77185,23/2025/TT-BNNMT,Mã đơn vị hành chính cấp xã madvhcxa do bảng danh mục và mã số các đơn vị hành chính Việt Nam quy định
694fb81eaedc69db48c77185,23/2025/TT-BNNMT,Đơn vị tính diện tích là héc-ta (ha)
694fb81eaedc69db48c77186,23/2025/TT-BNNMT,Mã đối tượng được khởi tạo tự động
694fb81eaedc69db48c77188,23/2025/TT-BNNMT,Mã đối tượng khuchucnangcap được khởi tạo tự động
694fb81eaedc69db48c7718d,23/2025/TT-BNNMT,"Trường hợp cơ quan có chức năng quản lý đất đai cấp tỉnh cấp giấy chứng nhận quyền sử dụng đất, quyền sở hữu tài sản gắn liền với đất lần đầu thì hai ký tự đầu tiên thể hiện: “t1”"
694fb81eaedc69db48c7718e,23/2025/TT-BNNMT,"Trường hợp văn phòng đăng ký đất đai cấp giấy chứng nhận quyền sử dụng đất, quyền sở hữu tài sản gắn liền với đất cho cá nhân thể hiện “t3”"
694fb81eaedc69db48c7718e,23/2025/TT-BNNMT,"Trường hợp văn phòng đăng ký đất đai cấp giấy chứng nhận quyền sử dụng đất, quyền sở hữu tài sản gắn liền với đất cho người gốc Việt Nam định cư ở nước ngoài thể hiện “t3”"
694fb81eaedc69db48c77190,23/2025/TT-BNNMT,"Trường hợp cơ quan có chức năng quản lý đất đai cấp tỉnh cấp giấy chứng nhận quyền sử dụng đất, quyền sở hữu tài sản gắn liền với đất lần đầu thì hai ký tự đầu tiên của mã thể hiện là: ""t1"""
694fb81eaedc69db48c771ef,46/2025/TT-BTC,3 điều 7 thông tư số 292/2016/TT-BTC
694fb81eaedc69db48c771ef,46/2025/TT-BTC,Điểm a khoản 2
694fb81eaedc69db48c771ef,46/2025/TT-BTC,Số lượng nhân viên là tại thời điểm thông báo
694fb81eaedc69db48c771f0,46/2025/TT-BTC,Tên điều được sửa đổi
694fb81eaedc69db48c77200,46/2025/TT-BTC,Sửa đổi tên điều
694fb81eaedc69db48c77204,46/2025/TT-BTC,"Trường hợp tổ chức bổ sung các lớp học ngoài kế hoạch hoặc thay đổi nội dung, chương trình của các lớp đã thông báo thì phải có văn bản thông báo bổ sung"
694fb81eaedc69db48c77294,04/2024/TT-BXD,Chuyên đề 11 tổng quan chung về thị trường bất động sản
694fb81eaedc69db48c772e0,04/2024/TT-BXD,Thông tư số 02/2016/TT-BXD do Bộ trưởng Bộ Xây dựng ban hành
694fb81eaedc69db48c7731f,05/2024/TT-BXD,Cá nhân đầu tư xây dựng nhà ở từ 02 tầng trở lên và có quy mô dưới 20 căn hộ phải đáp ứng các yêu cầu sau đây
694fb81eaedc69db48c77341,05/2024/TT-BXD,Chi phí quản lý của đơn vị tư vấn (c) được xác định bằng 25% của chi phí quản lý cho chuyên gia thực hiện các công việc (c)
694fb81eaedc69db48c77343,05/2024/TT-BXD,Thu nhập chịu thuế (tl) được xác định bằng 6% của tổng chi phí cho chuyên gia thực hiện các công việc (c)
694fb81eaedc69db48c77344,05/2024/TT-BXD,Các chi phí cấu thành chi phí xây dựng chương trình phát triển nhà ở (c) ct1 quy định tại khoản 2 điều này được xác định
694fb81eaedc69db48c775d9,09/2025/TT-BXD,"1, 2"
694fb81eaedc69db48c775d9,09/2025/TT-BXD,"2, 2"
694fb81eaedc69db48c775d9,09/2025/TT-BXD,"3, 2"
694fb81eaedc69db48c775d9,09/2025/TT-BXD,4 bảng số 01
694fb81eaedc69db48c775d9,09/2025/TT-BXD,"1, 2"
694fb81eaedc69db48c775d9,09/2025/TT-BXD,"2, 2"
694fb81eaedc69db48c775d9,09/2025/TT-BXD,"4, 2"
694fb81eaedc69db48c775d9,09/2025/TT-BXD,6 bảng số 02
694fb81eaedc69db48c775da,09/2025/TT-BXD,"1, 2"
694fb81eaedc69db48c775da,09/2025/TT-BXD,"2, 2"
694fb81eaedc69db48c775da,09/2025/TT-BXD,3 bảng số 01
694fb81eaedc69db48c775da,09/2025/TT-BXD,"1, 2"
694fb81eaedc69db48c775da,09/2025/TT-BXD,"2, 2"
694fb81eaedc69db48c775da,09/2025/TT-BXD,4 bảng số 02
694fb81eaedc69db48c775db,09/2025/TT-BXD,"1, 2"
694fb81eaedc69db48c775db,09/2025/TT-BXD,"2, 2"
694fb81eaedc69db48c775db,09/2025/TT-BXD,"3, 2"
694fb81eaedc69db48c775db,09/2025/TT-BXD,4 bảng số 01
694fb81eaedc69db48c775db,09/2025/TT-BXD,"1, 2"
694fb81eaedc69db48c775db,09/2025/TT-BXD,"2, 2"
694fb81eaedc69db48c775db,09/2025/TT-BXD,"4, 2"
694fb81eaedc69db48c775db,09/2025/TT-BXD,6 bảng số 02
694fb81eaedc69db48c775dc,09/2025/TT-BXD,10 bảng số 01
694fb81eaedc69db48c775e7,09/2025/TT-BXD,"Ủy ban nhân dân cấp xã bảo đảm thông tin, dữ liệu về số nhà kết nối, chia sẻ với cơ sở dữ liệu quốc gia về dân cư theo quy định"
